[18767][1784058691443][requester][info]["DesktopLocationService ~ init initialized"]
[18767][1784058691445][requester][info]["NavigationService ~ Initialized: Success"]
[18767][1784058691445][requester][info]["initializeNavigation~boot - Success"]
[18767][1784058691448][requester][info]["EventBus~initialize - Success"]
[18767][1784058691448][requester][info]["Messaging~boot - Success"]
[18767][1784058691454][requester][info]["bootCrashReporter~ Success"]
[18767][1784058691455][requester][info]["Telemetry~boot - Success"]
[18767][1784058691455][requester][info]["bootConfigurations~initialize - Success"]
[18767][1784058691461][requester][info]["Settings~boot - Success"]
[18767][1784058691461][requester][info]["Initialize-db~sanitizeInitialMigrationContext: Bailing out"]
[18767][1784058691469][requester][info]["Migrations: Starting migrations"]
[18767][1784058691469][requester][info]["Migrations: Walking migration","0000_initial"]
[18767][1784058691470][requester][info]["Migrations: Walking migration","0001_add_archived_resources_table"]
[18767][1784058691470][requester][info]["Migrations: Walking migration","0002_add_variable_sessions_table"]
[18767][1784058691470][requester][info]["Migrations: Walking migration","0003_add_editor_tables"]
[18767][1784058691470][requester][info]["Migrations: Walking migration","0004_migrate_ws_session_data"]
[18767][1784058691470][requester][info]["Migrations: Walking migration","0005_cleanup_request_response_and_history_body"]
[18767][1784058691470][requester][info]["Migrations: Walking migration","0006_add_dbp_to_request_response_and_history"]
[18767][1784058691470][requester][info]["Migrations: Walking migration","0007_add_sync_client_buckets_by_order_id_table"]
[18767][1784058691470][requester][info]["Migrations: Walking migration","0008_migrate_to_sync_client_buckets_by_order_id"]
[18767][1784058691470][requester][info]["Migrations: Walking migration","0009_remove_sync_client_buckets_table"]
[18767][1784058691470][requester][info]["Migrations: Walking migration","0010_add_history_owner"]
[18767][1784058691470][requester][info]["Migrations: Walking migration","0011_add_history_response_table"]
[18767][1784058691470][requester][info]["Migrations: Walking migration","0012_add_user_data_table"]
[18767][1784058691470][requester][info]["Migrations: Walking migration","0013_sanitize_request_response_and_history_methods"]
[18767][1784058691470][requester][info]["Migrations: Walking migration","0014_sanitize_response_requestobject_rawmodedata"]
[18767][1784058691470][requester][info]["Migrations: Walking migration","0015_add_favorited_collections_table"]
[18767][1784058691470][requester][info]["Migrations: Walking migration","0016_add_permission_table"]
[18767][1784058691470][requester][info]["Migrations: Walking migration","0017_add_user_preferences_table"]
[18767][1784058691470][requester][info]["Migrations: Walking migration","0018_index_header_presets"]
[18767][1784058691470][requester][info]["Migrations: Walking migration","0019_migrate_favorite_collections_data"]
[18767][1784058691470][requester][info]["Migrations: Walking migration","0020_migrate_sync_client_revision"]
[18767][1784058691470][requester][info]["Migrations: Walking migration","0021_clear_permissions"]
[18767][1784058691470][requester][info]["Migrations: Walking migration","0022_add_workspace_header_presets"]
[18767][1784058691470][requester][info]["Migrations: Walking migration","0023_remove_collection_permissions_and_shared"]
[18767][1784058691470][requester][info]["Migrations: Walking migration","0024_add_console_timelines_table"]
[18767][1784058691471][requester][info]["Migrations: Walking migration","0025_add_console_events_table"]
[18767][1784058691471][requester][info]["Migrations: Walking migration","0026_index_console_events"]
[18767][1784058691471][requester][info]["Migrations: Walking migration","0027_add_console_blob_table"]
[18767][1784058691471][requester][info]["Migrations: Walking migration","0028_add_runner_data_table"]
[18767][1784058691471][requester][info]["Migrations: Walking migration","0029_add_api_schema_table"]
[18767][1784058691471][requester][info]["Migrations: Walking migration","0030_migrate_collection_runs"]
[18767][1784058691471][requester][info]["Migrations: Walking migration","0031_add_api_relation_table"]
[18767][1784058691471][requester][info]["Migrations: Walking migration","0032_index_workspacesession_editor"]
[18767][1784058691471][requester][info]["Migrations: Walking migration","0033_add_editor_data_cache_table"]
[18767][1784058691471][requester][info]["Migrations: Walking migration","0034_migrate_editor_data"]
[18767][1784058691471][requester][info]["Migrations: Walking migration","0035_remove_editors_table"]
[18767][1784058691471][requester][info]["Migrations: Walking migration","0036_add_auth_sessions_table"]
[18767][1784058691471][requester][info]["Migrations: Walking migration","0037_add_list_cache_table"]
[18767][1784058691471][requester][info]["Migrations: Walking migration","0038_add_cookies_table"]
[18767][1784058691471][requester][info]["Migrations: Walking migration","0039_add_runtime_preferences_table"]
[18767][1784058691471][requester][info]["Migrations: Walking migration","0040_index_cookies_table"]
[18767][1784058691471][requester][info]["Migrations: Walking migration","0041_update_collections_folder_request_response_with_owner_and_uid"]
[18767][1784058691471][requester][info]["Migrations: Walking migration","0042_migrate_runtime_user_preferences"]
[18767][1784058691471][requester][info]["Migrations: Walking migration","0043_cleanup_launchpad_bootcamp"]
[18767][1784058691471][requester][info]["Migrations: Walking migration","0044_migrate_tab_resource"]
[18767][1784058691471][requester][info]["Migrations: Walking migration","0045_add_runtime_entity_settings_table"]
[18767][1784058691471][requester][info]["Migrations: Walking migration","0046_migrate_responses_order"]
[18767][1784058691471][requester][info]["Migrations: Walking migration","0047_update_api_relation_v2_table_indexes"]
[18767][1784058691471][requester][info]["Migrations: Walking migration","0048_add_session_cookie_table"]
[18767][1784058691471][requester][info]["Migrations: Walking migration","0049_migrate_data_from_file_to_https"]
[18767][1784058691471][requester][info]["Migrations: Walking migration","0050_add_usage_table"]
[18767][1784058691471][requester][info]["Migrations: Walking migration","0051_add_collection_usage_table"]
[18767][1784058691471][requester][info]["Migrations: Walking migration","0052_add_ecitem_history_table"]
[18767][1784058691471][requester][info]["Migrations: Walking migration","0053_add_timestamp_runner_blob"]
[18767][1784058691471][requester][info]["Migrations: Walking migration","0054_encrypt_values_of_variable_sessions_table"]
[18767][1784058691472][requester][info]["Migrations: Walking migration","0055_encrypt_buffers_of_editor_models_table"]
[18767][1784058691472][requester][info]["Migrations: Walking migration","0056_add_local_runner_tables"]
[18767][1784058691472][requester][info]["Migrations: Starting migration","0000_initial"]
[18767][1784058691472][requester][info]["Migrations: Setting context before starting migration","0000_initial",{"0000_initial":"started"}]
[18767][1784058691472][requester][info]["Migrations: Applying migration","0000_initial"]
[18767][1784058691472][requester][info]["Migrations: Upgrading IndexedDB to version","0000_initial",1]
[18767][1784058691473][requester][info]["Migrations: Adding pending commit to queue","0000_initial"]
[18767][1784058691473][requester][info]["Migrations: Starting migration","0001_add_archived_resources_table"]
[18767][1784058691473][requester][info]["Migrations: Setting context before starting migration","0001_add_archived_resources_table",{"0000_initial":"started","0001_add_archived_resources_table":"started"}]
[18767][1784058691473][requester][info]["Migrations: Applying migration","0001_add_archived_resources_table"]
[18767][1784058691473][requester][info]["Migrations: Upgrading IndexedDB to version","0001_add_archived_resources_table",2]
[18767][1784058691473][requester][info]["Migrations: Adding pending commit to queue","0001_add_archived_resources_table"]
[18767][1784058691473][requester][info]["Migrations: Starting migration","0002_add_variable_sessions_table"]
[18767][1784058691473][requester][info]["Migrations: Setting context before starting migration","0002_add_variable_sessions_table",{"0000_initial":"started","0001_add_archived_resources_table":"started","0002_add_variable_sessions_table":"started"}]
[18767][1784058691473][requester][info]["Migrations: Applying migration","0002_add_variable_sessions_table"]
[18767][1784058691473][requester][info]["Migrations: Upgrading IndexedDB to version","0002_add_variable_sessions_table",3]
[18767][1784058691474][requester][info]["Migrations: Adding pending commit to queue","0002_add_variable_sessions_table"]
[18767][1784058691474][requester][info]["Migrations: Starting migration","0003_add_editor_tables"]
[18767][1784058691474][requester][info]["Migrations: Setting context before starting migration","0003_add_editor_tables",{"0000_initial":"started","0001_add_archived_resources_table":"started","0002_add_variable_sessions_table":"started","0003_add_editor_tables":"started"}]
[18767][1784058691474][requester][info]["Migrations: Applying migration","0003_add_editor_tables"]
[18767][1784058691474][requester][info]["Migrations: Upgrading IndexedDB to version","0003_add_editor_tables",4]
[18767][1784058691474][requester][info]["Migrations: Adding pending commit to queue","0003_add_editor_tables"]
[18767][1784058691474][requester][info]["Migrations: Starting migration","0004_migrate_ws_session_data"]
[18767][1784058691474][requester][info]["Migrations: Flushing pending migrations for","0004_migrate_ws_session_data"]
[18767][1784058691474][requester][info]["Migrations: Flushing pending commit for type","IndexeddbSchemaMigration"]
[18767][1784058691474][requester][info]["Migrations: Committing IndexedDB upgrade"]
[18767][1784058691480][requester][info]["Migrations: Updating status in migration context",{"0000_initial":"started","0001_add_archived_resources_table":"started","0002_add_variable_sessions_table":"started","0003_add_editor_tables":"started"}]
[18767][1784058691480][requester][info]["Migrations: Updated status in migration context",{"0000_initial":"finished","0001_add_archived_resources_table":"finished","0002_add_variable_sessions_table":"finished","0003_add_editor_tables":"finished"}]
[18767][1784058691480][requester][info]["Migrations: Setting context before starting migration","0004_migrate_ws_session_data",{"0000_initial":"finished","0001_add_archived_resources_table":"finished","0002_add_variable_sessions_table":"finished","0003_add_editor_tables":"finished","0004_migrate_ws_session_data":"started"}]
[18767][1784058691480][requester][info]["Migrations: Applying migration","0004_migrate_ws_session_data"]
[18767][1784058691480][requester][info]["Migrations: Processing IndexedDB data migration","0004_migrate_ws_session_data"]
[18767][1784058691482][requester][info]["Migration~Tabs: Starting migration"]
[18767][1784058691484][requester][info]["Migration~Tabs: Completed transformation"]
[18767][1784058691484][requester][info]["Migration~Tabs: Creating editors"]
[18767][1784058691484][requester][info]["Migration~Tabs: Creating editor models"]
[18767][1784058691485][requester][info]["Migrations: Saving migration context after completion","0004_migrate_ws_session_data",{"0000_initial":"finished","0001_add_archived_resources_table":"finished","0002_add_variable_sessions_table":"finished","0003_add_editor_tables":"finished","0004_migrate_ws_session_data":"started"}]
[18767][1784058691485][requester][info]["Migrations: Starting migration","0005_cleanup_request_response_and_history_body"]
[18767][1784058691485][requester][info]["Migrations: Flushing pending migrations for","0005_cleanup_request_response_and_history_body"]
[18767][1784058691485][requester][info]["Migrations: Updating status in migration context",{"0000_initial":"finished","0001_add_archived_resources_table":"finished","0002_add_variable_sessions_table":"finished","0003_add_editor_tables":"finished","0004_migrate_ws_session_data":"finished"}]
[18767][1784058691485][requester][info]["Migrations: Updated status in migration context",{"0000_initial":"finished","0001_add_archived_resources_table":"finished","0002_add_variable_sessions_table":"finished","0003_add_editor_tables":"finished","0004_migrate_ws_session_data":"finished"}]
[18767][1784058691485][requester][info]["Migrations: Setting context before starting migration","0005_cleanup_request_response_and_history_body",{"0000_initial":"finished","0001_add_archived_resources_table":"finished","0002_add_variable_sessions_table":"finished","0003_add_editor_tables":"finished","0004_migrate_ws_session_data":"finished","0005_cleanup_request_response_and_history_body":"started"}]
[18767][1784058691485][requester][info]["Migrations: Applying migration","0005_cleanup_request_response_and_history_body"]
[18767][1784058691485][requester][info]["Migrations: Processing IndexedDB data migration","0005_cleanup_request_response_and_history_body"]
[18767][1784058691487][requester][info]["Migrations: Saving migration context after completion","0005_cleanup_request_response_and_history_body",{"0000_initial":"finished","0001_add_archived_resources_table":"finished","0002_add_variable_sessions_table":"finished","0003_add_editor_tables":"finished","0004_migrate_ws_session_data":"finished","0005_cleanup_request_response_and_history_body":"started"}]
[18767][1784058691487][requester][info]["Migrations: Starting migration","0006_add_dbp_to_request_response_and_history"]
[18767][1784058691487][requester][info]["Migrations: Flushing pending migrations for","0006_add_dbp_to_request_response_and_history"]
[18767][1784058691487][requester][info]["Migrations: Updating status in migration context",{"0000_initial":"finished","0001_add_archived_resources_table":"finished","0002_add_variable_sessions_table":"finished","0003_add_editor_tables":"finished","0004_migrate_ws_session_data":"finished","0005_cleanup_request_response_and_history_body":"finished"}]
[18767][1784058691487][requester][info]["Migrations: Updated status in migration context",{"0000_initial":"finished","0001_add_archived_resources_table":"finished","0002_add_variable_sessions_table":"finished","0003_add_editor_tables":"finished","0004_migrate_ws_session_data":"finished","0005_cleanup_request_response_and_history_body":"finished"}]
[18767][1784058691487][requester][info]["Migrations: Setting context before starting migration","0006_add_dbp_to_request_response_and_history",{"0000_initial":"finished","0001_add_archived_resources_table":"finished","0002_add_variable_sessions_table":"finished","0003_add_editor_tables":"finished","0004_migrate_ws_session_data":"finished","0005_cleanup_request_response_and_history_body":"finished","0006_add_dbp_to_request_response_and_history":"started"}]
[18767][1784058691487][requester][info]["Migrations: Applying migration","0006_add_dbp_to_request_response_and_history"]
[18767][1784058691487][requester][info]["Migrations: Processing IndexedDB data migration","0006_add_dbp_to_request_response_and_history"]
[18767][1784058691488][requester][info]["Migrations: Saving migration context after completion","0006_add_dbp_to_request_response_and_history",{"0000_initial":"finished","0001_add_archived_resources_table":"finished","0002_add_variable_sessions_table":"finished","0003_add_editor_tables":"finished","0004_migrate_ws_session_data":"finished","0005_cleanup_request_response_and_history_body":"finished","0006_add_dbp_to_request_response_and_history":"started"}]
[18767][1784058691489][requester][info]["Migrations: Starting migration","0007_add_sync_client_buckets_by_order_id_table"]
[18767][1784058691489][requester][info]["Migrations: Setting context before starting migration","0007_add_sync_client_buckets_by_order_id_table",{"0000_initial":"finished","0001_add_archived_resources_table":"finished","0002_add_variable_sessions_table":"finished","0003_add_editor_tables":"finished","0004_migrate_ws_session_data":"finished","0005_cleanup_request_response_and_history_body":"finished","0006_add_dbp_to_request_response_and_history":"finished","0007_add_sync_client_buckets_by_order_id_table":"started"}]
[18767][1784058691489][requester][info]["Migrations: Applying migration","0007_add_sync_client_buckets_by_order_id_table"]
[18767][1784058691489][requester][info]["Migrations: Upgrading IndexedDB to version","0007_add_sync_client_buckets_by_order_id_table",5]
[18767][1784058691489][requester][info]["Migrations: Adding pending commit to queue","0007_add_sync_client_buckets_by_order_id_table"]
[18767][1784058691489][requester][info]["Migrations: Starting migration","0008_migrate_to_sync_client_buckets_by_order_id"]
[18767][1784058691489][requester][info]["Migrations: Flushing pending migrations for","0008_migrate_to_sync_client_buckets_by_order_id"]
[18767][1784058691489][requester][info]["Migrations: Flushing pending commit for type","IndexeddbSchemaMigration"]
[18767][1784058691489][requester][info]["Migrations: Committing IndexedDB upgrade"]
[18767][1784058691492][requester][info]["Migrations: Updating status in migration context",{"0000_initial":"finished","0001_add_archived_resources_table":"finished","0002_add_variable_sessions_table":"finished","0003_add_editor_tables":"finished","0004_migrate_ws_session_data":"finished","0005_cleanup_request_response_and_history_body":"finished","0006_add_dbp_to_request_response_and_history":"finished","0007_add_sync_client_buckets_by_order_id_table":"started"}]
[18767][1784058691492][requester][info]["Migrations: Updated status in migration context",{"0000_initial":"finished","0001_add_archived_resources_table":"finished","0002_add_variable_sessions_table":"finished","0003_add_editor_tables":"finished","0004_migrate_ws_session_data":"finished","0005_cleanup_request_response_and_history_body":"finished","0006_add_dbp_to_request_response_and_history":"finished","0007_add_sync_client_buckets_by_order_id_table":"finished"}]
[18767][1784058691492][requester][info]["Migrations: Setting context before starting migration","0008_migrate_to_sync_client_buckets_by_order_id",{"0000_initial":"finished","0001_add_archived_resources_table":"finished","0002_add_variable_sessions_table":"finished","0003_add_editor_tables":"finished","0004_migrate_ws_session_data":"finished","0005_cleanup_request_response_and_history_body":"finished","0006_add_dbp_to_request_response_and_history":"finished","0007_add_sync_client_buckets_by_order_id_table":"finished","0008_migrate_to_sync_client_buckets_by_order_id":"started"}]
[18767][1784058691492][requester][info]["Migrations: Applying migration","0008_migrate_to_sync_client_buckets_by_order_id"]
[18767][1784058691492][requester][info]["Migrations: Processing IndexedDB data migration","0008_migrate_to_sync_client_buckets_by_order_id"]
[18767][1784058691493][requester][info]["Migrations: Saving migration context after completion","0008_migrate_to_sync_client_buckets_by_order_id",{"0000_initial":"finished","0001_add_archived_resources_table":"finished","0002_add_variable_sessions_table":"finished","0003_add_editor_tables":"finished","0004_migrate_ws_session_data":"finished","0005_cleanup_request_response_and_history_body":"finished","0006_add_dbp_to_request_response_and_history":"finished","0007_add_sync_client_buckets_by_order_id_table":"finished","0008_migrate_to_sync_client_buckets_by_order_id":"started"}]
[18767][1784058691493][requester][info]["Migrations: Starting migration","0009_remove_sync_client_buckets_table"]
[18767][1784058691493][requester][info]["Migrations: Setting context before starting migration","0009_remove_sync_client_buckets_table",{"0000_initial":"finished","0001_add_archived_resources_table":"finished","0002_add_variable_sessions_table":"finished","0003_add_editor_tables":"finished","0004_migrate_ws_session_data":"finished","0005_cleanup_request_response_and_history_body":"finished","0006_add_dbp_to_request_response_and_history":"finished","0007_add_sync_client_buckets_by_order_id_table":"finished","0008_migrate_to_sync_client_buckets_by_order_id":"finished","0009_remove_sync_client_buckets_table":"started"}]
[18767][1784058691493][requester][info]["Migrations: Applying migration","0009_remove_sync_client_buckets_table"]
[18767][1784058691493][requester][info]["Migrations: Upgrading IndexedDB to version","0009_remove_sync_client_buckets_table",6]
[18767][1784058691494][requester][info]["Migrations: Adding pending commit to queue","0009_remove_sync_client_buckets_table"]
[18767][1784058691494][requester][info]["Migrations: Starting migration","0010_add_history_owner"]
[18767][1784058691494][requester][info]["Migrations: Flushing pending migrations for","0010_add_history_owner"]
[18767][1784058691494][requester][info]["Migrations: Flushing pending commit for type","IndexeddbSchemaMigration"]
[18767][1784058691494][requester][info]["Migrations: Committing IndexedDB upgrade"]
[18767][1784058691496][requester][info]["Migrations: Updating status in migration context",{"0000_initial":"finished","0001_add_archived_resources_table":"finished","0002_add_variable_sessions_table":"finished","0003_add_editor_tables":"finished","0004_migrate_ws_session_data":"finished","0005_cleanup_request_response_and_history_body":"finished","0006_add_dbp_to_request_response_and_history":"finished","0007_add_sync_client_buckets_by_order_id_table":"finished","0008_migrate_to_sync_client_buckets_by_order_id":"finished","0009_remove_sync_client_buckets_table":"started"}]
[18767][1784058691496][requester][info]["Migrations: Updated status in migration context",{"0000_initial":"finished","0001_add_archived_resources_table":"finished","0002_add_variable_sessions_table":"finished","0003_add_editor_tables":"finished","0004_migrate_ws_session_data":"finished","0005_cleanup_request_response_and_history_body":"finished","0006_add_dbp_to_request_response_and_history":"finished","0007_add_sync_client_buckets_by_order_id_table":"finished","0008_migrate_to_sync_client_buckets_by_order_id":"finished","0009_remove_sync_client_buckets_table":"finished"}]
[18767][1784058691496][requester][info]["Migrations: Setting context before starting migration","0010_add_history_owner",{"0000_initial":"finished","0001_add_archived_resources_table":"finished","0002_add_variable_sessions_table":"finished","0003_add_editor_tables":"finished","0004_migrate_ws_session_data":"finished","0005_cleanup_request_response_and_history_body":"finished","0006_add_dbp_to_request_response_and_history":"finished","0007_add_sync_client_buckets_by_order_id_table":"finished","0008_migrate_to_sync_client_buckets_by_order_id":"finished","0009_remove_sync_client_buckets_table":"finished","0010_add_history_owner":"started"}]
[18767][1784058691496][requester][info]["Migrations: Applying migration","0010_add_history_owner"]
[18767][1784058691496][requester][info]["Migrations: Processing IndexedDB data migration","0010_add_history_owner"]
[18767][1784058691498][requester][info]["Migrations: Saving migration context after completion","0010_add_history_owner",{"0000_initial":"finished","0001_add_archived_resources_table":"finished","0002_add_variable_sessions_table":"finished","0003_add_editor_tables":"finished","0004_migrate_ws_session_data":"finished","0005_cleanup_request_response_and_history_body":"finished","0006_add_dbp_to_request_response_and_history":"finished","0007_add_sync_client_buckets_by_order_id_table":"finished","0008_migrate_to_sync_client_buckets_by_order_id":"finished","0009_remove_sync_client_buckets_table":"finished","0010_add_history_owner":"started"}]
[18767][1784058691498][requester][info]["Migrations: Starting migration","0011_add_history_response_table"]
[18767][1784058691498][requester][info]["Migrations: Setting context before starting migration","0011_add_history_response_table",{"0000_initial":"finished","0001_add_archived_resources_table":"finished","0002_add_variable_sessions_table":"finished","0003_add_editor_tables":"finished","0004_migrate_ws_session_data":"finished","0005_cleanup_request_response_and_history_body":"finished","0006_add_dbp_to_request_response_and_history":"finished","0007_add_sync_client_buckets_by_order_id_table":"finished","0008_migrate_to_sync_client_buckets_by_order_id":"finished","0009_remove_sync_client_buckets_table":"finished","0010_add_history_owner":"finished","0011_add_history_response_table":"started"}]
[18767][1784058691498][requester][info]["Migrations: Applying migration","0011_add_history_response_table"]
[18767][1784058691498][requester][info]["Migrations: Upgrading IndexedDB to version","0011_add_history_response_table",7]
[18767][1784058691498][requester][info]["Migrations: Adding pending commit to queue","0011_add_history_response_table"]
[18767][1784058691498][requester][info]["Migrations: Starting migration","0012_add_user_data_table"]
[18767][1784058691498][requester][info]["Migrations: Setting context before starting migration","0012_add_user_data_table",{"0000_initial":"finished","0001_add_archived_resources_table":"finished","0002_add_variable_sessions_table":"finished","0003_add_editor_tables":"finished","0004_migrate_ws_session_data":"finished","0005_cleanup_request_response_and_history_body":"finished","0006_add_dbp_to_request_response_and_history":"finished","0007_add_sync_client_buckets_by_order_id_table":"finished","0008_migrate_to_sync_client_buckets_by_order_id":"finished","0009_remove_sync_client_buckets_table":"finished","0010_add_history_owner":"finished","0011_add_history_response_table":"started","0012_add_user_data_table":"started"}]
[18767][1784058691499][requester][info]["Migrations: Applying migration","0012_add_user_data_table"]
[18767][1784058691499][requester][info]["Migrations: Upgrading IndexedDB to version","0012_add_user_data_table",8]
[18767][1784058691499][requester][info]["Migrations: Adding pending commit to queue","0012_add_user_data_table"]
[18767][1784058691499][requester][info]["Migrations: Starting migration","0013_sanitize_request_response_and_history_methods"]
[18767][1784058691499][requester][info]["Migrations: Flushing pending migrations for","0013_sanitize_request_response_and_history_methods"]
[18767][1784058691499][requester][info]["Migrations: Flushing pending commit for type","IndexeddbSchemaMigration"]
[18767][1784058691499][requester][info]["Migrations: Committing IndexedDB upgrade"]
[18767][1784058691502][requester][info]["Migrations: Updating status in migration context",{"0000_initial":"finished","0001_add_archived_resources_table":"finished","0002_add_variable_sessions_table":"finished","0003_add_editor_tables":"finished","0004_migrate_ws_session_data":"finished","0005_cleanup_request_response_and_history_body":"finished","0006_add_dbp_to_request_response_and_history":"finished","0007_add_sync_client_buckets_by_order_id_table":"finished","0008_migrate_to_sync_client_buckets_by_order_id":"finished","0009_remove_sync_client_buckets_table":"finished","0010_add_history_owner":"finished","0011_add_history_response_table":"started","0012_add_user_data_table":"started"}]
[18767][1784058691502][requester][info]["Migrations: Updated status in migration context",{"0000_initial":"finished","0001_add_archived_resources_table":"finished","0002_add_variable_sessions_table":"finished","0003_add_editor_tables":"finished","0004_migrate_ws_session_data":"finished","0005_cleanup_request_response_and_history_body":"finished","0006_add_dbp_to_request_response_and_history":"finished","0007_add_sync_client_buckets_by_order_id_table":"finished","0008_migrate_to_sync_client_buckets_by_order_id":"finished","0009_remove_sync_client_buckets_table":"finished","0010_add_history_owner":"finished","0011_add_history_response_table":"finished","0012_add_user_data_table":"finished"}]
[18767][1784058691502][requester][info]["Migrations: Setting context before starting migration","0013_sanitize_request_response_and_history_methods",{"0000_initial":"finished","0001_add_archived_resources_table":"finished","0002_add_variable_sessions_table":"finished","0003_add_editor_tables":"finished","0004_migrate_ws_session_data":"finished","0005_cleanup_request_response_and_history_body":"finished","0006_add_dbp_to_request_response_and_history":"finished","0007_add_sync_client_buckets_by_order_id_table":"finished","0008_migrate_to_sync_client_buckets_by_order_id":"finished","0009_remove_sync_client_buckets_table":"finished","0010_add_history_owner":"finished","0011_add_history_response_table":"finished","0012_add_user_data_table":"finished","0013_sanitize_request_response_and_history_methods":"started"}]
[18767][1784058691502][requester][info]["Migrations: Applying migration","0013_sanitize_request_response_and_history_methods"]
[18767][1784058691502][requester][info]["Migrations: Processing IndexedDB data migration","0013_sanitize_request_response_and_history_methods"]
[18767][1784058691503][requester][info]["Migrations: Saving migration context after completion","0013_sanitize_request_response_and_history_methods",{"0000_initial":"finished","0001_add_archived_resources_table":"finished","0002_add_variable_sessions_table":"finished","0003_add_editor_tables":"finished","0004_migrate_ws_session_data":"finished","0005_cleanup_request_response_and_history_body":"finished","0006_add_dbp_to_request_response_and_history":"finished","0007_add_sync_client_buckets_by_order_id_table":"finished","0008_migrate_to_sync_client_buckets_by_order_id":"finished","0009_remove_sync_client_buckets_table":"finished","0010_add_history_owner":"finished","0011_add_history_response_table":"finished","0012_add_user_data_table":"finished","0013_sanitize_request_response_and_history_methods":"started"}]
[18767][1784058691504][requester][info]["Migrations: Starting migration","0014_sanitize_response_requestobject_rawmodedata"]
[18767][1784058691504][requester][info]["Migrations: Flushing pending migrations for","0014_sanitize_response_requestobject_rawmodedata"]
[18767][1784058691504][requester][info]["Migrations: Updating status in migration context",{"0000_initial":"finished","0001_add_archived_resources_table":"finished","0002_add_variable_sessions_table":"finished","0003_add_editor_tables":"finished","0004_migrate_ws_session_data":"finished","0005_cleanup_request_response_and_history_body":"finished","0006_add_dbp_to_request_response_and_history":"finished","0007_add_sync_client_buckets_by_order_id_table":"finished","0008_migrate_to_sync_client_buckets_by_order_id":"finished","0009_remove_sync_client_buckets_table":"finished","0010_add_history_owner":"finished","0011_add_history_response_table":"finished","0012_add_user_data_table":"finished","0013_sanitize_request_response_and_history_methods":"finished"}]
[18767][1784058691504][requester][info]["Migrations: Updated status in migration context",{"0000_initial":"finished","0001_add_archived_resources_table":"finished","0002_add_variable_sessions_table":"finished","0003_add_editor_tables":"finished","0004_migrate_ws_session_data":"finished","0005_cleanup_request_response_and_history_body":"finished","0006_add_dbp_to_request_response_and_history":"finished","0007_add_sync_client_buckets_by_order_id_table":"finished","0008_migrate_to_sync_client_buckets_by_order_id":"finished","0009_remove_sync_client_buckets_table":"finished","0010_add_history_owner":"finished","0011_add_history_response_table":"finished","0012_add_user_data_table":"finished","0013_sanitize_request_response_and_history_methods":"finished"}]
[18767][1784058691504][requester][info]["Migrations: Setting context before starting migration","0014_sanitize_response_requestobject_rawmodedata",{"0000_initial":"finished","0001_add_archived_resources_table":"finished","0002_add_variable_sessions_table":"finished","0003_add_editor_tables":"finished","0004_migrate_ws_session_data":"finished","0005_cleanup_request_response_and_history_body":"finished","0006_add_dbp_to_request_response_and_history":"finished","0007_add_sync_client_buckets_by_order_id_table":"finished","0008_migrate_to_sync_client_buckets_by_order_id":"finished","0009_remove_sync_client_buckets_table":"finished","0010_add_history_owner":"finished","0011_add_history_response_table":"finished","0012_add_user_data_table":"finished","0013_sanitize_request_response_and_history_methods":"finished","0014_sanitize_response_requestobject_rawmodedata":"started"}]
[18767][1784058691504][requester][info]["Migrations: Applying migration","0014_sanitize_response_requestobject_rawmodedata"]
[18767][1784058691504][requester][info]["Migrations: Processing IndexedDB data migration","0014_sanitize_response_requestobject_rawmodedata"]
[18767][1784058691505][requester][info]["Migrations: Saving migration context after completion","0014_sanitize_response_requestobject_rawmodedata",{"0000_initial":"finished","0001_add_archived_resources_table":"finished","0002_add_variable_sessions_table":"finished","0003_add_editor_tables":"finished","0004_migrate_ws_session_data":"finished","0005_cleanup_request_response_and_history_body":"finished","0006_add_dbp_to_request_response_and_history":"finished","0007_add_sync_client_buckets_by_order_id_table":"finished","0008_migrate_to_sync_client_buckets_by_order_id":"finished","0009_remove_sync_client_buckets_table":"finished","0010_add_history_owner":"finished","0011_add_history_response_table":"finished","0012_add_user_data_table":"finished","0013_sanitize_request_response_and_history_methods":"finished","0014_sanitize_response_requestobject_rawmodedata":"started"}]
[18767][1784058691505][requester][info]["Migrations: Starting migration","0015_add_favorited_collections_table"]
[18767][1784058691505][requester][info]["Migrations: Setting context before starting migration","0015_add_favorited_collections_table",{"0000_initial":"finished","0001_add_archived_resources_table":"finished","0002_add_variable_sessions_table":"finished","0003_add_editor_tables":"finished","0004_migrate_ws_session_data":"finished","0005_cleanup_request_response_and_history_body":"finished","0006_add_dbp_to_request_response_and_history":"finished","0007_add_sync_client_buckets_by_order_id_table":"finished","0008_migrate_to_sync_client_buckets_by_order_id":"finished","0009_remove_sync_client_buckets_table":"finished","0010_add_history_owner":"finished","0011_add_history_response_table":"finished","0012_add_user_data_table":"finished","0013_sanitize_request_response_and_history_methods":"finished","0014_sanitize_response_requestobject_rawmodedata":"finished","0015_add_favorited_collections_table":"started"}]
[18767][1784058691505][requester][info]["Migrations: Applying migration","0015_add_favorited_collections_table"]
[18767][1784058691505][requester][info]["Migrations: Upgrading IndexedDB to version","0015_add_favorited_collections_table",9]
[18767][1784058691506][requester][info]["Migrations: Adding pending commit to queue","0015_add_favorited_collections_table"]
[18767][1784058691506][requester][info]["Migrations: Starting migration","0016_add_permission_table"]
[18767][1784058691506][requester][info]["Migrations: Setting context before starting migration","0016_add_permission_table",{"0000_initial":"finished","0001_add_archived_resources_table":"finished","0002_add_variable_sessions_table":"finished","0003_add_editor_tables":"finished","0004_migrate_ws_session_data":"finished","0005_cleanup_request_response_and_history_body":"finished","0006_add_dbp_to_request_response_and_history":"finished","0007_add_sync_client_buckets_by_order_id_table":"finished","0008_migrate_to_sync_client_buckets_by_order_id":"finished","0009_remove_sync_client_buckets_table":"finished","0010_add_history_owner":"finished","0011_add_history_response_table":"finished","0012_add_user_data_table":"finished","0013_sanitize_request_response_and_history_methods":"finished","0014_sanitize_response_requestobject_rawmodedata":"finished","0015_add_favorited_collections_table":"started","0016_add_permission_table":"started"}]
[18767][1784058691506][requester][info]["Migrations: Applying migration","0016_add_permission_table"]
[18767][1784058691506][requester][info]["Migrations: Upgrading IndexedDB to version","0016_add_permission_table",10]
[18767][1784058691506][requester][info]["Migrations: Adding pending commit to queue","0016_add_permission_table"]
[18767][1784058691506][requester][info]["Migrations: Starting migration","0017_add_user_preferences_table"]
[18767][1784058691506][requester][info]["Migrations: Setting context before starting migration","0017_add_user_preferences_table",{"0000_initial":"finished","0001_add_archived_resources_table":"finished","0002_add_variable_sessions_table":"finished","0003_add_editor_tables":"finished","0004_migrate_ws_session_data":"finished","0005_cleanup_request_response_and_history_body":"finished","0006_add_dbp_to_request_response_and_history":"finished","0007_add_sync_client_buckets_by_order_id_table":"finished","0008_migrate_to_sync_client_buckets_by_order_id":"finished","0009_remove_sync_client_buckets_table":"finished","0010_add_history_owner":"finished","0011_add_history_response_table":"finished","0012_add_user_data_table":"finished","0013_sanitize_request_response_and_history_methods":"finished","0014_sanitize_response_requestobject_rawmodedata":"finished","0015_add_favorited_collections_table":"started","0016_add_permission_table":"started","0017_add_user_preferences_table":"started"}]
[18767][1784058691506][requester][info]["Migrations: Applying migration","0017_add_user_preferences_table"]
[18767][1784058691506][requester][info]["Migrations: Upgrading IndexedDB to version","0017_add_user_preferences_table",11]
[18767][1784058691507][requester][info]["Migrations: Adding pending commit to queue","0017_add_user_preferences_table"]
[18767][1784058691507][requester][info]["Migrations: Starting migration","0018_index_header_presets"]
[18767][1784058691507][requester][info]["Migrations: Setting context before starting migration","0018_index_header_presets",{"0000_initial":"finished","0001_add_archived_resources_table":"finished","0002_add_variable_sessions_table":"finished","0003_add_editor_tables":"finished","0004_migrate_ws_session_data":"finished","0005_cleanup_request_response_and_history_body":"finished","0006_add_dbp_to_request_response_and_history":"finished","0007_add_sync_client_buckets_by_order_id_table":"finished","0008_migrate_to_sync_client_buckets_by_order_id":"finished","0009_remove_sync_client_buckets_table":"finished","0010_add_history_owner":"finished","0011_add_history_response_table":"finished","0012_add_user_data_table":"finished","0013_sanitize_request_response_and_history_methods":"finished","0014_sanitize_response_requestobject_rawmodedata":"finished","0015_add_favorited_collections_table":"started","0016_add_permission_table":"started","0017_add_user_preferences_table":"started","0018_index_header_presets":"started"}]
[18767][1784058691507][requester][info]["Migrations: Applying migration","0018_index_header_presets"]
[18767][1784058691507][requester][info]["Migrations: Upgrading IndexedDB to version","0018_index_header_presets",12]
[18767][1784058691507][requester][info]["Migrations: Adding pending commit to queue","0018_index_header_presets"]
[18767][1784058691507][requester][info]["Migrations: Starting migration","0019_migrate_favorite_collections_data"]
[18767][1784058691507][requester][info]["Migrations: Flushing pending migrations for","0019_migrate_favorite_collections_data"]
[18767][1784058691507][requester][info]["Migrations: Flushing pending commit for type","IndexeddbSchemaMigration"]
[18767][1784058691507][requester][info]["Migrations: Committing IndexedDB upgrade"]
[18767][1784058691510][requester][info]["Migrations: Updating status in migration context",{"0000_initial":"finished","0001_add_archived_resources_table":"finished","0002_add_variable_sessions_table":"finished","0003_add_editor_tables":"finished","0004_migrate_ws_session_data":"finished","0005_cleanup_request_response_and_history_body":"finished","0006_add_dbp_to_request_response_and_history":"finished","0007_add_sync_client_buckets_by_order_id_table":"finished","0008_migrate_to_sync_client_buckets_by_order_id":"finished","0009_remove_sync_client_buckets_table":"finished","0010_add_history_owner":"finished","0011_add_history_response_table":"finished","0012_add_user_data_table":"finished","0013_sanitize_request_response_and_history_methods":"finished","0014_sanitize_response_requestobject_rawmodedata":"finished","0015_add_favorited_collections_table":"started","0016_add_permission_table":"started","0017_add_user_preferences_table":"started","0018_index_header_presets":"started"}]
[18767][1784058691510][requester][info]["Migrations: Updated status in migration context",{"0000_initial":"finished","0001_add_archived_resources_table":"finished","0002_add_variable_sessions_table":"finished","0003_add_editor_tables":"finished","0004_migrate_ws_session_data":"finished","0005_cleanup_request_response_and_history_body":"finished","0006_add_dbp_to_request_response_and_history":"finished","0007_add_sync_client_buckets_by_order_id_table":"finished","0008_migrate_to_sync_client_buckets_by_order_id":"finished","0009_remove_sync_client_buckets_table":"finished","0010_add_history_owner":"finished","0011_add_history_response_table":"finished","0012_add_user_data_table":"finished","0013_sanitize_request_response_and_history_methods":"finished","0014_sanitize_response_requestobject_rawmodedata":"finished","0015_add_favorited_collections_table":"finished","0016_add_permission_table":"finished","0017_add_user_preferences_table":"finished","0018_index_header_presets":"finished"}]
[18767][1784058691510][requester][info]["Migrations: Setting context before starting migration","0019_migrate_favorite_collections_data",{"0000_initial":"finished","0001_add_archived_resources_table":"finished","0002_add_variable_sessions_table":"finished","0003_add_editor_tables":"finished","0004_migrate_ws_session_data":"finished","0005_cleanup_request_response_and_history_body":"finished","0006_add_dbp_to_request_response_and_history":"finished","0007_add_sync_client_buckets_by_order_id_table":"finished","0008_migrate_to_sync_client_buckets_by_order_id":"finished","0009_remove_sync_client_buckets_table":"finished","0010_add_history_owner":"finished","0011_add_history_response_table":"finished","0012_add_user_data_table":"finished","0013_sanitize_request_response_and_history_methods":"finished","0014_sanitize_response_requestobject_rawmodedata":"finished","0015_add_favorited_collections_table":"finished","0016_add_permission_table":"finished","0017_add_user_preferences_table":"finished","0018_index_header_presets":"finished","0019_migrate_favorite_collections_data":"started"}]
[18767][1784058691510][requester][info]["Migrations: Applying migration","0019_migrate_favorite_collections_data"]
[18767][1784058691511][requester][info]["Migrations: Processing IndexedDB data migration","0019_migrate_favorite_collections_data"]
[18767][1784058691511][requester][info]["Migration~FavoriteCollections: Starting migration"]
[18767][1784058691512][requester][info]["Migrations: Saving migration context after completion","0019_migrate_favorite_collections_data",{"0000_initial":"finished","0001_add_archived_resources_table":"finished","0002_add_variable_sessions_table":"finished","0003_add_editor_tables":"finished","0004_migrate_ws_session_data":"finished","0005_cleanup_request_response_and_history_body":"finished","0006_add_dbp_to_request_response_and_history":"finished","0007_add_sync_client_buckets_by_order_id_table":"finished","0008_migrate_to_sync_client_buckets_by_order_id":"finished","0009_remove_sync_client_buckets_table":"finished","0010_add_history_owner":"finished","0011_add_history_response_table":"finished","0012_add_user_data_table":"finished","0013_sanitize_request_response_and_history_methods":"finished","0014_sanitize_response_requestobject_rawmodedata":"finished","0015_add_favorited_collections_table":"finished","0016_add_permission_table":"finished","0017_add_user_preferences_table":"finished","0018_index_header_presets":"finished","0019_migrate_favorite_collections_data":"started"}]
[18767][1784058691512][requester][info]["Migrations: Starting migration","0020_migrate_sync_client_revision"]
[18767][1784058691512][requester][info]["Migrations: Flushing pending migrations for","0020_migrate_sync_client_revision"]
[18767][1784058691512][requester][info]["Migrations: Updating status in migration context",{"0000_initial":"finished","0001_add_archived_resources_table":"finished","0002_add_variable_sessions_table":"finished","0003_add_editor_tables":"finished","0004_migrate_ws_session_data":"finished","0005_cleanup_request_response_and_history_body":"finished","0006_add_dbp_to_request_response_and_history":"finished","0007_add_sync_client_buckets_by_order_id_table":"finished","0008_migrate_to_sync_client_buckets_by_order_id":"finished","0009_remove_sync_client_buckets_table":"finished","0010_add_history_owner":"finished","0011_add_history_response_table":"finished","0012_add_user_data_table":"finished","0013_sanitize_request_response_and_history_methods":"finished","0014_sanitize_response_requestobject_rawmodedata":"finished","0015_add_favorited_collections_table":"finished","0016_add_permission_table":"finished","0017_add_user_preferences_table":"finished","0018_index_header_presets":"finished","0019_migrate_favorite_collections_data":"finished"}]
[18767][1784058691512][requester][info]["Migrations: Updated status in migration context",{"0000_initial":"finished","0001_add_archived_resources_table":"finished","0002_add_variable_sessions_table":"finished","0003_add_editor_tables":"finished","0004_migrate_ws_session_data":"finished","0005_cleanup_request_response_and_history_body":"finished","0006_add_dbp_to_request_response_and_history":"finished","0007_add_sync_client_buckets_by_order_id_table":"finished","0008_migrate_to_sync_client_buckets_by_order_id":"finished","0009_remove_sync_client_buckets_table":"finished","0010_add_history_owner":"finished","0011_add_history_response_table":"finished","0012_add_user_data_table":"finished","0013_sanitize_request_response_and_history_methods":"finished","0014_sanitize_response_requestobject_rawmodedata":"finished","0015_add_favorited_collections_table":"finished","0016_add_permission_table":"finished","0017_add_user_preferences_table":"finished","0018_index_header_presets":"finished","0019_migrate_favorite_collections_data":"finished"}]
[18767][1784058691512][requester][info]["Migrations: Setting context before starting migration","0020_migrate_sync_client_revision",{"0000_initial":"finished","0001_add_archived_resources_table":"finished","0002_add_variable_sessions_table":"finished","0003_add_editor_tables":"finished","0004_migrate_ws_session_data":"finished","0005_cleanup_request_response_and_history_body":"finished","0006_add_dbp_to_request_response_and_history":"finished","0007_add_sync_client_buckets_by_order_id_table":"finished","0008_migrate_to_sync_client_buckets_by_order_id":"finished","0009_remove_sync_client_buckets_table":"finished","0010_add_history_owner":"finished","0011_add_history_response_table":"finished","0012_add_user_data_table":"finished","0013_sanitize_request_response_and_history_methods":"finished","0014_sanitize_response_requestobject_rawmodedata":"finished","0015_add_favorited_collections_table":"finished","0016_add_permission_table":"finished","0017_add_user_preferences_table":"finished","0018_index_header_presets":"finished","0019_migrate_favorite_collections_data":"finished","0020_migrate_sync_client_revision":"started"}]
[18767][1784058691512][requester][info]["Migrations: Applying migration","0020_migrate_sync_client_revision"]
[18767][1784058691512][requester][info]["Migrations: Processing IndexedDB data migration","0020_migrate_sync_client_revision"]
[18767][1784058691513][requester][info]["Migration~SyncClientRevision: Migrating revision id for timelines"]
[18767][1784058691513][requester][info]["Migrations: Saving migration context after completion","0020_migrate_sync_client_revision",{"0000_initial":"finished","0001_add_archived_resources_table":"finished","0002_add_variable_sessions_table":"finished","0003_add_editor_tables":"finished","0004_migrate_ws_session_data":"finished","0005_cleanup_request_response_and_history_body":"finished","0006_add_dbp_to_request_response_and_history":"finished","0007_add_sync_client_buckets_by_order_id_table":"finished","0008_migrate_to_sync_client_buckets_by_order_id":"finished","0009_remove_sync_client_buckets_table":"finished","0010_add_history_owner":"finished","0011_add_history_response_table":"finished","0012_add_user_data_table":"finished","0013_sanitize_request_response_and_history_methods":"finished","0014_sanitize_response_requestobject_rawmodedata":"finished","0015_add_favorited_collections_table":"finished","0016_add_permission_table":"finished","0017_add_user_preferences_table":"finished","0018_index_header_presets":"finished","0019_migrate_favorite_collections_data":"finished","0020_migrate_sync_client_revision":"started"}]
[18767][1784058691513][requester][info]["Migrations: Starting migration","0021_clear_permissions"]
[18767][1784058691513][requester][info]["Migrations: Flushing pending migrations for","0021_clear_permissions"]
[18767][1784058691513][requester][info]["Migrations: Updating status in migration context",{"0000_initial":"finished","0001_add_archived_resources_table":"finished","0002_add_variable_sessions_table":"finished","0003_add_editor_tables":"finished","0004_migrate_ws_session_data":"finished","0005_cleanup_request_response_and_history_body":"finished","0006_add_dbp_to_request_response_and_history":"finished","0007_add_sync_client_buckets_by_order_id_table":"finished","0008_migrate_to_sync_client_buckets_by_order_id":"finished","0009_remove_sync_client_buckets_table":"finished","0010_add_history_owner":"finished","0011_add_history_response_table":"finished","0012_add_user_data_table":"finished","0013_sanitize_request_response_and_history_methods":"finished","0014_sanitize_response_requestobject_rawmodedata":"finished","0015_add_favorited_collections_table":"finished","0016_add_permission_table":"finished","0017_add_user_preferences_table":"finished","0018_index_header_presets":"finished","0019_migrate_favorite_collections_data":"finished","0020_migrate_sync_client_revision":"finished"}]
[18767][1784058691513][requester][info]["Migrations: Updated status in migration context",{"0000_initial":"finished","0001_add_archived_resources_table":"finished","0002_add_variable_sessions_table":"finished","0003_add_editor_tables":"finished","0004_migrate_ws_session_data":"finished","0005_cleanup_request_response_and_history_body":"finished","0006_add_dbp_to_request_response_and_history":"finished","0007_add_sync_client_buckets_by_order_id_table":"finished","0008_migrate_to_sync_client_buckets_by_order_id":"finished","0009_remove_sync_client_buckets_table":"finished","0010_add_history_owner":"finished","0011_add_history_response_table":"finished","0012_add_user_data_table":"finished","0013_sanitize_request_response_and_history_methods":"finished","0014_sanitize_response_requestobject_rawmodedata":"finished","0015_add_favorited_collections_table":"finished","0016_add_permission_table":"finished","0017_add_user_preferences_table":"finished","0018_index_header_presets":"finished","0019_migrate_favorite_collections_data":"finished","0020_migrate_sync_client_revision":"finished"}]
[18767][1784058691513][requester][info]["Migrations: Setting context before starting migration","0021_clear_permissions",{"0000_initial":"finished","0001_add_archived_resources_table":"finished","0002_add_variable_sessions_table":"finished","0003_add_editor_tables":"finished","0004_migrate_ws_session_data":"finished","0005_cleanup_request_response_and_history_body":"finished","0006_add_dbp_to_request_response_and_history":"finished","0007_add_sync_client_buckets_by_order_id_table":"finished","0008_migrate_to_sync_client_buckets_by_order_id":"finished","0009_remove_sync_client_buckets_table":"finished","0010_add_history_owner":"finished","0011_add_history_response_table":"finished","0012_add_user_data_table":"finished","0013_sanitize_request_response_and_history_methods":"finished","0014_sanitize_response_requestobject_rawmodedata":"finished","0015_add_favorited_collections_table":"finished","0016_add_permission_table":"finished","0017_add_user_preferences_table":"finished","0018_index_header_presets":"finished","0019_migrate_favorite_collections_data":"finished","0020_migrate_sync_client_revision":"finished","0021_clear_permissions":"started"}]
[18767][1784058691513][requester][info]["Migrations: Applying migration","0021_clear_permissions"]
[18767][1784058691513][requester][info]["Migrations: Processing IndexedDB data migration","0021_clear_permissions"]
[18767][1784058691514][requester][info]["Migration~Permissions: Starting migration"]
[18767][1784058691514][requester][info]["Migrations: Saving migration context after completion","0021_clear_permissions",{"0000_initial":"finished","0001_add_archived_resources_table":"finished","0002_add_variable_sessions_table":"finished","0003_add_editor_tables":"finished","0004_migrate_ws_session_data":"finished","0005_cleanup_request_response_and_history_body":"finished","0006_add_dbp_to_request_response_and_history":"finished","0007_add_sync_client_buckets_by_order_id_table":"finished","0008_migrate_to_sync_client_buckets_by_order_id":"finished","0009_remove_sync_client_buckets_table":"finished","0010_add_history_owner":"finished","0011_add_history_response_table":"finished","0012_add_user_data_table":"finished","0013_sanitize_request_response_and_history_methods":"finished","0014_sanitize_response_requestobject_rawmodedata":"finished","0015_add_favorited_collections_table":"finished","0016_add_permission_table":"finished","0017_add_user_preferences_table":"finished","0018_index_header_presets":"finished","0019_migrate_favorite_collections_data":"finished","0020_migrate_sync_client_revision":"finished","0021_clear_permissions":"started"}]
[18767][1784058691514][requester][info]["Migrations: Starting migration","0022_add_workspace_header_presets"]
[18767][1784058691514][requester][info]["Migrations: Flushing pending migrations for","0022_add_workspace_header_presets"]
[18767][1784058691514][requester][info]["Migrations: Updating status in migration context",{"0000_initial":"finished","0001_add_archived_resources_table":"finished","0002_add_variable_sessions_table":"finished","0003_add_editor_tables":"finished","0004_migrate_ws_session_data":"finished","0005_cleanup_request_response_and_history_body":"finished","0006_add_dbp_to_request_response_and_history":"finished","0007_add_sync_client_buckets_by_order_id_table":"finished","0008_migrate_to_sync_client_buckets_by_order_id":"finished","0009_remove_sync_client_buckets_table":"finished","0010_add_history_owner":"finished","0011_add_history_response_table":"finished","0012_add_user_data_table":"finished","0013_sanitize_request_response_and_history_methods":"finished","0014_sanitize_response_requestobject_rawmodedata":"finished","0015_add_favorited_collections_table":"finished","0016_add_permission_table":"finished","0017_add_user_preferences_table":"finished","0018_index_header_presets":"finished","0019_migrate_favorite_collections_data":"finished","0020_migrate_sync_client_revision":"finished","0021_clear_permissions":"finished"}]
[18767][1784058691514][requester][info]["Migrations: Updated status in migration context",{"0000_initial":"finished","0001_add_archived_resources_table":"finished","0002_add_variable_sessions_table":"finished","0003_add_editor_tables":"finished","0004_migrate_ws_session_data":"finished","0005_cleanup_request_response_and_history_body":"finished","0006_add_dbp_to_request_response_and_history":"finished","0007_add_sync_client_buckets_by_order_id_table":"finished","0008_migrate_to_sync_client_buckets_by_order_id":"finished","0009_remove_sync_client_buckets_table":"finished","0010_add_history_owner":"finished","0011_add_history_response_table":"finished","0012_add_user_data_table":"finished","0013_sanitize_request_response_and_history_methods":"finished","0014_sanitize_response_requestobject_rawmodedata":"finished","0015_add_favorited_collections_table":"finished","0016_add_permission_table":"finished","0017_add_user_preferences_table":"finished","0018_index_header_presets":"finished","0019_migrate_favorite_collections_data":"finished","0020_migrate_sync_client_revision":"finished","0021_clear_permissions":"finished"}]
[18767][1784058691514][requester][info]["Migrations: Setting context before starting migration","0022_add_workspace_header_presets",{"0000_initial":"finished","0001_add_archived_resources_table":"finished","0002_add_variable_sessions_table":"finished","0003_add_editor_tables":"finished","0004_migrate_ws_session_data":"finished","0005_cleanup_request_response_and_history_body":"finished","0006_add_dbp_to_request_response_and_history":"finished","0007_add_sync_client_buckets_by_order_id_table":"finished","0008_migrate_to_sync_client_buckets_by_order_id":"finished","0009_remove_sync_client_buckets_table":"finished","0010_add_history_owner":"finished","0011_add_history_response_table":"finished","0012_add_user_data_table":"finished","0013_sanitize_request_response_and_history_methods":"finished","0014_sanitize_response_requestobject_rawmodedata":"finished","0015_add_favorited_collections_table":"finished","0016_add_permission_table":"finished","0017_add_user_preferences_table":"finished","0018_index_header_presets":"finished","0019_migrate_favorite_collections_data":"finished","0020_migrate_sync_client_revision":"finished","0021_clear_permissions":"finished","0022_add_workspace_header_presets":"started"}]
[18767][1784058691515][requester][info]["Migrations: Applying migration","0022_add_workspace_header_presets"]
[18767][1784058691515][requester][info]["Migrations: Processing IndexedDB data migration","0022_add_workspace_header_presets"]
[18767][1784058691515][requester][info]["Migration~HeaderPresets: Add workspace property in header presets"]
[18767][1784058691516][requester][info]["Migrations: Saving migration context after completion","0022_add_workspace_header_presets",{"0000_initial":"finished","0001_add_archived_resources_table":"finished","0002_add_variable_sessions_table":"finished","0003_add_editor_tables":"finished","0004_migrate_ws_session_data":"finished","0005_cleanup_request_response_and_history_body":"finished","0006_add_dbp_to_request_response_and_history":"finished","0007_add_sync_client_buckets_by_order_id_table":"finished","0008_migrate_to_sync_client_buckets_by_order_id":"finished","0009_remove_sync_client_buckets_table":"finished","0010_add_history_owner":"finished","0011_add_history_response_table":"finished","0012_add_user_data_table":"finished","0013_sanitize_request_response_and_history_methods":"finished","0014_sanitize_response_requestobject_rawmodedata":"finished","0015_add_favorited_collections_table":"finished","0016_add_permission_table":"finished","0017_add_user_preferences_table":"finished","0018_index_header_presets":"finished","0019_migrate_favorite_collections_data":"finished","0020_migrate_sync_client_revision":"finished","0021_clear_permissions":"finished","0022_add_workspace_header_presets":"started"}]
[18767][1784058691516][requester][info]["Migrations: Starting migration","0023_remove_collection_permissions_and_shared"]
[18767][1784058691516][requester][info]["Migrations: Flushing pending migrations for","0023_remove_collection_permissions_and_shared"]
[18767][1784058691516][requester][info]["Migrations: Updating status in migration context",{"0000_initial":"finished","0001_add_archived_resources_table":"finished","0002_add_variable_sessions_table":"finished","0003_add_editor_tables":"finished","0004_migrate_ws_session_data":"finished","0005_cleanup_request_response_and_history_body":"finished","0006_add_dbp_to_request_response_and_history":"finished","0007_add_sync_client_buckets_by_order_id_table":"finished","0008_migrate_to_sync_client_buckets_by_order_id":"finished","0009_remove_sync_client_buckets_table":"finished","0010_add_history_owner":"finished","0011_add_history_response_table":"finished","0012_add_user_data_table":"finished","0013_sanitize_request_response_and_history_methods":"finished","0014_sanitize_response_requestobject_rawmodedata":"finished","0015_add_favorited_collections_table":"finished","0016_add_permission_table":"finished","0017_add_user_preferences_table":"finished","0018_index_header_presets":"finished","0019_migrate_favorite_collections_data":"finished","0020_migrate_sync_client_revision":"finished","0021_clear_permissions":"finished","0022_add_workspace_header_presets":"finished"}]
[18767][1784058691516][requester][info]["Migrations: Updated status in migration context",{"0000_initial":"finished","0001_add_archived_resources_table":"finished","0002_add_variable_sessions_table":"finished","0003_add_editor_tables":"finished","0004_migrate_ws_session_data":"finished","0005_cleanup_request_response_and_history_body":"finished","0006_add_dbp_to_request_response_and_history":"finished","0007_add_sync_client_buckets_by_order_id_table":"finished","0008_migrate_to_sync_client_buckets_by_order_id":"finished","0009_remove_sync_client_buckets_table":"finished","0010_add_history_owner":"finished","0011_add_history_response_table":"finished","0012_add_user_data_table":"finished","0013_sanitize_request_response_and_history_methods":"finished","0014_sanitize_response_requestobject_rawmodedata":"finished","0015_add_favorited_collections_table":"finished","0016_add_permission_table":"finished","0017_add_user_preferences_table":"finished","0018_index_header_presets":"finished","0019_migrate_favorite_collections_data":"finished","0020_migrate_sync_client_revision":"finished","0021_clear_permissions":"finished","0022_add_workspace_header_presets":"finished"}]
[18767][1784058691516][requester][info]["Migrations: Setting context before starting migration","0023_remove_collection_permissions_and_shared",{"0000_initial":"finished","0001_add_archived_resources_table":"finished","0002_add_variable_sessions_table":"finished","0003_add_editor_tables":"finished","0004_migrate_ws_session_data":"finished","0005_cleanup_request_response_and_history_body":"finished","0006_add_dbp_to_request_response_and_history":"finished","0007_add_sync_client_buckets_by_order_id_table":"finished","0008_migrate_to_sync_client_buckets_by_order_id":"finished","0009_remove_sync_client_buckets_table":"finished","0010_add_history_owner":"finished","0011_add_history_response_table":"finished","0012_add_user_data_table":"finished","0013_sanitize_request_response_and_history_methods":"finished","0014_sanitize_response_requestobject_rawmodedata":"finished","0015_add_favorited_collections_table":"finished","0016_add_permission_table":"finished","0017_add_user_preferences_table":"finished","0018_index_header_presets":"finished","0019_migrate_favorite_collections_data":"finished","0020_migrate_sync_client_revision":"finished","0021_clear_permissions":"finished","0022_add_workspace_header_presets":"finished","0023_remove_collection_permissions_and_shared":"started"}]
[18767][1784058691516][requester][info]["Migrations: Applying migration","0023_remove_collection_permissions_and_shared"]
[18767][1784058691516][requester][info]["Migrations: Processing IndexedDB data migration","0023_remove_collection_permissions_and_shared"]
[18767][1784058691517][requester][info]["Migrations: Saving migration context after completion","0023_remove_collection_permissions_and_shared",{"0000_initial":"finished","0001_add_archived_resources_table":"finished","0002_add_variable_sessions_table":"finished","0003_add_editor_tables":"finished","0004_migrate_ws_session_data":"finished","0005_cleanup_request_response_and_history_body":"finished","0006_add_dbp_to_request_response_and_history":"finished","0007_add_sync_client_buckets_by_order_id_table":"finished","0008_migrate_to_sync_client_buckets_by_order_id":"finished","0009_remove_sync_client_buckets_table":"finished","0010_add_history_owner":"finished","0011_add_history_response_table":"finished","0012_add_user_data_table":"finished","0013_sanitize_request_response_and_history_methods":"finished","0014_sanitize_response_requestobject_rawmodedata":"finished","0015_add_favorited_collections_table":"finished","0016_add_permission_table":"finished","0017_add_user_preferences_table":"finished","0018_index_header_presets":"finished","0019_migrate_favorite_collections_data":"finished","0020_migrate_sync_client_revision":"finished","0021_clear_permissions":"finished","0022_add_workspace_header_presets":"finished","0023_remove_collection_permissions_and_shared":"started"}]
[18767][1784058691517][requester][info]["Migrations: Starting migration","0024_add_console_timelines_table"]
[18767][1784058691517][requester][info]["Migrations: Setting context before starting migration","0024_add_console_timelines_table",{"0000_initial":"finished","0001_add_archived_resources_table":"finished","0002_add_variable_sessions_table":"finished","0003_add_editor_tables":"finished","0004_migrate_ws_session_data":"finished","0005_cleanup_request_response_and_history_body":"finished","0006_add_dbp_to_request_response_and_history":"finished","0007_add_sync_client_buckets_by_order_id_table":"finished","0008_migrate_to_sync_client_buckets_by_order_id":"finished","0009_remove_sync_client_buckets_table":"finished","0010_add_history_owner":"finished","0011_add_history_response_table":"finished","0012_add_user_data_table":"finished","0013_sanitize_request_response_and_history_methods":"finished","0014_sanitize_response_requestobject_rawmodedata":"finished","0015_add_favorited_collections_table":"finished","0016_add_permission_table":"finished","0017_add_user_preferences_table":"finished","0018_index_header_presets":"finished","0019_migrate_favorite_collections_data":"finished","0020_migrate_sync_client_revision":"finished","0021_clear_permissions":"finished","0022_add_workspace_header_presets":"finished","0023_remove_collection_permissions_and_shared":"finished","0024_add_console_timelines_table":"started"}]
[18767][1784058691517][requester][info]["Migrations: Applying migration","0024_add_console_timelines_table"]
[18767][1784058691517][requester][info]["Migrations: Upgrading IndexedDB to version","0024_add_console_timelines_table",13]
[18767][1784058691518][requester][info]["Migrations: Adding pending commit to queue","0024_add_console_timelines_table"]
[18767][1784058691518][requester][info]["Migrations: Starting migration","0025_add_console_events_table"]
[18767][1784058691518][requester][info]["Migrations: Setting context before starting migration","0025_add_console_events_table",{"0000_initial":"finished","0001_add_archived_resources_table":"finished","0002_add_variable_sessions_table":"finished","0003_add_editor_tables":"finished","0004_migrate_ws_session_data":"finished","0005_cleanup_request_response_and_history_body":"finished","0006_add_dbp_to_request_response_and_history":"finished","0007_add_sync_client_buckets_by_order_id_table":"finished","0008_migrate_to_sync_client_buckets_by_order_id":"finished","0009_remove_sync_client_buckets_table":"finished","0010_add_history_owner":"finished","0011_add_history_response_table":"finished","0012_add_user_data_table":"finished","0013_sanitize_request_response_and_history_methods":"finished","0014_sanitize_response_requestobject_rawmodedata":"finished","0015_add_favorited_collections_table":"finished","0016_add_permission_table":"finished","0017_add_user_preferences_table":"finished","0018_index_header_presets":"finished","0019_migrate_favorite_collections_data":"finished","0020_migrate_sync_client_revision":"finished","0021_clear_permissions":"finished","0022_add_workspace_header_presets":"finished","0023_remove_collection_permissions_and_shared":"finished","0024_add_console_timelines_table":"started","0025_add_console_events_table":"started"}]
[18767][1784058691518][requester][info]["Migrations: Applying migration","0025_add_console_events_table"]
[18767][1784058691518][requester][info]["Migrations: Upgrading IndexedDB to version","0025_add_console_events_table",14]
[18767][1784058691518][requester][info]["Migrations: Adding pending commit to queue","0025_add_console_events_table"]
[18767][1784058691518][requester][info]["Migrations: Starting migration","0026_index_console_events"]
[18767][1784058691518][requester][info]["Migrations: Setting context before starting migration","0026_index_console_events",{"0000_initial":"finished","0001_add_archived_resources_table":"finished","0002_add_variable_sessions_table":"finished","0003_add_editor_tables":"finished","0004_migrate_ws_session_data":"finished","0005_cleanup_request_response_and_history_body":"finished","0006_add_dbp_to_request_response_and_history":"finished","0007_add_sync_client_buckets_by_order_id_table":"finished","0008_migrate_to_sync_client_buckets_by_order_id":"finished","0009_remove_sync_client_buckets_table":"finished","0010_add_history_owner":"finished","0011_add_history_response_table":"finished","0012_add_user_data_table":"finished","0013_sanitize_request_response_and_history_methods":"finished","0014_sanitize_response_requestobject_rawmodedata":"finished","0015_add_favorited_collections_table":"finished","0016_add_permission_table":"finished","0017_add_user_preferences_table":"finished","0018_index_header_presets":"finished","0019_migrate_favorite_collections_data":"finished","0020_migrate_sync_client_revision":"finished","0021_clear_permissions":"finished","0022_add_workspace_header_presets":"finished","0023_remove_collection_permissions_and_shared":"finished","0024_add_console_timelines_table":"started","0025_add_console_events_table":"started","0026_index_console_events":"started"}]
[18767][1784058691519][requester][info]["Migrations: Applying migration","0026_index_console_events"]
[18767][1784058691519][requester][info]["Migrations: Upgrading IndexedDB to version","0026_index_console_events",15]
[18767][1784058691519][requester][info]["Migrations: Adding pending commit to queue","0026_index_console_events"]
[18767][1784058691519][requester][info]["Migrations: Starting migration","0027_add_console_blob_table"]
[18767][1784058691519][requester][info]["Migrations: Setting context before starting migration","0027_add_console_blob_table",{"0000_initial":"finished","0001_add_archived_resources_table":"finished","0002_add_variable_sessions_table":"finished","0003_add_editor_tables":"finished","0004_migrate_ws_session_data":"finished","0005_cleanup_request_response_and_history_body":"finished","0006_add_dbp_to_request_response_and_history":"finished","0007_add_sync_client_buckets_by_order_id_table":"finished","0008_migrate_to_sync_client_buckets_by_order_id":"finished","0009_remove_sync_client_buckets_table":"finished","0010_add_history_owner":"finished","0011_add_history_response_table":"finished","0012_add_user_data_table":"finished","0013_sanitize_request_response_and_history_methods":"finished","0014_sanitize_response_requestobject_rawmodedata":"finished","0015_add_favorited_collections_table":"finished","0016_add_permission_table":"finished","0017_add_user_preferences_table":"finished","0018_index_header_presets":"finished","0019_migrate_favorite_collections_data":"finished","0020_migrate_sync_client_revision":"finished","0021_clear_permissions":"finished","0022_add_workspace_header_presets":"finished","0023_remove_collection_permissions_and_shared":"finished","0024_add_console_timelines_table":"started","0025_add_console_events_table":"started","0026_index_console_events":"started","0027_add_console_blob_table":"started"}]
[18767][1784058691519][requester][info]["Migrations: Applying migration","0027_add_console_blob_table"]
[18767][1784058691519][requester][info]["Migrations: Upgrading IndexedDB to version","0027_add_console_blob_table",16]
[18767][1784058691520][requester][info]["Migrations: Adding pending commit to queue","0027_add_console_blob_table"]
[18767][1784058691520][requester][info]["Migrations: Starting migration","0028_add_runner_data_table"]
[18767][1784058691520][requester][info]["Migrations: Setting context before starting migration","0028_add_runner_data_table",{"0000_initial":"finished","0001_add_archived_resources_table":"finished","0002_add_variable_sessions_table":"finished","0003_add_editor_tables":"finished","0004_migrate_ws_session_data":"finished","0005_cleanup_request_response_and_history_body":"finished","0006_add_dbp_to_request_response_and_history":"finished","0007_add_sync_client_buckets_by_order_id_table":"finished","0008_migrate_to_sync_client_buckets_by_order_id":"finished","0009_remove_sync_client_buckets_table":"finished","0010_add_history_owner":"finished","0011_add_history_response_table":"finished","0012_add_user_data_table":"finished","0013_sanitize_request_response_and_history_methods":"finished","0014_sanitize_response_requestobject_rawmodedata":"finished","0015_add_favorited_collections_table":"finished","0016_add_permission_table":"finished","0017_add_user_preferences_table":"finished","0018_index_header_presets":"finished","0019_migrate_favorite_collections_data":"finished","0020_migrate_sync_client_revision":"finished","0021_clear_permissions":"finished","0022_add_workspace_header_presets":"finished","0023_remove_collection_permissions_and_shared":"finished","0024_add_console_timelines_table":"started","0025_add_console_events_table":"started","0026_index_console_events":"started","0027_add_console_blob_table":"started","0028_add_runner_data_table":"started"}]
[18767][1784058691520][requester][info]["Migrations: Applying migration","0028_add_runner_data_table"]
[18767][1784058691520][requester][info]["Migrations: Upgrading IndexedDB to version","0028_add_runner_data_table",17]
[18767][1784058691520][requester][info]["Migrations: Adding pending commit to queue","0028_add_runner_data_table"]
[18767][1784058691520][requester][info]["Migrations: Starting migration","0029_add_api_schema_table"]
[18767][1784058691520][requester][info]["Migrations: Setting context before starting migration","0029_add_api_schema_table",{"0000_initial":"finished","0001_add_archived_resources_table":"finished","0002_add_variable_sessions_table":"finished","0003_add_editor_tables":"finished","0004_migrate_ws_session_data":"finished","0005_cleanup_request_response_and_history_body":"finished","0006_add_dbp_to_request_response_and_history":"finished","0007_add_sync_client_buckets_by_order_id_table":"finished","0008_migrate_to_sync_client_buckets_by_order_id":"finished","0009_remove_sync_client_buckets_table":"finished","0010_add_history_owner":"finished","0011_add_history_response_table":"finished","0012_add_user_data_table":"finished","0013_sanitize_request_response_and_history_methods":"finished","0014_sanitize_response_requestobject_rawmodedata":"finished","0015_add_favorited_collections_table":"finished","0016_add_permission_table":"finished","0017_add_user_preferences_table":"finished","0018_index_header_presets":"finished","0019_migrate_favorite_collections_data":"finished","0020_migrate_sync_client_revision":"finished","0021_clear_permissions":"finished","0022_add_workspace_header_presets":"finished","0023_remove_collection_permissions_and_shared":"finished","0024_add_console_timelines_table":"started","0025_add_console_events_table":"started","0026_index_console_events":"started","0027_add_console_blob_table":"started","0028_add_runner_data_table":"started","0029_add_api_schema_table":"started"}]
[18767][1784058691520][requester][info]["Migrations: Applying migration","0029_add_api_schema_table"]
[18767][1784058691520][requester][info]["Migrations: Upgrading IndexedDB to version","0029_add_api_schema_table",18]
[18767][1784058691521][requester][info]["Migrations: Adding pending commit to queue","0029_add_api_schema_table"]
[18767][1784058691521][requester][info]["Migrations: Starting migration","0030_migrate_collection_runs"]
[18767][1784058691521][requester][info]["Migrations: Flushing pending migrations for","0030_migrate_collection_runs"]
[18767][1784058691521][requester][info]["Migrations: Flushing pending commit for type","IndexeddbSchemaMigration"]
[18767][1784058691521][requester][info]["Migrations: Committing IndexedDB upgrade"]
[18767][1784058691525][requester][info]["Migrations: Updating status in migration context",{"0000_initial":"finished","0001_add_archived_resources_table":"finished","0002_add_variable_sessions_table":"finished","0003_add_editor_tables":"finished","0004_migrate_ws_session_data":"finished","0005_cleanup_request_response_and_history_body":"finished","0006_add_dbp_to_request_response_and_history":"finished","0007_add_sync_client_buckets_by_order_id_table":"finished","0008_migrate_to_sync_client_buckets_by_order_id":"finished","0009_remove_sync_client_buckets_table":"finished","0010_add_history_owner":"finished","0011_add_history_response_table":"finished","0012_add_user_data_table":"finished","0013_sanitize_request_response_and_history_methods":"finished","0014_sanitize_response_requestobject_rawmodedata":"finished","0015_add_favorited_collections_table":"finished","0016_add_permission_table":"finished","0017_add_user_preferences_table":"finished","0018_index_header_presets":"finished","0019_migrate_favorite_collections_data":"finished","0020_migrate_sync_client_revision":"finished","0021_clear_permissions":"finished","0022_add_workspace_header_presets":"finished","0023_remove_collection_permissions_and_shared":"finished","0024_add_console_timelines_table":"started","0025_add_console_events_table":"started","0026_index_console_events":"started","0027_add_console_blob_table":"started","0028_add_runner_data_table":"started","0029_add_api_schema_table":"started"}]
[18767][1784058691525][requester][info]["Migrations: Updated status in migration context",{"0000_initial":"finished","0001_add_archived_resources_table":"finished","0002_add_variable_sessions_table":"finished","0003_add_editor_tables":"finished","0004_migrate_ws_session_data":"finished","0005_cleanup_request_response_and_history_body":"finished","0006_add_dbp_to_request_response_and_history":"finished","0007_add_sync_client_buckets_by_order_id_table":"finished","0008_migrate_to_sync_client_buckets_by_order_id":"finished","0009_remove_sync_client_buckets_table":"finished","0010_add_history_owner":"finished","0011_add_history_response_table":"finished","0012_add_user_data_table":"finished","0013_sanitize_request_response_and_history_methods":"finished","0014_sanitize_response_requestobject_rawmodedata":"finished","0015_add_favorited_collections_table":"finished","0016_add_permission_table":"finished","0017_add_user_preferences_table":"finished","0018_index_header_presets":"finished","0019_migrate_favorite_collections_data":"finished","0020_migrate_sync_client_revision":"finished","0021_clear_permissions":"finished","0022_add_workspace_header_presets":"finished","0023_remove_collection_permissions_and_shared":"finished","0024_add_console_timelines_table":"finished","0025_add_console_events_table":"finished","0026_index_console_events":"finished","0027_add_console_blob_table":"finished","0028_add_runner_data_table":"finished","0029_add_api_schema_table":"finished"}]
[18767][1784058691525][requester][info]["Migrations: Setting context before starting migration","0030_migrate_collection_runs",{"0000_initial":"finished","0001_add_archived_resources_table":"finished","0002_add_variable_sessions_table":"finished","0003_add_editor_tables":"finished","0004_migrate_ws_session_data":"finished","0005_cleanup_request_response_and_history_body":"finished","0006_add_dbp_to_request_response_and_history":"finished","0007_add_sync_client_buckets_by_order_id_table":"finished","0008_migrate_to_sync_client_buckets_by_order_id":"finished","0009_remove_sync_client_buckets_table":"finished","0010_add_history_owner":"finished","0011_add_history_response_table":"finished","0012_add_user_data_table":"finished","0013_sanitize_request_response_and_history_methods":"finished","0014_sanitize_response_requestobject_rawmodedata":"finished","0015_add_favorited_collections_table":"finished","0016_add_permission_table":"finished","0017_add_user_preferences_table":"finished","0018_index_header_presets":"finished","0019_migrate_favorite_collections_data":"finished","0020_migrate_sync_client_revision":"finished","0021_clear_permissions":"finished","0022_add_workspace_header_presets":"finished","0023_remove_collection_permissions_and_shared":"finished","0024_add_console_timelines_table":"finished","0025_add_console_events_table":"finished","0026_index_console_events":"finished","0027_add_console_blob_table":"finished","0028_add_runner_data_table":"finished","0029_add_api_schema_table":"finished","0030_migrate_collection_runs":"started"}]
[18767][1784058691525][requester][info]["Migrations: Applying migration","0030_migrate_collection_runs"]
[18767][1784058691525][requester][info]["Migrations: Processing IndexedDB data migration","0030_migrate_collection_runs"]
[18767][1784058691526][requester][info]["Migration~CollectionRun: Migrating collection runs"]
[18767][1784058691526][requester][info]["Migrations: Saving migration context after completion","0030_migrate_collection_runs",{"0000_initial":"finished","0001_add_archived_resources_table":"finished","0002_add_variable_sessions_table":"finished","0003_add_editor_tables":"finished","0004_migrate_ws_session_data":"finished","0005_cleanup_request_response_and_history_body":"finished","0006_add_dbp_to_request_response_and_history":"finished","0007_add_sync_client_buckets_by_order_id_table":"finished","0008_migrate_to_sync_client_buckets_by_order_id":"finished","0009_remove_sync_client_buckets_table":"finished","0010_add_history_owner":"finished","0011_add_history_response_table":"finished","0012_add_user_data_table":"finished","0013_sanitize_request_response_and_history_methods":"finished","0014_sanitize_response_requestobject_rawmodedata":"finished","0015_add_favorited_collections_table":"finished","0016_add_permission_table":"finished","0017_add_user_preferences_table":"finished","0018_index_header_presets":"finished","0019_migrate_favorite_collections_data":"finished","0020_migrate_sync_client_revision":"finished","0021_clear_permissions":"finished","0022_add_workspace_header_presets":"finished","0023_remove_collection_permissions_and_shared":"finished","0024_add_console_timelines_table":"finished","0025_add_console_events_table":"finished","0026_index_console_events":"finished","0027_add_console_blob_table":"finished","0028_add_runner_data_table":"finished","0029_add_api_schema_table":"finished","0030_migrate_collection_runs":"started"}]
[18767][1784058691527][requester][info]["Migrations: Starting migration","0031_add_api_relation_table"]
[18767][1784058691527][requester][info]["Migrations: Setting context before starting migration","0031_add_api_relation_table",{"0000_initial":"finished","0001_add_archived_resources_table":"finished","0002_add_variable_sessions_table":"finished","0003_add_editor_tables":"finished","0004_migrate_ws_session_data":"finished","0005_cleanup_request_response_and_history_body":"finished","0006_add_dbp_to_request_response_and_history":"finished","0007_add_sync_client_buckets_by_order_id_table":"finished","0008_migrate_to_sync_client_buckets_by_order_id":"finished","0009_remove_sync_client_buckets_table":"finished","0010_add_history_owner":"finished","0011_add_history_response_table":"finished","0012_add_user_data_table":"finished","0013_sanitize_request_response_and_history_methods":"finished","0014_sanitize_response_requestobject_rawmodedata":"finished","0015_add_favorited_collections_table":"finished","0016_add_permission_table":"finished","0017_add_user_preferences_table":"finished","0018_index_header_presets":"finished","0019_migrate_favorite_collections_data":"finished","0020_migrate_sync_client_revision":"finished","0021_clear_permissions":"finished","0022_add_workspace_header_presets":"finished","0023_remove_collection_permissions_and_shared":"finished","0024_add_console_timelines_table":"finished","0025_add_console_events_table":"finished","0026_index_console_events":"finished","0027_add_console_blob_table":"finished","0028_add_runner_data_table":"finished","0029_add_api_schema_table":"finished","0030_migrate_collection_runs":"finished","0031_add_api_relation_table":"started"}]
[18767][1784058691527][requester][info]["Migrations: Applying migration","0031_add_api_relation_table"]
[18767][1784058691527][requester][info]["Migrations: Upgrading IndexedDB to version","0031_add_api_relation_table",19]
[18767][1784058691527][requester][info]["Migrations: Adding pending commit to queue","0031_add_api_relation_table"]
[18767][1784058691527][requester][info]["Migrations: Starting migration","0032_index_workspacesession_editor"]
[18767][1784058691527][requester][info]["Migrations: Setting context before starting migration","0032_index_workspacesession_editor",{"0000_initial":"finished","0001_add_archived_resources_table":"finished","0002_add_variable_sessions_table":"finished","0003_add_editor_tables":"finished","0004_migrate_ws_session_data":"finished","0005_cleanup_request_response_and_history_body":"finished","0006_add_dbp_to_request_response_and_history":"finished","0007_add_sync_client_buckets_by_order_id_table":"finished","0008_migrate_to_sync_client_buckets_by_order_id":"finished","0009_remove_sync_client_buckets_table":"finished","0010_add_history_owner":"finished","0011_add_history_response_table":"finished","0012_add_user_data_table":"finished","0013_sanitize_request_response_and_history_methods":"finished","0014_sanitize_response_requestobject_rawmodedata":"finished","0015_add_favorited_collections_table":"finished","0016_add_permission_table":"finished","0017_add_user_preferences_table":"finished","0018_index_header_presets":"finished","0019_migrate_favorite_collections_data":"finished","0020_migrate_sync_client_revision":"finished","0021_clear_permissions":"finished","0022_add_workspace_header_presets":"finished","0023_remove_collection_permissions_and_shared":"finished","0024_add_console_timelines_table":"finished","0025_add_console_events_table":"finished","0026_index_console_events":"finished","0027_add_console_blob_table":"finished","0028_add_runner_data_table":"finished","0029_add_api_schema_table":"finished","0030_migrate_collection_runs":"finished","0031_add_api_relation_table":"started","0032_index_workspacesession_editor":"started"}]
[18767][1784058691527][requester][info]["Migrations: Applying migration","0032_index_workspacesession_editor"]
[18767][1784058691527][requester][info]["Migrations: Upgrading IndexedDB to version","0032_index_workspacesession_editor",20]
[18767][1784058691527][requester][info]["Migrations: Adding pending commit to queue","0032_index_workspacesession_editor"]
[18767][1784058691528][requester][info]["Migrations: Starting migration","0033_add_editor_data_cache_table"]
[18767][1784058691528][requester][info]["Migrations: Setting context before starting migration","0033_add_editor_data_cache_table",{"0000_initial":"finished","0001_add_archived_resources_table":"finished","0002_add_variable_sessions_table":"finished","0003_add_editor_tables":"finished","0004_migrate_ws_session_data":"finished","0005_cleanup_request_response_and_history_body":"finished","0006_add_dbp_to_request_response_and_history":"finished","0007_add_sync_client_buckets_by_order_id_table":"finished","0008_migrate_to_sync_client_buckets_by_order_id":"finished","0009_remove_sync_client_buckets_table":"finished","0010_add_history_owner":"finished","0011_add_history_response_table":"finished","0012_add_user_data_table":"finished","0013_sanitize_request_response_and_history_methods":"finished","0014_sanitize_response_requestobject_rawmodedata":"finished","0015_add_favorited_collections_table":"finished","0016_add_permission_table":"finished","0017_add_user_preferences_table":"finished","0018_index_header_presets":"finished","0019_migrate_favorite_collections_data":"finished","0020_migrate_sync_client_revision":"finished","0021_clear_permissions":"finished","0022_add_workspace_header_presets":"finished","0023_remove_collection_permissions_and_shared":"finished","0024_add_console_timelines_table":"finished","0025_add_console_events_table":"finished","0026_index_console_events":"finished","0027_add_console_blob_table":"finished","0028_add_runner_data_table":"finished","0029_add_api_schema_table":"finished","0030_migrate_collection_runs":"finished","0031_add_api_relation_table":"started","0032_index_workspacesession_editor":"started","0033_add_editor_data_cache_table":"started"}]
[18767][1784058691528][requester][info]["Migrations: Applying migration","0033_add_editor_data_cache_table"]
[18767][1784058691528][requester][info]["Migrations: Upgrading IndexedDB to version","0033_add_editor_data_cache_table",21]
[18767][1784058691528][requester][info]["Migrations: Adding pending commit to queue","0033_add_editor_data_cache_table"]
[18767][1784058691528][requester][info]["Migrations: Starting migration","0034_migrate_editor_data"]
[18767][1784058691528][requester][info]["Migrations: Flushing pending migrations for","0034_migrate_editor_data"]
[18767][1784058691528][requester][info]["Migrations: Flushing pending commit for type","IndexeddbSchemaMigration"]
[18767][1784058691528][requester][info]["Migrations: Committing IndexedDB upgrade"]
[18767][1784058691531][requester][info]["Migrations: Updating status in migration context",{"0000_initial":"finished","0001_add_archived_resources_table":"finished","0002_add_variable_sessions_table":"finished","0003_add_editor_tables":"finished","0004_migrate_ws_session_data":"finished","0005_cleanup_request_response_and_history_body":"finished","0006_add_dbp_to_request_response_and_history":"finished","0007_add_sync_client_buckets_by_order_id_table":"finished","0008_migrate_to_sync_client_buckets_by_order_id":"finished","0009_remove_sync_client_buckets_table":"finished","0010_add_history_owner":"finished","0011_add_history_response_table":"finished","0012_add_user_data_table":"finished","0013_sanitize_request_response_and_history_methods":"finished","0014_sanitize_response_requestobject_rawmodedata":"finished","0015_add_favorited_collections_table":"finished","0016_add_permission_table":"finished","0017_add_user_preferences_table":"finished","0018_index_header_presets":"finished","0019_migrate_favorite_collections_data":"finished","0020_migrate_sync_client_revision":"finished","0021_clear_permissions":"finished","0022_add_workspace_header_presets":"finished","0023_remove_collection_permissions_and_shared":"finished","0024_add_console_timelines_table":"finished","0025_add_console_events_table":"finished","0026_index_console_events":"finished","0027_add_console_blob_table":"finished","0028_add_runner_data_table":"finished","0029_add_api_schema_table":"finished","0030_migrate_collection_runs":"finished","0031_add_api_relation_table":"started","0032_index_workspacesession_editor":"started","0033_add_editor_data_cache_table":"started"}]
[18767][1784058691531][requester][info]["Migrations: Updated status in migration context",{"0000_initial":"finished","0001_add_archived_resources_table":"finished","0002_add_variable_sessions_table":"finished","0003_add_editor_tables":"finished","0004_migrate_ws_session_data":"finished","0005_cleanup_request_response_and_history_body":"finished","0006_add_dbp_to_request_response_and_history":"finished","0007_add_sync_client_buckets_by_order_id_table":"finished","0008_migrate_to_sync_client_buckets_by_order_id":"finished","0009_remove_sync_client_buckets_table":"finished","0010_add_history_owner":"finished","0011_add_history_response_table":"finished","0012_add_user_data_table":"finished","0013_sanitize_request_response_and_history_methods":"finished","0014_sanitize_response_requestobject_rawmodedata":"finished","0015_add_favorited_collections_table":"finished","0016_add_permission_table":"finished","0017_add_user_preferences_table":"finished","0018_index_header_presets":"finished","0019_migrate_favorite_collections_data":"finished","0020_migrate_sync_client_revision":"finished","0021_clear_permissions":"finished","0022_add_workspace_header_presets":"finished","0023_remove_collection_permissions_and_shared":"finished","0024_add_console_timelines_table":"finished","0025_add_console_events_table":"finished","0026_index_console_events":"finished","0027_add_console_blob_table":"finished","0028_add_runner_data_table":"finished","0029_add_api_schema_table":"finished","0030_migrate_collection_runs":"finished","0031_add_api_relation_table":"finished","0032_index_workspacesession_editor":"finished","0033_add_editor_data_cache_table":"finished"}]
[18767][1784058691531][requester][info]["Migrations: Setting context before starting migration","0034_migrate_editor_data",{"0000_initial":"finished","0001_add_archived_resources_table":"finished","0002_add_variable_sessions_table":"finished","0003_add_editor_tables":"finished","0004_migrate_ws_session_data":"finished","0005_cleanup_request_response_and_history_body":"finished","0006_add_dbp_to_request_response_and_history":"finished","0007_add_sync_client_buckets_by_order_id_table":"finished","0008_migrate_to_sync_client_buckets_by_order_id":"finished","0009_remove_sync_client_buckets_table":"finished","0010_add_history_owner":"finished","0011_add_history_response_table":"finished","0012_add_user_data_table":"finished","0013_sanitize_request_response_and_history_methods":"finished","0014_sanitize_response_requestobject_rawmodedata":"finished","0015_add_favorited_collections_table":"finished","0016_add_permission_table":"finished","0017_add_user_preferences_table":"finished","0018_index_header_presets":"finished","0019_migrate_favorite_collections_data":"finished","0020_migrate_sync_client_revision":"finished","0021_clear_permissions":"finished","0022_add_workspace_header_presets":"finished","0023_remove_collection_permissions_and_shared":"finished","0024_add_console_timelines_table":"finished","0025_add_console_events_table":"finished","0026_index_console_events":"finished","0027_add_console_blob_table":"finished","0028_add_runner_data_table":"finished","0029_add_api_schema_table":"finished","0030_migrate_collection_runs":"finished","0031_add_api_relation_table":"finished","0032_index_workspacesession_editor":"finished","0033_add_editor_data_cache_table":"finished","0034_migrate_editor_data":"started"}]
[18767][1784058691531][requester][info]["Migrations: Applying migration","0034_migrate_editor_data"]
[18767][1784058691531][requester][info]["Migrations: Processing IndexedDB data migration","0034_migrate_editor_data"]
[18767][1784058691532][requester][info]["Migration~EditorsData: Migrating editors data"]
[18767][1784058691532][requester][info]["Migrations: Saving migration context after completion","0034_migrate_editor_data",{"0000_initial":"finished","0001_add_archived_resources_table":"finished","0002_add_variable_sessions_table":"finished","0003_add_editor_tables":"finished","0004_migrate_ws_session_data":"finished","0005_cleanup_request_response_and_history_body":"finished","0006_add_dbp_to_request_response_and_history":"finished","0007_add_sync_client_buckets_by_order_id_table":"finished","0008_migrate_to_sync_client_buckets_by_order_id":"finished","0009_remove_sync_client_buckets_table":"finished","0010_add_history_owner":"finished","0011_add_history_response_table":"finished","0012_add_user_data_table":"finished","0013_sanitize_request_response_and_history_methods":"finished","0014_sanitize_response_requestobject_rawmodedata":"finished","0015_add_favorited_collections_table":"finished","0016_add_permission_table":"finished","0017_add_user_preferences_table":"finished","0018_index_header_presets":"finished","0019_migrate_favorite_collections_data":"finished","0020_migrate_sync_client_revision":"finished","0021_clear_permissions":"finished","0022_add_workspace_header_presets":"finished","0023_remove_collection_permissions_and_shared":"finished","0024_add_console_timelines_table":"finished","0025_add_console_events_table":"finished","0026_index_console_events":"finished","0027_add_console_blob_table":"finished","0028_add_runner_data_table":"finished","0029_add_api_schema_table":"finished","0030_migrate_collection_runs":"finished","0031_add_api_relation_table":"finished","0032_index_workspacesession_editor":"finished","0033_add_editor_data_cache_table":"finished","0034_migrate_editor_data":"started"}]
[18767][1784058691532][requester][info]["Migrations: Starting migration","0035_remove_editors_table"]
[18767][1784058691532][requester][info]["Migrations: Setting context before starting migration","0035_remove_editors_table",{"0000_initial":"finished","0001_add_archived_resources_table":"finished","0002_add_variable_sessions_table":"finished","0003_add_editor_tables":"finished","0004_migrate_ws_session_data":"finished","0005_cleanup_request_response_and_history_body":"finished","0006_add_dbp_to_request_response_and_history":"finished","0007_add_sync_client_buckets_by_order_id_table":"finished","0008_migrate_to_sync_client_buckets_by_order_id":"finished","0009_remove_sync_client_buckets_table":"finished","0010_add_history_owner":"finished","0011_add_history_response_table":"finished","0012_add_user_data_table":"finished","0013_sanitize_request_response_and_history_methods":"finished","0014_sanitize_response_requestobject_rawmodedata":"finished","0015_add_favorited_collections_table":"finished","0016_add_permission_table":"finished","0017_add_user_preferences_table":"finished","0018_index_header_presets":"finished","0019_migrate_favorite_collections_data":"finished","0020_migrate_sync_client_revision":"finished","0021_clear_permissions":"finished","0022_add_workspace_header_presets":"finished","0023_remove_collection_permissions_and_shared":"finished","0024_add_console_timelines_table":"finished","0025_add_console_events_table":"finished","0026_index_console_events":"finished","0027_add_console_blob_table":"finished","0028_add_runner_data_table":"finished","0029_add_api_schema_table":"finished","0030_migrate_collection_runs":"finished","0031_add_api_relation_table":"finished","0032_index_workspacesession_editor":"finished","0033_add_editor_data_cache_table":"finished","0034_migrate_editor_data":"finished","0035_remove_editors_table":"started"}]
[18767][1784058691533][requester][info]["Migrations: Applying migration","0035_remove_editors_table"]
[18767][1784058691533][requester][info]["Migrations: Upgrading IndexedDB to version","0035_remove_editors_table",22]
[18767][1784058691533][requester][info]["Migrations: Adding pending commit to queue","0035_remove_editors_table"]
[18767][1784058691533][requester][info]["Migrations: Starting migration","0036_add_auth_sessions_table"]
[18767][1784058691533][requester][info]["Migrations: Setting context before starting migration","0036_add_auth_sessions_table",{"0000_initial":"finished","0001_add_archived_resources_table":"finished","0002_add_variable_sessions_table":"finished","0003_add_editor_tables":"finished","0004_migrate_ws_session_data":"finished","0005_cleanup_request_response_and_history_body":"finished","0006_add_dbp_to_request_response_and_history":"finished","0007_add_sync_client_buckets_by_order_id_table":"finished","0008_migrate_to_sync_client_buckets_by_order_id":"finished","0009_remove_sync_client_buckets_table":"finished","0010_add_history_owner":"finished","0011_add_history_response_table":"finished","0012_add_user_data_table":"finished","0013_sanitize_request_response_and_history_methods":"finished","0014_sanitize_response_requestobject_rawmodedata":"finished","0015_add_favorited_collections_table":"finished","0016_add_permission_table":"finished","0017_add_user_preferences_table":"finished","0018_index_header_presets":"finished","0019_migrate_favorite_collections_data":"finished","0020_migrate_sync_client_revision":"finished","0021_clear_permissions":"finished","0022_add_workspace_header_presets":"finished","0023_remove_collection_permissions_and_shared":"finished","0024_add_console_timelines_table":"finished","0025_add_console_events_table":"finished","0026_index_console_events":"finished","0027_add_console_blob_table":"finished","0028_add_runner_data_table":"finished","0029_add_api_schema_table":"finished","0030_migrate_collection_runs":"finished","0031_add_api_relation_table":"finished","0032_index_workspacesession_editor":"finished","0033_add_editor_data_cache_table":"finished","0034_migrate_editor_data":"finished","0035_remove_editors_table":"started","0036_add_auth_sessions_table":"started"}]
[18767][1784058691533][requester][info]["Migrations: Applying migration","0036_add_auth_sessions_table"]
[18767][1784058691533][requester][info]["Migrations: Upgrading IndexedDB to version","0036_add_auth_sessions_table",23]
[18767][1784058691534][requester][info]["Migrations: Adding pending commit to queue","0036_add_auth_sessions_table"]
[18767][1784058691534][requester][info]["Migrations: Starting migration","0037_add_list_cache_table"]
[18767][1784058691534][requester][info]["Migrations: Setting context before starting migration","0037_add_list_cache_table",{"0000_initial":"finished","0001_add_archived_resources_table":"finished","0002_add_variable_sessions_table":"finished","0003_add_editor_tables":"finished","0004_migrate_ws_session_data":"finished","0005_cleanup_request_response_and_history_body":"finished","0006_add_dbp_to_request_response_and_history":"finished","0007_add_sync_client_buckets_by_order_id_table":"finished","0008_migrate_to_sync_client_buckets_by_order_id":"finished","0009_remove_sync_client_buckets_table":"finished","0010_add_history_owner":"finished","0011_add_history_response_table":"finished","0012_add_user_data_table":"finished","0013_sanitize_request_response_and_history_methods":"finished","0014_sanitize_response_requestobject_rawmodedata":"finished","0015_add_favorited_collections_table":"finished","0016_add_permission_table":"finished","0017_add_user_preferences_table":"finished","0018_index_header_presets":"finished","0019_migrate_favorite_collections_data":"finished","0020_migrate_sync_client_revision":"finished","0021_clear_permissions":"finished","0022_add_workspace_header_presets":"finished","0023_remove_collection_permissions_and_shared":"finished","0024_add_console_timelines_table":"finished","0025_add_console_events_table":"finished","0026_index_console_events":"finished","0027_add_console_blob_table":"finished","0028_add_runner_data_table":"finished","0029_add_api_schema_table":"finished","0030_migrate_collection_runs":"finished","0031_add_api_relation_table":"finished","0032_index_workspacesession_editor":"finished","0033_add_editor_data_cache_table":"finished","0034_migrate_editor_data":"finished","0035_remove_editors_table":"started","0036_add_auth_sessions_table":"started","0037_add_list_cache_table":"started"}]
[18767][1784058691534][requester][info]["Migrations: Applying migration","0037_add_list_cache_table"]
[18767][1784058691534][requester][info]["Migrations: Upgrading IndexedDB to version","0037_add_list_cache_table",24]
[18767][1784058691534][requester][info]["Migrations: Adding pending commit to queue","0037_add_list_cache_table"]
[18767][1784058691534][requester][info]["Migrations: Starting migration","0038_add_cookies_table"]
[18767][1784058691534][requester][info]["Migrations: Setting context before starting migration","0038_add_cookies_table",{"0000_initial":"finished","0001_add_archived_resources_table":"finished","0002_add_variable_sessions_table":"finished","0003_add_editor_tables":"finished","0004_migrate_ws_session_data":"finished","0005_cleanup_request_response_and_history_body":"finished","0006_add_dbp_to_request_response_and_history":"finished","0007_add_sync_client_buckets_by_order_id_table":"finished","0008_migrate_to_sync_client_buckets_by_order_id":"finished","0009_remove_sync_client_buckets_table":"finished","0010_add_history_owner":"finished","0011_add_history_response_table":"finished","0012_add_user_data_table":"finished","0013_sanitize_request_response_and_history_methods":"finished","0014_sanitize_response_requestobject_rawmodedata":"finished","0015_add_favorited_collections_table":"finished","0016_add_permission_table":"finished","0017_add_user_preferences_table":"finished","0018_index_header_presets":"finished","0019_migrate_favorite_collections_data":"finished","0020_migrate_sync_client_revision":"finished","0021_clear_permissions":"finished","0022_add_workspace_header_presets":"finished","0023_remove_collection_permissions_and_shared":"finished","0024_add_console_timelines_table":"finished","0025_add_console_events_table":"finished","0026_index_console_events":"finished","0027_add_console_blob_table":"finished","0028_add_runner_data_table":"finished","0029_add_api_schema_table":"finished","0030_migrate_collection_runs":"finished","0031_add_api_relation_table":"finished","0032_index_workspacesession_editor":"finished","0033_add_editor_data_cache_table":"finished","0034_migrate_editor_data":"finished","0035_remove_editors_table":"started","0036_add_auth_sessions_table":"started","0037_add_list_cache_table":"started","0038_add_cookies_table":"started"}]
[18767][1784058691534][requester][info]["Migrations: Applying migration","0038_add_cookies_table"]
[18767][1784058691534][requester][info]["Migrations: Upgrading IndexedDB to version","0038_add_cookies_table",25]
[18767][1784058691535][requester][info]["Migrations: Adding pending commit to queue","0038_add_cookies_table"]
[18767][1784058691535][requester][info]["Migrations: Starting migration","0039_add_runtime_preferences_table"]
[18767][1784058691535][requester][info]["Migrations: Setting context before starting migration","0039_add_runtime_preferences_table",{"0000_initial":"finished","0001_add_archived_resources_table":"finished","0002_add_variable_sessions_table":"finished","0003_add_editor_tables":"finished","0004_migrate_ws_session_data":"finished","0005_cleanup_request_response_and_history_body":"finished","0006_add_dbp_to_request_response_and_history":"finished","0007_add_sync_client_buckets_by_order_id_table":"finished","0008_migrate_to_sync_client_buckets_by_order_id":"finished","0009_remove_sync_client_buckets_table":"finished","0010_add_history_owner":"finished","0011_add_history_response_table":"finished","0012_add_user_data_table":"finished","0013_sanitize_request_response_and_history_methods":"finished","0014_sanitize_response_requestobject_rawmodedata":"finished","0015_add_favorited_collections_table":"finished","0016_add_permission_table":"finished","0017_add_user_preferences_table":"finished","0018_index_header_presets":"finished","0019_migrate_favorite_collections_data":"finished","0020_migrate_sync_client_revision":"finished","0021_clear_permissions":"finished","0022_add_workspace_header_presets":"finished","0023_remove_collection_permissions_and_shared":"finished","0024_add_console_timelines_table":"finished","0025_add_console_events_table":"finished","0026_index_console_events":"finished","0027_add_console_blob_table":"finished","0028_add_runner_data_table":"finished","0029_add_api_schema_table":"finished","0030_migrate_collection_runs":"finished","0031_add_api_relation_table":"finished","0032_index_workspacesession_editor":"finished","0033_add_editor_data_cache_table":"finished","0034_migrate_editor_data":"finished","0035_remove_editors_table":"started","0036_add_auth_sessions_table":"started","0037_add_list_cache_table":"started","0038_add_cookies_table":"started","0039_add_runtime_preferences_table":"started"}]
[18767][1784058691535][requester][info]["Migrations: Applying migration","0039_add_runtime_preferences_table"]
[18767][1784058691535][requester][info]["Migrations: Upgrading IndexedDB to version","0039_add_runtime_preferences_table",26]
[18767][1784058691536][requester][info]["Migrations: Adding pending commit to queue","0039_add_runtime_preferences_table"]
[18767][1784058691536][requester][info]["Migrations: Starting migration","0040_index_cookies_table"]
[18767][1784058691536][requester][info]["Migrations: Setting context before starting migration","0040_index_cookies_table",{"0000_initial":"finished","0001_add_archived_resources_table":"finished","0002_add_variable_sessions_table":"finished","0003_add_editor_tables":"finished","0004_migrate_ws_session_data":"finished","0005_cleanup_request_response_and_history_body":"finished","0006_add_dbp_to_request_response_and_history":"finished","0007_add_sync_client_buckets_by_order_id_table":"finished","0008_migrate_to_sync_client_buckets_by_order_id":"finished","0009_remove_sync_client_buckets_table":"finished","0010_add_history_owner":"finished","0011_add_history_response_table":"finished","0012_add_user_data_table":"finished","0013_sanitize_request_response_and_history_methods":"finished","0014_sanitize_response_requestobject_rawmodedata":"finished","0015_add_favorited_collections_table":"finished","0016_add_permission_table":"finished","0017_add_user_preferences_table":"finished","0018_index_header_presets":"finished","0019_migrate_favorite_collections_data":"finished","0020_migrate_sync_client_revision":"finished","0021_clear_permissions":"finished","0022_add_workspace_header_presets":"finished","0023_remove_collection_permissions_and_shared":"finished","0024_add_console_timelines_table":"finished","0025_add_console_events_table":"finished","0026_index_console_events":"finished","0027_add_console_blob_table":"finished","0028_add_runner_data_table":"finished","0029_add_api_schema_table":"finished","0030_migrate_collection_runs":"finished","0031_add_api_relation_table":"finished","0032_index_workspacesession_editor":"finished","0033_add_editor_data_cache_table":"finished","0034_migrate_editor_data":"finished","0035_remove_editors_table":"started","0036_add_auth_sessions_table":"started","0037_add_list_cache_table":"started","0038_add_cookies_table":"started","0039_add_runtime_preferences_table":"started","0040_index_cookies_table":"started"}]
[18767][1784058691536][requester][info]["Migrations: Applying migration","0040_index_cookies_table"]
[18767][1784058691536][requester][info]["Migrations: Upgrading IndexedDB to version","0040_index_cookies_table",27]
[18767][1784058691536][requester][info]["Migrations: Adding pending commit to queue","0040_index_cookies_table"]
[18767][1784058691536][requester][info]["Migrations: Starting migration","0041_update_collections_folder_request_response_with_owner_and_uid"]
[18767][1784058691536][requester][info]["Migrations: Flushing pending migrations for","0041_update_collections_folder_request_response_with_owner_and_uid"]
[18767][1784058691536][requester][info]["Migrations: Flushing pending commit for type","IndexeddbSchemaMigration"]
[18767][1784058691536][requester][info]["Migrations: Committing IndexedDB upgrade"]
[18767][1784058691541][requester][info]["Migrations: Updating status in migration context",{"0000_initial":"finished","0001_add_archived_resources_table":"finished","0002_add_variable_sessions_table":"finished","0003_add_editor_tables":"finished","0004_migrate_ws_session_data":"finished","0005_cleanup_request_response_and_history_body":"finished","0006_add_dbp_to_request_response_and_history":"finished","0007_add_sync_client_buckets_by_order_id_table":"finished","0008_migrate_to_sync_client_buckets_by_order_id":"finished","0009_remove_sync_client_buckets_table":"finished","0010_add_history_owner":"finished","0011_add_history_response_table":"finished","0012_add_user_data_table":"finished","0013_sanitize_request_response_and_history_methods":"finished","0014_sanitize_response_requestobject_rawmodedata":"finished","0015_add_favorited_collections_table":"finished","0016_add_permission_table":"finished","0017_add_user_preferences_table":"finished","0018_index_header_presets":"finished","0019_migrate_favorite_collections_data":"finished","0020_migrate_sync_client_revision":"finished","0021_clear_permissions":"finished","0022_add_workspace_header_presets":"finished","0023_remove_collection_permissions_and_shared":"finished","0024_add_console_timelines_table":"finished","0025_add_console_events_table":"finished","0026_index_console_events":"finished","0027_add_console_blob_table":"finished","0028_add_runner_data_table":"finished","0029_add_api_schema_table":"finished","0030_migrate_collection_runs":"finished","0031_add_api_relation_table":"finished","0032_index_workspacesession_editor":"finished","0033_add_editor_data_cache_table":"finished","0034_migrate_editor_data":"finished","0035_remove_editors_table":"started","0036_add_auth_sessions_table":"started","0037_add_list_cache_table":"started","0038_add_cookies_table":"started","0039_add_runtime_preferences_table":"started","0040_index_cookies_table":"started"}]
[18767][1784058691541][requester][info]["Migrations: Updated status in migration context",{"0000_initial":"finished","0001_add_archived_resources_table":"finished","0002_add_variable_sessions_table":"finished","0003_add_editor_tables":"finished","0004_migrate_ws_session_data":"finished","0005_cleanup_request_response_and_history_body":"finished","0006_add_dbp_to_request_response_and_history":"finished","0007_add_sync_client_buckets_by_order_id_table":"finished","0008_migrate_to_sync_client_buckets_by_order_id":"finished","0009_remove_sync_client_buckets_table":"finished","0010_add_history_owner":"finished","0011_add_history_response_table":"finished","0012_add_user_data_table":"finished","0013_sanitize_request_response_and_history_methods":"finished","0014_sanitize_response_requestobject_rawmodedata":"finished","0015_add_favorited_collections_table":"finished","0016_add_permission_table":"finished","0017_add_user_preferences_table":"finished","0018_index_header_presets":"finished","0019_migrate_favorite_collections_data":"finished","0020_migrate_sync_client_revision":"finished","0021_clear_permissions":"finished","0022_add_workspace_header_presets":"finished","0023_remove_collection_permissions_and_shared":"finished","0024_add_console_timelines_table":"finished","0025_add_console_events_table":"finished","0026_index_console_events":"finished","0027_add_console_blob_table":"finished","0028_add_runner_data_table":"finished","0029_add_api_schema_table":"finished","0030_migrate_collection_runs":"finished","0031_add_api_relation_table":"finished","0032_index_workspacesession_editor":"finished","0033_add_editor_data_cache_table":"finished","0034_migrate_editor_data":"finished","0035_remove_editors_table":"finished","0036_add_auth_sessions_table":"finished","0037_add_list_cache_table":"finished","0038_add_cookies_table":"finished","0039_add_runtime_preferences_table":"finished","0040_index_cookies_table":"finished"}]
[18767][1784058691541][requester][info]["Migrations: Setting context before starting migration","0041_update_collections_folder_request_response_with_owner_and_uid",{"0000_initial":"finished","0001_add_archived_resources_table":"finished","0002_add_variable_sessions_table":"finished","0003_add_editor_tables":"finished","0004_migrate_ws_session_data":"finished","0005_cleanup_request_response_and_history_body":"finished","0006_add_dbp_to_request_response_and_history":"finished","0007_add_sync_client_buckets_by_order_id_table":"finished","0008_migrate_to_sync_client_buckets_by_order_id":"finished","0009_remove_sync_client_buckets_table":"finished","0010_add_history_owner":"finished","0011_add_history_response_table":"finished","0012_add_user_data_table":"finished","0013_sanitize_request_response_and_history_methods":"finished","0014_sanitize_response_requestobject_rawmodedata":"finished","0015_add_favorited_collections_table":"finished","0016_add_permission_table":"finished","0017_add_user_preferences_table":"finished","0018_index_header_presets":"finished","0019_migrate_favorite_collections_data":"finished","0020_migrate_sync_client_revision":"finished","0021_clear_permissions":"finished","0022_add_workspace_header_presets":"finished","0023_remove_collection_permissions_and_shared":"finished","0024_add_console_timelines_table":"finished","0025_add_console_events_table":"finished","0026_index_console_events":"finished","0027_add_console_blob_table":"finished","0028_add_runner_data_table":"finished","0029_add_api_schema_table":"finished","0030_migrate_collection_runs":"finished","0031_add_api_relation_table":"finished","0032_index_workspacesession_editor":"finished","0033_add_editor_data_cache_table":"finished","0034_migrate_editor_data":"finished","0035_remove_editors_table":"finished","0036_add_auth_sessions_table":"finished","0037_add_list_cache_table":"finished","0038_add_cookies_table":"finished","0039_add_runtime_preferences_table":"finished","0040_index_cookies_table":"finished","0041_update_collections_folder_request_response_with_owner_and_uid":"started"}]
[18767][1784058691541][requester][info]["Migrations: Applying migration","0041_update_collections_folder_request_response_with_owner_and_uid"]
[18767][1784058691541][requester][info]["Migrations: Processing IndexedDB data migration","0041_update_collections_folder_request_response_with_owner_and_uid"]
[18767][1784058691542][requester][info]["Migrations: Saving migration context after completion","0041_update_collections_folder_request_response_with_owner_and_uid",{"0000_initial":"finished","0001_add_archived_resources_table":"finished","0002_add_variable_sessions_table":"finished","0003_add_editor_tables":"finished","0004_migrate_ws_session_data":"finished","0005_cleanup_request_response_and_history_body":"finished","0006_add_dbp_to_request_response_and_history":"finished","0007_add_sync_client_buckets_by_order_id_table":"finished","0008_migrate_to_sync_client_buckets_by_order_id":"finished","0009_remove_sync_client_buckets_table":"finished","0010_add_history_owner":"finished","0011_add_history_response_table":"finished","0012_add_user_data_table":"finished","0013_sanitize_request_response_and_history_methods":"finished","0014_sanitize_response_requestobject_rawmodedata":"finished","0015_add_favorited_collections_table":"finished","0016_add_permission_table":"finished","0017_add_user_preferences_table":"finished","0018_index_header_presets":"finished","0019_migrate_favorite_collections_data":"finished","0020_migrate_sync_client_revision":"finished","0021_clear_permissions":"finished","0022_add_workspace_header_presets":"finished","0023_remove_collection_permissions_and_shared":"finished","0024_add_console_timelines_table":"finished","0025_add_console_events_table":"finished","0026_index_console_events":"finished","0027_add_console_blob_table":"finished","0028_add_runner_data_table":"finished","0029_add_api_schema_table":"finished","0030_migrate_collection_runs":"finished","0031_add_api_relation_table":"finished","0032_index_workspacesession_editor":"finished","0033_add_editor_data_cache_table":"finished","0034_migrate_editor_data":"finished","0035_remove_editors_table":"finished","0036_add_auth_sessions_table":"finished","0037_add_list_cache_table":"finished","0038_add_cookies_table":"finished","0039_add_runtime_preferences_table":"finished","0040_index_cookies_table":"finished","0041_update_collections_folder_request_response_with_owner_and_uid":"started"}]
[18767][1784058691542][requester][info]["Migrations: Starting migration","0042_migrate_runtime_user_preferences"]
[18767][1784058691542][requester][info]["Migrations: Flushing pending migrations for","0042_migrate_runtime_user_preferences"]
[18767][1784058691542][requester][info]["Migrations: Updating status in migration context",{"0000_initial":"finished","0001_add_archived_resources_table":"finished","0002_add_variable_sessions_table":"finished","0003_add_editor_tables":"finished","0004_migrate_ws_session_data":"finished","0005_cleanup_request_response_and_history_body":"finished","0006_add_dbp_to_request_response_and_history":"finished","0007_add_sync_client_buckets_by_order_id_table":"finished","0008_migrate_to_sync_client_buckets_by_order_id":"finished","0009_remove_sync_client_buckets_table":"finished","0010_add_history_owner":"finished","0011_add_history_response_table":"finished","0012_add_user_data_table":"finished","0013_sanitize_request_response_and_history_methods":"finished","0014_sanitize_response_requestobject_rawmodedata":"finished","0015_add_favorited_collections_table":"finished","0016_add_permission_table":"finished","0017_add_user_preferences_table":"finished","0018_index_header_presets":"finished","0019_migrate_favorite_collections_data":"finished","0020_migrate_sync_client_revision":"finished","0021_clear_permissions":"finished","0022_add_workspace_header_presets":"finished","0023_remove_collection_permissions_and_shared":"finished","0024_add_console_timelines_table":"finished","0025_add_console_events_table":"finished","0026_index_console_events":"finished","0027_add_console_blob_table":"finished","0028_add_runner_data_table":"finished","0029_add_api_schema_table":"finished","0030_migrate_collection_runs":"finished","0031_add_api_relation_table":"finished","0032_index_workspacesession_editor":"finished","0033_add_editor_data_cache_table":"finished","0034_migrate_editor_data":"finished","0035_remove_editors_table":"finished","0036_add_auth_sessions_table":"finished","0037_add_list_cache_table":"finished","0038_add_cookies_table":"finished","0039_add_runtime_preferences_table":"finished","0040_index_cookies_table":"finished","0041_update_collections_folder_request_response_with_owner_and_uid":"finished"}]
[18767][1784058691542][requester][info]["Migrations: Updated status in migration context",{"0000_initial":"finished","0001_add_archived_resources_table":"finished","0002_add_variable_sessions_table":"finished","0003_add_editor_tables":"finished","0004_migrate_ws_session_data":"finished","0005_cleanup_request_response_and_history_body":"finished","0006_add_dbp_to_request_response_and_history":"finished","0007_add_sync_client_buckets_by_order_id_table":"finished","0008_migrate_to_sync_client_buckets_by_order_id":"finished","0009_remove_sync_client_buckets_table":"finished","0010_add_history_owner":"finished","0011_add_history_response_table":"finished","0012_add_user_data_table":"finished","0013_sanitize_request_response_and_history_methods":"finished","0014_sanitize_response_requestobject_rawmodedata":"finished","0015_add_favorited_collections_table":"finished","0016_add_permission_table":"finished","0017_add_user_preferences_table":"finished","0018_index_header_presets":"finished","0019_migrate_favorite_collections_data":"finished","0020_migrate_sync_client_revision":"finished","0021_clear_permissions":"finished","0022_add_workspace_header_presets":"finished","0023_remove_collection_permissions_and_shared":"finished","0024_add_console_timelines_table":"finished","0025_add_console_events_table":"finished","0026_index_console_events":"finished","0027_add_console_blob_table":"finished","0028_add_runner_data_table":"finished","0029_add_api_schema_table":"finished","0030_migrate_collection_runs":"finished","0031_add_api_relation_table":"finished","0032_index_workspacesession_editor":"finished","0033_add_editor_data_cache_table":"finished","0034_migrate_editor_data":"finished","0035_remove_editors_table":"finished","0036_add_auth_sessions_table":"finished","0037_add_list_cache_table":"finished","0038_add_cookies_table":"finished","0039_add_runtime_preferences_table":"finished","0040_index_cookies_table":"finished","0041_update_collections_folder_request_response_with_owner_and_uid":"finished"}]
[18767][1784058691542][requester][info]["Migrations: Setting context before starting migration","0042_migrate_runtime_user_preferences",{"0000_initial":"finished","0001_add_archived_resources_table":"finished","0002_add_variable_sessions_table":"finished","0003_add_editor_tables":"finished","0004_migrate_ws_session_data":"finished","0005_cleanup_request_response_and_history_body":"finished","0006_add_dbp_to_request_response_and_history":"finished","0007_add_sync_client_buckets_by_order_id_table":"finished","0008_migrate_to_sync_client_buckets_by_order_id":"finished","0009_remove_sync_client_buckets_table":"finished","0010_add_history_owner":"finished","0011_add_history_response_table":"finished","0012_add_user_data_table":"finished","0013_sanitize_request_response_and_history_methods":"finished","0014_sanitize_response_requestobject_rawmodedata":"finished","0015_add_favorited_collections_table":"finished","0016_add_permission_table":"finished","0017_add_user_preferences_table":"finished","0018_index_header_presets":"finished","0019_migrate_favorite_collections_data":"finished","0020_migrate_sync_client_revision":"finished","0021_clear_permissions":"finished","0022_add_workspace_header_presets":"finished","0023_remove_collection_permissions_and_shared":"finished","0024_add_console_timelines_table":"finished","0025_add_console_events_table":"finished","0026_index_console_events":"finished","0027_add_console_blob_table":"finished","0028_add_runner_data_table":"finished","0029_add_api_schema_table":"finished","0030_migrate_collection_runs":"finished","0031_add_api_relation_table":"finished","0032_index_workspacesession_editor":"finished","0033_add_editor_data_cache_table":"finished","0034_migrate_editor_data":"finished","0035_remove_editors_table":"finished","0036_add_auth_sessions_table":"finished","0037_add_list_cache_table":"finished","0038_add_cookies_table":"finished","0039_add_runtime_preferences_table":"finished","0040_index_cookies_table":"finished","0041_update_collections_folder_request_response_with_owner_and_uid":"finished","0042_migrate_runtime_user_preferences":"started"}]
[18767][1784058691543][requester][info]["Migrations: Applying migration","0042_migrate_runtime_user_preferences"]
[18767][1784058691543][requester][info]["Migrations: Processing IndexedDB data migration","0042_migrate_runtime_user_preferences"]
[18767][1784058691543][requester][info]["Migration~RuntimeUserPreferences: Migrating Runtime Preferences"]
[18767][1784058691544][requester][info]["Migrations: Saving migration context after completion","0042_migrate_runtime_user_preferences",{"0000_initial":"finished","0001_add_archived_resources_table":"finished","0002_add_variable_sessions_table":"finished","0003_add_editor_tables":"finished","0004_migrate_ws_session_data":"finished","0005_cleanup_request_response_and_history_body":"finished","0006_add_dbp_to_request_response_and_history":"finished","0007_add_sync_client_buckets_by_order_id_table":"finished","0008_migrate_to_sync_client_buckets_by_order_id":"finished","0009_remove_sync_client_buckets_table":"finished","0010_add_history_owner":"finished","0011_add_history_response_table":"finished","0012_add_user_data_table":"finished","0013_sanitize_request_response_and_history_methods":"finished","0014_sanitize_response_requestobject_rawmodedata":"finished","0015_add_favorited_collections_table":"finished","0016_add_permission_table":"finished","0017_add_user_preferences_table":"finished","0018_index_header_presets":"finished","0019_migrate_favorite_collections_data":"finished","0020_migrate_sync_client_revision":"finished","0021_clear_permissions":"finished","0022_add_workspace_header_presets":"finished","0023_remove_collection_permissions_and_shared":"finished","0024_add_console_timelines_table":"finished","0025_add_console_events_table":"finished","0026_index_console_events":"finished","0027_add_console_blob_table":"finished","0028_add_runner_data_table":"finished","0029_add_api_schema_table":"finished","0030_migrate_collection_runs":"finished","0031_add_api_relation_table":"finished","0032_index_workspacesession_editor":"finished","0033_add_editor_data_cache_table":"finished","0034_migrate_editor_data":"finished","0035_remove_editors_table":"finished","0036_add_auth_sessions_table":"finished","0037_add_list_cache_table":"finished","0038_add_cookies_table":"finished","0039_add_runtime_preferences_table":"finished","0040_index_cookies_table":"finished","0041_update_collections_folder_request_response_with_owner_and_uid":"finished","0042_migrate_runtime_user_preferences":"started"}]
[18767][1784058691544][requester][info]["Migrations: Starting migration","0043_cleanup_launchpad_bootcamp"]
[18767][1784058691544][requester][info]["Migrations: Flushing pending migrations for","0043_cleanup_launchpad_bootcamp"]
[18767][1784058691544][requester][info]["Migrations: Updating status in migration context",{"0000_initial":"finished","0001_add_archived_resources_table":"finished","0002_add_variable_sessions_table":"finished","0003_add_editor_tables":"finished","0004_migrate_ws_session_data":"finished","0005_cleanup_request_response_and_history_body":"finished","0006_add_dbp_to_request_response_and_history":"finished","0007_add_sync_client_buckets_by_order_id_table":"finished","0008_migrate_to_sync_client_buckets_by_order_id":"finished","0009_remove_sync_client_buckets_table":"finished","0010_add_history_owner":"finished","0011_add_history_response_table":"finished","0012_add_user_data_table":"finished","0013_sanitize_request_response_and_history_methods":"finished","0014_sanitize_response_requestobject_rawmodedata":"finished","0015_add_favorited_collections_table":"finished","0016_add_permission_table":"finished","0017_add_user_preferences_table":"finished","0018_index_header_presets":"finished","0019_migrate_favorite_collections_data":"finished","0020_migrate_sync_client_revision":"finished","0021_clear_permissions":"finished","0022_add_workspace_header_presets":"finished","0023_remove_collection_permissions_and_shared":"finished","0024_add_console_timelines_table":"finished","0025_add_console_events_table":"finished","0026_index_console_events":"finished","0027_add_console_blob_table":"finished","0028_add_runner_data_table":"finished","0029_add_api_schema_table":"finished","0030_migrate_collection_runs":"finished","0031_add_api_relation_table":"finished","0032_index_workspacesession_editor":"finished","0033_add_editor_data_cache_table":"finished","0034_migrate_editor_data":"finished","0035_remove_editors_table":"finished","0036_add_auth_sessions_table":"finished","0037_add_list_cache_table":"finished","0038_add_cookies_table":"finished","0039_add_runtime_preferences_table":"finished","0040_index_cookies_table":"finished","0041_update_collections_folder_request_response_with_owner_and_uid":"finished","0042_migrate_runtime_user_preferences":"finished"}]
[18767][1784058691544][requester][info]["Migrations: Updated status in migration context",{"0000_initial":"finished","0001_add_archived_resources_table":"finished","0002_add_variable_sessions_table":"finished","0003_add_editor_tables":"finished","0004_migrate_ws_session_data":"finished","0005_cleanup_request_response_and_history_body":"finished","0006_add_dbp_to_request_response_and_history":"finished","0007_add_sync_client_buckets_by_order_id_table":"finished","0008_migrate_to_sync_client_buckets_by_order_id":"finished","0009_remove_sync_client_buckets_table":"finished","0010_add_history_owner":"finished","0011_add_history_response_table":"finished","0012_add_user_data_table":"finished","0013_sanitize_request_response_and_history_methods":"finished","0014_sanitize_response_requestobject_rawmodedata":"finished","0015_add_favorited_collections_table":"finished","0016_add_permission_table":"finished","0017_add_user_preferences_table":"finished","0018_index_header_presets":"finished","0019_migrate_favorite_collections_data":"finished","0020_migrate_sync_client_revision":"finished","0021_clear_permissions":"finished","0022_add_workspace_header_presets":"finished","0023_remove_collection_permissions_and_shared":"finished","0024_add_console_timelines_table":"finished","0025_add_console_events_table":"finished","0026_index_console_events":"finished","0027_add_console_blob_table":"finished","0028_add_runner_data_table":"finished","0029_add_api_schema_table":"finished","0030_migrate_collection_runs":"finished","0031_add_api_relation_table":"finished","0032_index_workspacesession_editor":"finished","0033_add_editor_data_cache_table":"finished","0034_migrate_editor_data":"finished","0035_remove_editors_table":"finished","0036_add_auth_sessions_table":"finished","0037_add_list_cache_table":"finished","0038_add_cookies_table":"finished","0039_add_runtime_preferences_table":"finished","0040_index_cookies_table":"finished","0041_update_collections_folder_request_response_with_owner_and_uid":"finished","0042_migrate_runtime_user_preferences":"finished"}]
[18767][1784058691544][requester][info]["Migrations: Setting context before starting migration","0043_cleanup_launchpad_bootcamp",{"0000_initial":"finished","0001_add_archived_resources_table":"finished","0002_add_variable_sessions_table":"finished","0003_add_editor_tables":"finished","0004_migrate_ws_session_data":"finished","0005_cleanup_request_response_and_history_body":"finished","0006_add_dbp_to_request_response_and_history":"finished","0007_add_sync_client_buckets_by_order_id_table":"finished","0008_migrate_to_sync_client_buckets_by_order_id":"finished","0009_remove_sync_client_buckets_table":"finished","0010_add_history_owner":"finished","0011_add_history_response_table":"finished","0012_add_user_data_table":"finished","0013_sanitize_request_response_and_history_methods":"finished","0014_sanitize_response_requestobject_rawmodedata":"finished","0015_add_favorited_collections_table":"finished","0016_add_permission_table":"finished","0017_add_user_preferences_table":"finished","0018_index_header_presets":"finished","0019_migrate_favorite_collections_data":"finished","0020_migrate_sync_client_revision":"finished","0021_clear_permissions":"finished","0022_add_workspace_header_presets":"finished","0023_remove_collection_permissions_and_shared":"finished","0024_add_console_timelines_table":"finished","0025_add_console_events_table":"finished","0026_index_console_events":"finished","0027_add_console_blob_table":"finished","0028_add_runner_data_table":"finished","0029_add_api_schema_table":"finished","0030_migrate_collection_runs":"finished","0031_add_api_relation_table":"finished","0032_index_workspacesession_editor":"finished","0033_add_editor_data_cache_table":"finished","0034_migrate_editor_data":"finished","0035_remove_editors_table":"finished","0036_add_auth_sessions_table":"finished","0037_add_list_cache_table":"finished","0038_add_cookies_table":"finished","0039_add_runtime_preferences_table":"finished","0040_index_cookies_table":"finished","0041_update_collections_folder_request_response_with_owner_and_uid":"finished","0042_migrate_runtime_user_preferences":"finished","0043_cleanup_launchpad_bootcamp":"started"}]
[18767][1784058691544][requester][info]["Migrations: Applying migration","0043_cleanup_launchpad_bootcamp"]
[18767][1784058691544][requester][info]["Migrations: Processing IndexedDB data migration","0043_cleanup_launchpad_bootcamp"]
[18767][1784058691545][requester][info]["Migration~CleanupLaunchpadAndBootcamp: Cleaning up references of launchpad and bootcamp"]
[18767][1784058691545][requester][info]["Migrations: Saving migration context after completion","0043_cleanup_launchpad_bootcamp",{"0000_initial":"finished","0001_add_archived_resources_table":"finished","0002_add_variable_sessions_table":"finished","0003_add_editor_tables":"finished","0004_migrate_ws_session_data":"finished","0005_cleanup_request_response_and_history_body":"finished","0006_add_dbp_to_request_response_and_history":"finished","0007_add_sync_client_buckets_by_order_id_table":"finished","0008_migrate_to_sync_client_buckets_by_order_id":"finished","0009_remove_sync_client_buckets_table":"finished","0010_add_history_owner":"finished","0011_add_history_response_table":"finished","0012_add_user_data_table":"finished","0013_sanitize_request_response_and_history_methods":"finished","0014_sanitize_response_requestobject_rawmodedata":"finished","0015_add_favorited_collections_table":"finished","0016_add_permission_table":"finished","0017_add_user_preferences_table":"finished","0018_index_header_presets":"finished","0019_migrate_favorite_collections_data":"finished","0020_migrate_sync_client_revision":"finished","0021_clear_permissions":"finished","0022_add_workspace_header_presets":"finished","0023_remove_collection_permissions_and_shared":"finished","0024_add_console_timelines_table":"finished","0025_add_console_events_table":"finished","0026_index_console_events":"finished","0027_add_console_blob_table":"finished","0028_add_runner_data_table":"finished","0029_add_api_schema_table":"finished","0030_migrate_collection_runs":"finished","0031_add_api_relation_table":"finished","0032_index_workspacesession_editor":"finished","0033_add_editor_data_cache_table":"finished","0034_migrate_editor_data":"finished","0035_remove_editors_table":"finished","0036_add_auth_sessions_table":"finished","0037_add_list_cache_table":"finished","0038_add_cookies_table":"finished","0039_add_runtime_preferences_table":"finished","0040_index_cookies_table":"finished","0041_update_collections_folder_request_response_with_owner_and_uid":"finished","0042_migrate_runtime_user_preferences":"finished","0043_cleanup_launchpad_bootcamp":"started"}]
[18767][1784058691545][requester][info]["Migrations: Starting migration","0044_migrate_tab_resource"]
[18767][1784058691545][requester][info]["Migrations: Flushing pending migrations for","0044_migrate_tab_resource"]
[18767][1784058691546][requester][info]["Migrations: Updating status in migration context",{"0000_initial":"finished","0001_add_archived_resources_table":"finished","0002_add_variable_sessions_table":"finished","0003_add_editor_tables":"finished","0004_migrate_ws_session_data":"finished","0005_cleanup_request_response_and_history_body":"finished","0006_add_dbp_to_request_response_and_history":"finished","0007_add_sync_client_buckets_by_order_id_table":"finished","0008_migrate_to_sync_client_buckets_by_order_id":"finished","0009_remove_sync_client_buckets_table":"finished","0010_add_history_owner":"finished","0011_add_history_response_table":"finished","0012_add_user_data_table":"finished","0013_sanitize_request_response_and_history_methods":"finished","0014_sanitize_response_requestobject_rawmodedata":"finished","0015_add_favorited_collections_table":"finished","0016_add_permission_table":"finished","0017_add_user_preferences_table":"finished","0018_index_header_presets":"finished","0019_migrate_favorite_collections_data":"finished","0020_migrate_sync_client_revision":"finished","0021_clear_permissions":"finished","0022_add_workspace_header_presets":"finished","0023_remove_collection_permissions_and_shared":"finished","0024_add_console_timelines_table":"finished","0025_add_console_events_table":"finished","0026_index_console_events":"finished","0027_add_console_blob_table":"finished","0028_add_runner_data_table":"finished","0029_add_api_schema_table":"finished","0030_migrate_collection_runs":"finished","0031_add_api_relation_table":"finished","0032_index_workspacesession_editor":"finished","0033_add_editor_data_cache_table":"finished","0034_migrate_editor_data":"finished","0035_remove_editors_table":"finished","0036_add_auth_sessions_table":"finished","0037_add_list_cache_table":"finished","0038_add_cookies_table":"finished","0039_add_runtime_preferences_table":"finished","0040_index_cookies_table":"finished","0041_update_collections_folder_request_response_with_owner_and_uid":"finished","0042_migrate_runtime_user_preferences":"finished","0043_cleanup_launchpad_bootcamp":"finished"}]
[18767][1784058691546][requester][info]["Migrations: Updated status in migration context",{"0000_initial":"finished","0001_add_archived_resources_table":"finished","0002_add_variable_sessions_table":"finished","0003_add_editor_tables":"finished","0004_migrate_ws_session_data":"finished","0005_cleanup_request_response_and_history_body":"finished","0006_add_dbp_to_request_response_and_history":"finished","0007_add_sync_client_buckets_by_order_id_table":"finished","0008_migrate_to_sync_client_buckets_by_order_id":"finished","0009_remove_sync_client_buckets_table":"finished","0010_add_history_owner":"finished","0011_add_history_response_table":"finished","0012_add_user_data_table":"finished","0013_sanitize_request_response_and_history_methods":"finished","0014_sanitize_response_requestobject_rawmodedata":"finished","0015_add_favorited_collections_table":"finished","0016_add_permission_table":"finished","0017_add_user_preferences_table":"finished","0018_index_header_presets":"finished","0019_migrate_favorite_collections_data":"finished","0020_migrate_sync_client_revision":"finished","0021_clear_permissions":"finished","0022_add_workspace_header_presets":"finished","0023_remove_collection_permissions_and_shared":"finished","0024_add_console_timelines_table":"finished","0025_add_console_events_table":"finished","0026_index_console_events":"finished","0027_add_console_blob_table":"finished","0028_add_runner_data_table":"finished","0029_add_api_schema_table":"finished","0030_migrate_collection_runs":"finished","0031_add_api_relation_table":"finished","0032_index_workspacesession_editor":"finished","0033_add_editor_data_cache_table":"finished","0034_migrate_editor_data":"finished","0035_remove_editors_table":"finished","0036_add_auth_sessions_table":"finished","0037_add_list_cache_table":"finished","0038_add_cookies_table":"finished","0039_add_runtime_preferences_table":"finished","0040_index_cookies_table":"finished","0041_update_collections_folder_request_response_with_owner_and_uid":"finished","0042_migrate_runtime_user_preferences":"finished","0043_cleanup_launchpad_bootcamp":"finished"}]
[18767][1784058691546][requester][info]["Migrations: Setting context before starting migration","0044_migrate_tab_resource",{"0000_initial":"finished","0001_add_archived_resources_table":"finished","0002_add_variable_sessions_table":"finished","0003_add_editor_tables":"finished","0004_migrate_ws_session_data":"finished","0005_cleanup_request_response_and_history_body":"finished","0006_add_dbp_to_request_response_and_history":"finished","0007_add_sync_client_buckets_by_order_id_table":"finished","0008_migrate_to_sync_client_buckets_by_order_id":"finished","0009_remove_sync_client_buckets_table":"finished","0010_add_history_owner":"finished","0011_add_history_response_table":"finished","0012_add_user_data_table":"finished","0013_sanitize_request_response_and_history_methods":"finished","0014_sanitize_response_requestobject_rawmodedata":"finished","0015_add_favorited_collections_table":"finished","0016_add_permission_table":"finished","0017_add_user_preferences_table":"finished","0018_index_header_presets":"finished","0019_migrate_favorite_collections_data":"finished","0020_migrate_sync_client_revision":"finished","0021_clear_permissions":"finished","0022_add_workspace_header_presets":"finished","0023_remove_collection_permissions_and_shared":"finished","0024_add_console_timelines_table":"finished","0025_add_console_events_table":"finished","0026_index_console_events":"finished","0027_add_console_blob_table":"finished","0028_add_runner_data_table":"finished","0029_add_api_schema_table":"finished","0030_migrate_collection_runs":"finished","0031_add_api_relation_table":"finished","0032_index_workspacesession_editor":"finished","0033_add_editor_data_cache_table":"finished","0034_migrate_editor_data":"finished","0035_remove_editors_table":"finished","0036_add_auth_sessions_table":"finished","0037_add_list_cache_table":"finished","0038_add_cookies_table":"finished","0039_add_runtime_preferences_table":"finished","0040_index_cookies_table":"finished","0041_update_collections_folder_request_response_with_owner_and_uid":"finished","0042_migrate_runtime_user_preferences":"finished","0043_cleanup_launchpad_bootcamp":"finished","0044_migrate_tab_resource":"started"}]
[18767][1784058691546][requester][info]["Migrations: Applying migration","0044_migrate_tab_resource"]
[18767][1784058691546][requester][info]["Migrations: Processing IndexedDB data migration","0044_migrate_tab_resource"]
[18767][1784058691546][requester][info]["MigrateTabResource: Updating the older tab resource to newer format"]
[18767][1784058691547][requester][info]["Migrations: Saving migration context after completion","0044_migrate_tab_resource",{"0000_initial":"finished","0001_add_archived_resources_table":"finished","0002_add_variable_sessions_table":"finished","0003_add_editor_tables":"finished","0004_migrate_ws_session_data":"finished","0005_cleanup_request_response_and_history_body":"finished","0006_add_dbp_to_request_response_and_history":"finished","0007_add_sync_client_buckets_by_order_id_table":"finished","0008_migrate_to_sync_client_buckets_by_order_id":"finished","0009_remove_sync_client_buckets_table":"finished","0010_add_history_owner":"finished","0011_add_history_response_table":"finished","0012_add_user_data_table":"finished","0013_sanitize_request_response_and_history_methods":"finished","0014_sanitize_response_requestobject_rawmodedata":"finished","0015_add_favorited_collections_table":"finished","0016_add_permission_table":"finished","0017_add_user_preferences_table":"finished","0018_index_header_presets":"finished","0019_migrate_favorite_collections_data":"finished","0020_migrate_sync_client_revision":"finished","0021_clear_permissions":"finished","0022_add_workspace_header_presets":"finished","0023_remove_collection_permissions_and_shared":"finished","0024_add_console_timelines_table":"finished","0025_add_console_events_table":"finished","0026_index_console_events":"finished","0027_add_console_blob_table":"finished","0028_add_runner_data_table":"finished","0029_add_api_schema_table":"finished","0030_migrate_collection_runs":"finished","0031_add_api_relation_table":"finished","0032_index_workspacesession_editor":"finished","0033_add_editor_data_cache_table":"finished","0034_migrate_editor_data":"finished","0035_remove_editors_table":"finished","0036_add_auth_sessions_table":"finished","0037_add_list_cache_table":"finished","0038_add_cookies_table":"finished","0039_add_runtime_preferences_table":"finished","0040_index_cookies_table":"finished","0041_update_collections_folder_request_response_with_owner_and_uid":"finished","0042_migrate_runtime_user_preferences":"finished","0043_cleanup_launchpad_bootcamp":"finished","0044_migrate_tab_resource":"started"}]
[18767][1784058691547][requester][info]["Migrations: Starting migration","0045_add_runtime_entity_settings_table"]
[18767][1784058691547][requester][info]["Migrations: Setting context before starting migration","0045_add_runtime_entity_settings_table",{"0000_initial":"finished","0001_add_archived_resources_table":"finished","0002_add_variable_sessions_table":"finished","0003_add_editor_tables":"finished","0004_migrate_ws_session_data":"finished","0005_cleanup_request_response_and_history_body":"finished","0006_add_dbp_to_request_response_and_history":"finished","0007_add_sync_client_buckets_by_order_id_table":"finished","0008_migrate_to_sync_client_buckets_by_order_id":"finished","0009_remove_sync_client_buckets_table":"finished","0010_add_history_owner":"finished","0011_add_history_response_table":"finished","0012_add_user_data_table":"finished","0013_sanitize_request_response_and_history_methods":"finished","0014_sanitize_response_requestobject_rawmodedata":"finished","0015_add_favorited_collections_table":"finished","0016_add_permission_table":"finished","0017_add_user_preferences_table":"finished","0018_index_header_presets":"finished","0019_migrate_favorite_collections_data":"finished","0020_migrate_sync_client_revision":"finished","0021_clear_permissions":"finished","0022_add_workspace_header_presets":"finished","0023_remove_collection_permissions_and_shared":"finished","0024_add_console_timelines_table":"finished","0025_add_console_events_table":"finished","0026_index_console_events":"finished","0027_add_console_blob_table":"finished","0028_add_runner_data_table":"finished","0029_add_api_schema_table":"finished","0030_migrate_collection_runs":"finished","0031_add_api_relation_table":"finished","0032_index_workspacesession_editor":"finished","0033_add_editor_data_cache_table":"finished","0034_migrate_editor_data":"finished","0035_remove_editors_table":"finished","0036_add_auth_sessions_table":"finished","0037_add_list_cache_table":"finished","0038_add_cookies_table":"finished","0039_add_runtime_preferences_table":"finished","0040_index_cookies_table":"finished","0041_update_collections_folder_request_response_with_owner_and_uid":"finished","0042_migrate_runtime_user_preferences":"finished","0043_cleanup_launchpad_bootcamp":"finished","0044_migrate_tab_resource":"finished","0045_add_runtime_entity_settings_table":"started"}]
[18767][1784058691547][requester][info]["Migrations: Applying migration","0045_add_runtime_entity_settings_table"]
[18767][1784058691547][requester][info]["Migrations: Upgrading IndexedDB to version","0045_add_runtime_entity_settings_table",28]
[18767][1784058691548][requester][info]["Migrations: Adding pending commit to queue","0045_add_runtime_entity_settings_table"]
[18767][1784058691548][requester][info]["Migrations: Starting migration","0046_migrate_responses_order"]
[18767][1784058691548][requester][info]["Migrations: Flushing pending migrations for","0046_migrate_responses_order"]
[18767][1784058691548][requester][info]["Migrations: Flushing pending commit for type","IndexeddbSchemaMigration"]
[18767][1784058691548][requester][info]["Migrations: Committing IndexedDB upgrade"]
[18767][1784058691550][requester][info]["Migrations: Updating status in migration context",{"0000_initial":"finished","0001_add_archived_resources_table":"finished","0002_add_variable_sessions_table":"finished","0003_add_editor_tables":"finished","0004_migrate_ws_session_data":"finished","0005_cleanup_request_response_and_history_body":"finished","0006_add_dbp_to_request_response_and_history":"finished","0007_add_sync_client_buckets_by_order_id_table":"finished","0008_migrate_to_sync_client_buckets_by_order_id":"finished","0009_remove_sync_client_buckets_table":"finished","0010_add_history_owner":"finished","0011_add_history_response_table":"finished","0012_add_user_data_table":"finished","0013_sanitize_request_response_and_history_methods":"finished","0014_sanitize_response_requestobject_rawmodedata":"finished","0015_add_favorited_collections_table":"finished","0016_add_permission_table":"finished","0017_add_user_preferences_table":"finished","0018_index_header_presets":"finished","0019_migrate_favorite_collections_data":"finished","0020_migrate_sync_client_revision":"finished","0021_clear_permissions":"finished","0022_add_workspace_header_presets":"finished","0023_remove_collection_permissions_and_shared":"finished","0024_add_console_timelines_table":"finished","0025_add_console_events_table":"finished","0026_index_console_events":"finished","0027_add_console_blob_table":"finished","0028_add_runner_data_table":"finished","0029_add_api_schema_table":"finished","0030_migrate_collection_runs":"finished","0031_add_api_relation_table":"finished","0032_index_workspacesession_editor":"finished","0033_add_editor_data_cache_table":"finished","0034_migrate_editor_data":"finished","0035_remove_editors_table":"finished","0036_add_auth_sessions_table":"finished","0037_add_list_cache_table":"finished","0038_add_cookies_table":"finished","0039_add_runtime_preferences_table":"finished","0040_index_cookies_table":"finished","0041_update_collections_folder_request_response_with_owner_and_uid":"finished","0042_migrate_runtime_user_preferences":"finished","0043_cleanup_launchpad_bootcamp":"finished","0044_migrate_tab_resource":"finished","0045_add_runtime_entity_settings_table":"started"}]
[18767][1784058691550][requester][info]["Migrations: Updated status in migration context",{"0000_initial":"finished","0001_add_archived_resources_table":"finished","0002_add_variable_sessions_table":"finished","0003_add_editor_tables":"finished","0004_migrate_ws_session_data":"finished","0005_cleanup_request_response_and_history_body":"finished","0006_add_dbp_to_request_response_and_history":"finished","0007_add_sync_client_buckets_by_order_id_table":"finished","0008_migrate_to_sync_client_buckets_by_order_id":"finished","0009_remove_sync_client_buckets_table":"finished","0010_add_history_owner":"finished","0011_add_history_response_table":"finished","0012_add_user_data_table":"finished","0013_sanitize_request_response_and_history_methods":"finished","0014_sanitize_response_requestobject_rawmodedata":"finished","0015_add_favorited_collections_table":"finished","0016_add_permission_table":"finished","0017_add_user_preferences_table":"finished","0018_index_header_presets":"finished","0019_migrate_favorite_collections_data":"finished","0020_migrate_sync_client_revision":"finished","0021_clear_permissions":"finished","0022_add_workspace_header_presets":"finished","0023_remove_collection_permissions_and_shared":"finished","0024_add_console_timelines_table":"finished","0025_add_console_events_table":"finished","0026_index_console_events":"finished","0027_add_console_blob_table":"finished","0028_add_runner_data_table":"finished","0029_add_api_schema_table":"finished","0030_migrate_collection_runs":"finished","0031_add_api_relation_table":"finished","0032_index_workspacesession_editor":"finished","0033_add_editor_data_cache_table":"finished","0034_migrate_editor_data":"finished","0035_remove_editors_table":"finished","0036_add_auth_sessions_table":"finished","0037_add_list_cache_table":"finished","0038_add_cookies_table":"finished","0039_add_runtime_preferences_table":"finished","0040_index_cookies_table":"finished","0041_update_collections_folder_request_response_with_owner_and_uid":"finished","0042_migrate_runtime_user_preferences":"finished","0043_cleanup_launchpad_bootcamp":"finished","0044_migrate_tab_resource":"finished","0045_add_runtime_entity_settings_table":"finished"}]
[18767][1784058691551][requester][info]["Migrations: Setting context before starting migration","0046_migrate_responses_order",{"0000_initial":"finished","0001_add_archived_resources_table":"finished","0002_add_variable_sessions_table":"finished","0003_add_editor_tables":"finished","0004_migrate_ws_session_data":"finished","0005_cleanup_request_response_and_history_body":"finished","0006_add_dbp_to_request_response_and_history":"finished","0007_add_sync_client_buckets_by_order_id_table":"finished","0008_migrate_to_sync_client_buckets_by_order_id":"finished","0009_remove_sync_client_buckets_table":"finished","0010_add_history_owner":"finished","0011_add_history_response_table":"finished","0012_add_user_data_table":"finished","0013_sanitize_request_response_and_history_methods":"finished","0014_sanitize_response_requestobject_rawmodedata":"finished","0015_add_favorited_collections_table":"finished","0016_add_permission_table":"finished","0017_add_user_preferences_table":"finished","0018_index_header_presets":"finished","0019_migrate_favorite_collections_data":"finished","0020_migrate_sync_client_revision":"finished","0021_clear_permissions":"finished","0022_add_workspace_header_presets":"finished","0023_remove_collection_permissions_and_shared":"finished","0024_add_console_timelines_table":"finished","0025_add_console_events_table":"finished","0026_index_console_events":"finished","0027_add_console_blob_table":"finished","0028_add_runner_data_table":"finished","0029_add_api_schema_table":"finished","0030_migrate_collection_runs":"finished","0031_add_api_relation_table":"finished","0032_index_workspacesession_editor":"finished","0033_add_editor_data_cache_table":"finished","0034_migrate_editor_data":"finished","0035_remove_editors_table":"finished","0036_add_auth_sessions_table":"finished","0037_add_list_cache_table":"finished","0038_add_cookies_table":"finished","0039_add_runtime_preferences_table":"finished","0040_index_cookies_table":"finished","0041_update_collections_folder_request_response_with_owner_and_uid":"finished","0042_migrate_runtime_user_preferences":"finished","0043_cleanup_launchpad_bootcamp":"finished","0044_migrate_tab_resource":"finished","0045_add_runtime_entity_settings_table":"finished","0046_migrate_responses_order":"started"}]
[18767][1784058691551][requester][info]["Migrations: Applying migration","0046_migrate_responses_order"]
[18767][1784058691551][requester][info]["Migrations: Processing IndexedDB data migration","0046_migrate_responses_order"]
[18767][1784058691552][requester][info]["Migration~ResponsesOrder: Migrating Responses order"]
[18767][1784058691553][requester][info]["Migrations: Saving migration context after completion","0046_migrate_responses_order",{"0000_initial":"finished","0001_add_archived_resources_table":"finished","0002_add_variable_sessions_table":"finished","0003_add_editor_tables":"finished","0004_migrate_ws_session_data":"finished","0005_cleanup_request_response_and_history_body":"finished","0006_add_dbp_to_request_response_and_history":"finished","0007_add_sync_client_buckets_by_order_id_table":"finished","0008_migrate_to_sync_client_buckets_by_order_id":"finished","0009_remove_sync_client_buckets_table":"finished","0010_add_history_owner":"finished","0011_add_history_response_table":"finished","0012_add_user_data_table":"finished","0013_sanitize_request_response_and_history_methods":"finished","0014_sanitize_response_requestobject_rawmodedata":"finished","0015_add_favorited_collections_table":"finished","0016_add_permission_table":"finished","0017_add_user_preferences_table":"finished","0018_index_header_presets":"finished","0019_migrate_favorite_collections_data":"finished","0020_migrate_sync_client_revision":"finished","0021_clear_permissions":"finished","0022_add_workspace_header_presets":"finished","0023_remove_collection_permissions_and_shared":"finished","0024_add_console_timelines_table":"finished","0025_add_console_events_table":"finished","0026_index_console_events":"finished","0027_add_console_blob_table":"finished","0028_add_runner_data_table":"finished","0029_add_api_schema_table":"finished","0030_migrate_collection_runs":"finished","0031_add_api_relation_table":"finished","0032_index_workspacesession_editor":"finished","0033_add_editor_data_cache_table":"finished","0034_migrate_editor_data":"finished","0035_remove_editors_table":"finished","0036_add_auth_sessions_table":"finished","0037_add_list_cache_table":"finished","0038_add_cookies_table":"finished","0039_add_runtime_preferences_table":"finished","0040_index_cookies_table":"finished","0041_update_collections_folder_request_response_with_owner_and_uid":"finished","0042_migrate_runtime_user_preferences":"finished","0043_cleanup_launchpad_bootcamp":"finished","0044_migrate_tab_resource":"finished","0045_add_runtime_entity_settings_table":"finished","0046_migrate_responses_order":"started"}]
[18767][1784058691553][requester][info]["Migrations: Starting migration","0047_update_api_relation_v2_table_indexes"]
[18767][1784058691553][requester][info]["Migrations: Setting context before starting migration","0047_update_api_relation_v2_table_indexes",{"0000_initial":"finished","0001_add_archived_resources_table":"finished","0002_add_variable_sessions_table":"finished","0003_add_editor_tables":"finished","0004_migrate_ws_session_data":"finished","0005_cleanup_request_response_and_history_body":"finished","0006_add_dbp_to_request_response_and_history":"finished","0007_add_sync_client_buckets_by_order_id_table":"finished","0008_migrate_to_sync_client_buckets_by_order_id":"finished","0009_remove_sync_client_buckets_table":"finished","0010_add_history_owner":"finished","0011_add_history_response_table":"finished","0012_add_user_data_table":"finished","0013_sanitize_request_response_and_history_methods":"finished","0014_sanitize_response_requestobject_rawmodedata":"finished","0015_add_favorited_collections_table":"finished","0016_add_permission_table":"finished","0017_add_user_preferences_table":"finished","0018_index_header_presets":"finished","0019_migrate_favorite_collections_data":"finished","0020_migrate_sync_client_revision":"finished","0021_clear_permissions":"finished","0022_add_workspace_header_presets":"finished","0023_remove_collection_permissions_and_shared":"finished","0024_add_console_timelines_table":"finished","0025_add_console_events_table":"finished","0026_index_console_events":"finished","0027_add_console_blob_table":"finished","0028_add_runner_data_table":"finished","0029_add_api_schema_table":"finished","0030_migrate_collection_runs":"finished","0031_add_api_relation_table":"finished","0032_index_workspacesession_editor":"finished","0033_add_editor_data_cache_table":"finished","0034_migrate_editor_data":"finished","0035_remove_editors_table":"finished","0036_add_auth_sessions_table":"finished","0037_add_list_cache_table":"finished","0038_add_cookies_table":"finished","0039_add_runtime_preferences_table":"finished","0040_index_cookies_table":"finished","0041_update_collections_folder_request_response_with_owner_and_uid":"finished","0042_migrate_runtime_user_preferences":"finished","0043_cleanup_launchpad_bootcamp":"finished","0044_migrate_tab_resource":"finished","0045_add_runtime_entity_settings_table":"finished","0046_migrate_responses_order":"finished","0047_update_api_relation_v2_table_indexes":"started"}]
[18767][1784058691553][requester][info]["Migrations: Applying migration","0047_update_api_relation_v2_table_indexes"]
[18767][1784058691553][requester][info]["Migrations: Upgrading IndexedDB to version","0047_update_api_relation_v2_table_indexes",29]
[18767][1784058691554][requester][info]["Migrations: Adding pending commit to queue","0047_update_api_relation_v2_table_indexes"]
[18767][1784058691554][requester][info]["Migrations: Starting migration","0048_add_session_cookie_table"]
[18767][1784058691554][requester][info]["Migrations: Setting context before starting migration","0048_add_session_cookie_table",{"0000_initial":"finished","0001_add_archived_resources_table":"finished","0002_add_variable_sessions_table":"finished","0003_add_editor_tables":"finished","0004_migrate_ws_session_data":"finished","0005_cleanup_request_response_and_history_body":"finished","0006_add_dbp_to_request_response_and_history":"finished","0007_add_sync_client_buckets_by_order_id_table":"finished","0008_migrate_to_sync_client_buckets_by_order_id":"finished","0009_remove_sync_client_buckets_table":"finished","0010_add_history_owner":"finished","0011_add_history_response_table":"finished","0012_add_user_data_table":"finished","0013_sanitize_request_response_and_history_methods":"finished","0014_sanitize_response_requestobject_rawmodedata":"finished","0015_add_favorited_collections_table":"finished","0016_add_permission_table":"finished","0017_add_user_preferences_table":"finished","0018_index_header_presets":"finished","0019_migrate_favorite_collections_data":"finished","0020_migrate_sync_client_revision":"finished","0021_clear_permissions":"finished","0022_add_workspace_header_presets":"finished","0023_remove_collection_permissions_and_shared":"finished","0024_add_console_timelines_table":"finished","0025_add_console_events_table":"finished","0026_index_console_events":"finished","0027_add_console_blob_table":"finished","0028_add_runner_data_table":"finished","0029_add_api_schema_table":"finished","0030_migrate_collection_runs":"finished","0031_add_api_relation_table":"finished","0032_index_workspacesession_editor":"finished","0033_add_editor_data_cache_table":"finished","0034_migrate_editor_data":"finished","0035_remove_editors_table":"finished","0036_add_auth_sessions_table":"finished","0037_add_list_cache_table":"finished","0038_add_cookies_table":"finished","0039_add_runtime_preferences_table":"finished","0040_index_cookies_table":"finished","0041_update_collections_folder_request_response_with_owner_and_uid":"finished","0042_migrate_runtime_user_preferences":"finished","0043_cleanup_launchpad_bootcamp":"finished","0044_migrate_tab_resource":"finished","0045_add_runtime_entity_settings_table":"finished","0046_migrate_responses_order":"finished","0047_update_api_relation_v2_table_indexes":"started","0048_add_session_cookie_table":"started"}]
[18767][1784058691554][requester][info]["Migrations: Applying migration","0048_add_session_cookie_table"]
[18767][1784058691554][requester][info]["Migrations: Upgrading IndexedDB to version","0048_add_session_cookie_table",30]
[18767][1784058691554][requester][info]["Migrations: Adding pending commit to queue","0048_add_session_cookie_table"]
[18767][1784058691554][requester][info]["Migrations: Starting migration","0049_migrate_data_from_file_to_https"]
[18767][1784058691554][requester][info]["Migrations: Flushing pending migrations for","0049_migrate_data_from_file_to_https"]
[18767][1784058691554][requester][info]["Migrations: Flushing pending commit for type","IndexeddbSchemaMigration"]
[18767][1784058691554][requester][info]["Migrations: Committing IndexedDB upgrade"]
[18767][1784058691558][requester][info]["Migrations: Updating status in migration context",{"0000_initial":"finished","0001_add_archived_resources_table":"finished","0002_add_variable_sessions_table":"finished","0003_add_editor_tables":"finished","0004_migrate_ws_session_data":"finished","0005_cleanup_request_response_and_history_body":"finished","0006_add_dbp_to_request_response_and_history":"finished","0007_add_sync_client_buckets_by_order_id_table":"finished","0008_migrate_to_sync_client_buckets_by_order_id":"finished","0009_remove_sync_client_buckets_table":"finished","0010_add_history_owner":"finished","0011_add_history_response_table":"finished","0012_add_user_data_table":"finished","0013_sanitize_request_response_and_history_methods":"finished","0014_sanitize_response_requestobject_rawmodedata":"finished","0015_add_favorited_collections_table":"finished","0016_add_permission_table":"finished","0017_add_user_preferences_table":"finished","0018_index_header_presets":"finished","0019_migrate_favorite_collections_data":"finished","0020_migrate_sync_client_revision":"finished","0021_clear_permissions":"finished","0022_add_workspace_header_presets":"finished","0023_remove_collection_permissions_and_shared":"finished","0024_add_console_timelines_table":"finished","0025_add_console_events_table":"finished","0026_index_console_events":"finished","0027_add_console_blob_table":"finished","0028_add_runner_data_table":"finished","0029_add_api_schema_table":"finished","0030_migrate_collection_runs":"finished","0031_add_api_relation_table":"finished","0032_index_workspacesession_editor":"finished","0033_add_editor_data_cache_table":"finished","0034_migrate_editor_data":"finished","0035_remove_editors_table":"finished","0036_add_auth_sessions_table":"finished","0037_add_list_cache_table":"finished","0038_add_cookies_table":"finished","0039_add_runtime_preferences_table":"finished","0040_index_cookies_table":"finished","0041_update_collections_folder_request_response_with_owner_and_uid":"finished","0042_migrate_runtime_user_preferences":"finished","0043_cleanup_launchpad_bootcamp":"finished","0044_migrate_tab_resource":"finished","0045_add_runtime_entity_settings_table":"finished","0046_migrate_responses_order":"finished","0047_update_api_relation_v2_table_indexes":"started","0048_add_session_cookie_table":"started"}]
[18767][1784058691558][requester][info]["Migrations: Updated status in migration context",{"0000_initial":"finished","0001_add_archived_resources_table":"finished","0002_add_variable_sessions_table":"finished","0003_add_editor_tables":"finished","0004_migrate_ws_session_data":"finished","0005_cleanup_request_response_and_history_body":"finished","0006_add_dbp_to_request_response_and_history":"finished","0007_add_sync_client_buckets_by_order_id_table":"finished","0008_migrate_to_sync_client_buckets_by_order_id":"finished","0009_remove_sync_client_buckets_table":"finished","0010_add_history_owner":"finished","0011_add_history_response_table":"finished","0012_add_user_data_table":"finished","0013_sanitize_request_response_and_history_methods":"finished","0014_sanitize_response_requestobject_rawmodedata":"finished","0015_add_favorited_collections_table":"finished","0016_add_permission_table":"finished","0017_add_user_preferences_table":"finished","0018_index_header_presets":"finished","0019_migrate_favorite_collections_data":"finished","0020_migrate_sync_client_revision":"finished","0021_clear_permissions":"finished","0022_add_workspace_header_presets":"finished","0023_remove_collection_permissions_and_shared":"finished","0024_add_console_timelines_table":"finished","0025_add_console_events_table":"finished","0026_index_console_events":"finished","0027_add_console_blob_table":"finished","0028_add_runner_data_table":"finished","0029_add_api_schema_table":"finished","0030_migrate_collection_runs":"finished","0031_add_api_relation_table":"finished","0032_index_workspacesession_editor":"finished","0033_add_editor_data_cache_table":"finished","0034_migrate_editor_data":"finished","0035_remove_editors_table":"finished","0036_add_auth_sessions_table":"finished","0037_add_list_cache_table":"finished","0038_add_cookies_table":"finished","0039_add_runtime_preferences_table":"finished","0040_index_cookies_table":"finished","0041_update_collections_folder_request_response_with_owner_and_uid":"finished","0042_migrate_runtime_user_preferences":"finished","0043_cleanup_launchpad_bootcamp":"finished","0044_migrate_tab_resource":"finished","0045_add_runtime_entity_settings_table":"finished","0046_migrate_responses_order":"finished","0047_update_api_relation_v2_table_indexes":"finished","0048_add_session_cookie_table":"finished"}]
[18767][1784058691558][requester][info]["Migrations: Setting context before starting migration","0049_migrate_data_from_file_to_https",{"0000_initial":"finished","0001_add_archived_resources_table":"finished","0002_add_variable_sessions_table":"finished","0003_add_editor_tables":"finished","0004_migrate_ws_session_data":"finished","0005_cleanup_request_response_and_history_body":"finished","0006_add_dbp_to_request_response_and_history":"finished","0007_add_sync_client_buckets_by_order_id_table":"finished","0008_migrate_to_sync_client_buckets_by_order_id":"finished","0009_remove_sync_client_buckets_table":"finished","0010_add_history_owner":"finished","0011_add_history_response_table":"finished","0012_add_user_data_table":"finished","0013_sanitize_request_response_and_history_methods":"finished","0014_sanitize_response_requestobject_rawmodedata":"finished","0015_add_favorited_collections_table":"finished","0016_add_permission_table":"finished","0017_add_user_preferences_table":"finished","0018_index_header_presets":"finished","0019_migrate_favorite_collections_data":"finished","0020_migrate_sync_client_revision":"finished","0021_clear_permissions":"finished","0022_add_workspace_header_presets":"finished","0023_remove_collection_permissions_and_shared":"finished","0024_add_console_timelines_table":"finished","0025_add_console_events_table":"finished","0026_index_console_events":"finished","0027_add_console_blob_table":"finished","0028_add_runner_data_table":"finished","0029_add_api_schema_table":"finished","0030_migrate_collection_runs":"finished","0031_add_api_relation_table":"finished","0032_index_workspacesession_editor":"finished","0033_add_editor_data_cache_table":"finished","0034_migrate_editor_data":"finished","0035_remove_editors_table":"finished","0036_add_auth_sessions_table":"finished","0037_add_list_cache_table":"finished","0038_add_cookies_table":"finished","0039_add_runtime_preferences_table":"finished","0040_index_cookies_table":"finished","0041_update_collections_folder_request_response_with_owner_and_uid":"finished","0042_migrate_runtime_user_preferences":"finished","0043_cleanup_launchpad_bootcamp":"finished","0044_migrate_tab_resource":"finished","0045_add_runtime_entity_settings_table":"finished","0046_migrate_responses_order":"finished","0047_update_api_relation_v2_table_indexes":"finished","0048_add_session_cookie_table":"finished","0049_migrate_data_from_file_to_https":"started"}]
[18767][1784058691558][requester][info]["Migrations: Applying migration","0049_migrate_data_from_file_to_https"]
[18767][1784058691558][requester][info]["Migrations: Processing IndexedDB data migration","0049_migrate_data_from_file_to_https"]
[18767][1784058691559][requester][info]["Migrations: Saving migration context after completion","0049_migrate_data_from_file_to_https",{"0000_initial":"finished","0001_add_archived_resources_table":"finished","0002_add_variable_sessions_table":"finished","0003_add_editor_tables":"finished","0004_migrate_ws_session_data":"finished","0005_cleanup_request_response_and_history_body":"finished","0006_add_dbp_to_request_response_and_history":"finished","0007_add_sync_client_buckets_by_order_id_table":"finished","0008_migrate_to_sync_client_buckets_by_order_id":"finished","0009_remove_sync_client_buckets_table":"finished","0010_add_history_owner":"finished","0011_add_history_response_table":"finished","0012_add_user_data_table":"finished","0013_sanitize_request_response_and_history_methods":"finished","0014_sanitize_response_requestobject_rawmodedata":"finished","0015_add_favorited_collections_table":"finished","0016_add_permission_table":"finished","0017_add_user_preferences_table":"finished","0018_index_header_presets":"finished","0019_migrate_favorite_collections_data":"finished","0020_migrate_sync_client_revision":"finished","0021_clear_permissions":"finished","0022_add_workspace_header_presets":"finished","0023_remove_collection_permissions_and_shared":"finished","0024_add_console_timelines_table":"finished","0025_add_console_events_table":"finished","0026_index_console_events":"finished","0027_add_console_blob_table":"finished","0028_add_runner_data_table":"finished","0029_add_api_schema_table":"finished","0030_migrate_collection_runs":"finished","0031_add_api_relation_table":"finished","0032_index_workspacesession_editor":"finished","0033_add_editor_data_cache_table":"finished","0034_migrate_editor_data":"finished","0035_remove_editors_table":"finished","0036_add_auth_sessions_table":"finished","0037_add_list_cache_table":"finished","0038_add_cookies_table":"finished","0039_add_runtime_preferences_table":"finished","0040_index_cookies_table":"finished","0041_update_collections_folder_request_response_with_owner_and_uid":"finished","0042_migrate_runtime_user_preferences":"finished","0043_cleanup_launchpad_bootcamp":"finished","0044_migrate_tab_resource":"finished","0045_add_runtime_entity_settings_table":"finished","0046_migrate_responses_order":"finished","0047_update_api_relation_v2_table_indexes":"finished","0048_add_session_cookie_table":"finished","0049_migrate_data_from_file_to_https":"started"}]
[18767][1784058691559][requester][info]["Migrations: Starting migration","0050_add_usage_table"]
[18767][1784058691559][requester][info]["Migrations: Setting context before starting migration","0050_add_usage_table",{"0000_initial":"finished","0001_add_archived_resources_table":"finished","0002_add_variable_sessions_table":"finished","0003_add_editor_tables":"finished","0004_migrate_ws_session_data":"finished","0005_cleanup_request_response_and_history_body":"finished","0006_add_dbp_to_request_response_and_history":"finished","0007_add_sync_client_buckets_by_order_id_table":"finished","0008_migrate_to_sync_client_buckets_by_order_id":"finished","0009_remove_sync_client_buckets_table":"finished","0010_add_history_owner":"finished","0011_add_history_response_table":"finished","0012_add_user_data_table":"finished","0013_sanitize_request_response_and_history_methods":"finished","0014_sanitize_response_requestobject_rawmodedata":"finished","0015_add_favorited_collections_table":"finished","0016_add_permission_table":"finished","0017_add_user_preferences_table":"finished","0018_index_header_presets":"finished","0019_migrate_favorite_collections_data":"finished","0020_migrate_sync_client_revision":"finished","0021_clear_permissions":"finished","0022_add_workspace_header_presets":"finished","0023_remove_collection_permissions_and_shared":"finished","0024_add_console_timelines_table":"finished","0025_add_console_events_table":"finished","0026_index_console_events":"finished","0027_add_console_blob_table":"finished","0028_add_runner_data_table":"finished","0029_add_api_schema_table":"finished","0030_migrate_collection_runs":"finished","0031_add_api_relation_table":"finished","0032_index_workspacesession_editor":"finished","0033_add_editor_data_cache_table":"finished","0034_migrate_editor_data":"finished","0035_remove_editors_table":"finished","0036_add_auth_sessions_table":"finished","0037_add_list_cache_table":"finished","0038_add_cookies_table":"finished","0039_add_runtime_preferences_table":"finished","0040_index_cookies_table":"finished","0041_update_collections_folder_request_response_with_owner_and_uid":"finished","0042_migrate_runtime_user_preferences":"finished","0043_cleanup_launchpad_bootcamp":"finished","0044_migrate_tab_resource":"finished","0045_add_runtime_entity_settings_table":"finished","0046_migrate_responses_order":"finished","0047_update_api_relation_v2_table_indexes":"finished","0048_add_session_cookie_table":"finished","0049_migrate_data_from_file_to_https":"finished","0050_add_usage_table":"started"}]
[18767][1784058691559][requester][info]["Migrations: Applying migration","0050_add_usage_table"]
[18767][1784058691559][requester][info]["Migrations: Upgrading IndexedDB to version","0050_add_usage_table",31]
[18767][1784058691560][requester][info]["Migrations: Adding pending commit to queue","0050_add_usage_table"]
[18767][1784058691560][requester][info]["Migrations: Starting migration","0051_add_collection_usage_table"]
[18767][1784058691560][requester][info]["Migrations: Setting context before starting migration","0051_add_collection_usage_table",{"0000_initial":"finished","0001_add_archived_resources_table":"finished","0002_add_variable_sessions_table":"finished","0003_add_editor_tables":"finished","0004_migrate_ws_session_data":"finished","0005_cleanup_request_response_and_history_body":"finished","0006_add_dbp_to_request_response_and_history":"finished","0007_add_sync_client_buckets_by_order_id_table":"finished","0008_migrate_to_sync_client_buckets_by_order_id":"finished","0009_remove_sync_client_buckets_table":"finished","0010_add_history_owner":"finished","0011_add_history_response_table":"finished","0012_add_user_data_table":"finished","0013_sanitize_request_response_and_history_methods":"finished","0014_sanitize_response_requestobject_rawmodedata":"finished","0015_add_favorited_collections_table":"finished","0016_add_permission_table":"finished","0017_add_user_preferences_table":"finished","0018_index_header_presets":"finished","0019_migrate_favorite_collections_data":"finished","0020_migrate_sync_client_revision":"finished","0021_clear_permissions":"finished","0022_add_workspace_header_presets":"finished","0023_remove_collection_permissions_and_shared":"finished","0024_add_console_timelines_table":"finished","0025_add_console_events_table":"finished","0026_index_console_events":"finished","0027_add_console_blob_table":"finished","0028_add_runner_data_table":"finished","0029_add_api_schema_table":"finished","0030_migrate_collection_runs":"finished","0031_add_api_relation_table":"finished","0032_index_workspacesession_editor":"finished","0033_add_editor_data_cache_table":"finished","0034_migrate_editor_data":"finished","0035_remove_editors_table":"finished","0036_add_auth_sessions_table":"finished","0037_add_list_cache_table":"finished","0038_add_cookies_table":"finished","0039_add_runtime_preferences_table":"finished","0040_index_cookies_table":"finished","0041_update_collections_folder_request_response_with_owner_and_uid":"finished","0042_migrate_runtime_user_preferences":"finished","0043_cleanup_launchpad_bootcamp":"finished","0044_migrate_tab_resource":"finished","0045_add_runtime_entity_settings_table":"finished","0046_migrate_responses_order":"finished","0047_update_api_relation_v2_table_indexes":"finished","0048_add_session_cookie_table":"finished","0049_migrate_data_from_file_to_https":"finished","0050_add_usage_table":"started","0051_add_collection_usage_table":"started"}]
[18767][1784058691560][requester][info]["Migrations: Applying migration","0051_add_collection_usage_table"]
[18767][1784058691560][requester][info]["Migrations: Upgrading IndexedDB to version","0051_add_collection_usage_table",32]
[18767][1784058691560][requester][info]["Migrations: Adding pending commit to queue","0051_add_collection_usage_table"]
[18767][1784058691560][requester][info]["Migrations: Starting migration","0052_add_ecitem_history_table"]
[18767][1784058691560][requester][info]["Migrations: Setting context before starting migration","0052_add_ecitem_history_table",{"0000_initial":"finished","0001_add_archived_resources_table":"finished","0002_add_variable_sessions_table":"finished","0003_add_editor_tables":"finished","0004_migrate_ws_session_data":"finished","0005_cleanup_request_response_and_history_body":"finished","0006_add_dbp_to_request_response_and_history":"finished","0007_add_sync_client_buckets_by_order_id_table":"finished","0008_migrate_to_sync_client_buckets_by_order_id":"finished","0009_remove_sync_client_buckets_table":"finished","0010_add_history_owner":"finished","0011_add_history_response_table":"finished","0012_add_user_data_table":"finished","0013_sanitize_request_response_and_history_methods":"finished","0014_sanitize_response_requestobject_rawmodedata":"finished","0015_add_favorited_collections_table":"finished","0016_add_permission_table":"finished","0017_add_user_preferences_table":"finished","0018_index_header_presets":"finished","0019_migrate_favorite_collections_data":"finished","0020_migrate_sync_client_revision":"finished","0021_clear_permissions":"finished","0022_add_workspace_header_presets":"finished","0023_remove_collection_permissions_and_shared":"finished","0024_add_console_timelines_table":"finished","0025_add_console_events_table":"finished","0026_index_console_events":"finished","0027_add_console_blob_table":"finished","0028_add_runner_data_table":"finished","0029_add_api_schema_table":"finished","0030_migrate_collection_runs":"finished","0031_add_api_relation_table":"finished","0032_index_workspacesession_editor":"finished","0033_add_editor_data_cache_table":"finished","0034_migrate_editor_data":"finished","0035_remove_editors_table":"finished","0036_add_auth_sessions_table":"finished","0037_add_list_cache_table":"finished","0038_add_cookies_table":"finished","0039_add_runtime_preferences_table":"finished","0040_index_cookies_table":"finished","0041_update_collections_folder_request_response_with_owner_and_uid":"finished","0042_migrate_runtime_user_preferences":"finished","0043_cleanup_launchpad_bootcamp":"finished","0044_migrate_tab_resource":"finished","0045_add_runtime_entity_settings_table":"finished","0046_migrate_responses_order":"finished","0047_update_api_relation_v2_table_indexes":"finished","0048_add_session_cookie_table":"finished","0049_migrate_data_from_file_to_https":"finished","0050_add_usage_table":"started","0051_add_collection_usage_table":"started","0052_add_ecitem_history_table":"started"}]
[18767][1784058691560][requester][info]["Migrations: Applying migration","0052_add_ecitem_history_table"]
[18767][1784058691560][requester][info]["Migrations: Upgrading IndexedDB to version","0052_add_ecitem_history_table",33]
[18767][1784058691561][requester][info]["Migrations: Adding pending commit to queue","0052_add_ecitem_history_table"]
[18767][1784058691561][requester][info]["Migrations: Starting migration","0053_add_timestamp_runner_blob"]
[18767][1784058691561][requester][info]["Migrations: Setting context before starting migration","0053_add_timestamp_runner_blob",{"0000_initial":"finished","0001_add_archived_resources_table":"finished","0002_add_variable_sessions_table":"finished","0003_add_editor_tables":"finished","0004_migrate_ws_session_data":"finished","0005_cleanup_request_response_and_history_body":"finished","0006_add_dbp_to_request_response_and_history":"finished","0007_add_sync_client_buckets_by_order_id_table":"finished","0008_migrate_to_sync_client_buckets_by_order_id":"finished","0009_remove_sync_client_buckets_table":"finished","0010_add_history_owner":"finished","0011_add_history_response_table":"finished","0012_add_user_data_table":"finished","0013_sanitize_request_response_and_history_methods":"finished","0014_sanitize_response_requestobject_rawmodedata":"finished","0015_add_favorited_collections_table":"finished","0016_add_permission_table":"finished","0017_add_user_preferences_table":"finished","0018_index_header_presets":"finished","0019_migrate_favorite_collections_data":"finished","0020_migrate_sync_client_revision":"finished","0021_clear_permissions":"finished","0022_add_workspace_header_presets":"finished","0023_remove_collection_permissions_and_shared":"finished","0024_add_console_timelines_table":"finished","0025_add_console_events_table":"finished","0026_index_console_events":"finished","0027_add_console_blob_table":"finished","0028_add_runner_data_table":"finished","0029_add_api_schema_table":"finished","0030_migrate_collection_runs":"finished","0031_add_api_relation_table":"finished","0032_index_workspacesession_editor":"finished","0033_add_editor_data_cache_table":"finished","0034_migrate_editor_data":"finished","0035_remove_editors_table":"finished","0036_add_auth_sessions_table":"finished","0037_add_list_cache_table":"finished","0038_add_cookies_table":"finished","0039_add_runtime_preferences_table":"finished","0040_index_cookies_table":"finished","0041_update_collections_folder_request_response_with_owner_and_uid":"finished","0042_migrate_runtime_user_preferences":"finished","0043_cleanup_launchpad_bootcamp":"finished","0044_migrate_tab_resource":"finished","0045_add_runtime_entity_settings_table":"finished","0046_migrate_responses_order":"finished","0047_update_api_relation_v2_table_indexes":"finished","0048_add_session_cookie_table":"finished","0049_migrate_data_from_file_to_https":"finished","0050_add_usage_table":"started","0051_add_collection_usage_table":"started","0052_add_ecitem_history_table":"started","0053_add_timestamp_runner_blob":"started"}]
[18767][1784058691561][requester][info]["Migrations: Applying migration","0053_add_timestamp_runner_blob"]
[18767][1784058691561][requester][info]["Migrations: Upgrading IndexedDB to version","0053_add_timestamp_runner_blob",34]
[18767][1784058691562][requester][info]["Migrations: Adding pending commit to queue","0053_add_timestamp_runner_blob"]
[18767][1784058691562][requester][info]["Migrations: Starting migration","0054_encrypt_values_of_variable_sessions_table"]
[18767][1784058691562][requester][info]["Migrations: Flushing pending migrations for","0054_encrypt_values_of_variable_sessions_table"]
[18767][1784058691562][requester][info]["Migrations: Flushing pending commit for type","IndexeddbSchemaMigration"]
[18767][1784058691562][requester][info]["Migrations: Committing IndexedDB upgrade"]
[18767][1784058691569][requester][info]["Migrations: Updating status in migration context",{"0000_initial":"finished","0001_add_archived_resources_table":"finished","0002_add_variable_sessions_table":"finished","0003_add_editor_tables":"finished","0004_migrate_ws_session_data":"finished","0005_cleanup_request_response_and_history_body":"finished","0006_add_dbp_to_request_response_and_history":"finished","0007_add_sync_client_buckets_by_order_id_table":"finished","0008_migrate_to_sync_client_buckets_by_order_id":"finished","0009_remove_sync_client_buckets_table":"finished","0010_add_history_owner":"finished","0011_add_history_response_table":"finished","0012_add_user_data_table":"finished","0013_sanitize_request_response_and_history_methods":"finished","0014_sanitize_response_requestobject_rawmodedata":"finished","0015_add_favorited_collections_table":"finished","0016_add_permission_table":"finished","0017_add_user_preferences_table":"finished","0018_index_header_presets":"finished","0019_migrate_favorite_collections_data":"finished","0020_migrate_sync_client_revision":"finished","0021_clear_permissions":"finished","0022_add_workspace_header_presets":"finished","0023_remove_collection_permissions_and_shared":"finished","0024_add_console_timelines_table":"finished","0025_add_console_events_table":"finished","0026_index_console_events":"finished","0027_add_console_blob_table":"finished","0028_add_runner_data_table":"finished","0029_add_api_schema_table":"finished","0030_migrate_collection_runs":"finished","0031_add_api_relation_table":"finished","0032_index_workspacesession_editor":"finished","0033_add_editor_data_cache_table":"finished","0034_migrate_editor_data":"finished","0035_remove_editors_table":"finished","0036_add_auth_sessions_table":"finished","0037_add_list_cache_table":"finished","0038_add_cookies_table":"finished","0039_add_runtime_preferences_table":"finished","0040_index_cookies_table":"finished","0041_update_collections_folder_request_response_with_owner_and_uid":"finished","0042_migrate_runtime_user_preferences":"finished","0043_cleanup_launchpad_bootcamp":"finished","0044_migrate_tab_resource":"finished","0045_add_runtime_entity_settings_table":"finished","0046_migrate_responses_order":"finished","0047_update_api_relation_v2_table_indexes":"finished","0048_add_session_cookie_table":"finished","0049_migrate_data_from_file_to_https":"finished","0050_add_usage_table":"started","0051_add_collection_usage_table":"started","0052_add_ecitem_history_table":"started","0053_add_timestamp_runner_blob":"started"}]
[18767][1784058691569][requester][info]["Migrations: Updated status in migration context",{"0000_initial":"finished","0001_add_archived_resources_table":"finished","0002_add_variable_sessions_table":"finished","0003_add_editor_tables":"finished","0004_migrate_ws_session_data":"finished","0005_cleanup_request_response_and_history_body":"finished","0006_add_dbp_to_request_response_and_history":"finished","0007_add_sync_client_buckets_by_order_id_table":"finished","0008_migrate_to_sync_client_buckets_by_order_id":"finished","0009_remove_sync_client_buckets_table":"finished","0010_add_history_owner":"finished","0011_add_history_response_table":"finished","0012_add_user_data_table":"finished","0013_sanitize_request_response_and_history_methods":"finished","0014_sanitize_response_requestobject_rawmodedata":"finished","0015_add_favorited_collections_table":"finished","0016_add_permission_table":"finished","0017_add_user_preferences_table":"finished","0018_index_header_presets":"finished","0019_migrate_favorite_collections_data":"finished","0020_migrate_sync_client_revision":"finished","0021_clear_permissions":"finished","0022_add_workspace_header_presets":"finished","0023_remove_collection_permissions_and_shared":"finished","0024_add_console_timelines_table":"finished","0025_add_console_events_table":"finished","0026_index_console_events":"finished","0027_add_console_blob_table":"finished","0028_add_runner_data_table":"finished","0029_add_api_schema_table":"finished","0030_migrate_collection_runs":"finished","0031_add_api_relation_table":"finished","0032_index_workspacesession_editor":"finished","0033_add_editor_data_cache_table":"finished","0034_migrate_editor_data":"finished","0035_remove_editors_table":"finished","0036_add_auth_sessions_table":"finished","0037_add_list_cache_table":"finished","0038_add_cookies_table":"finished","0039_add_runtime_preferences_table":"finished","0040_index_cookies_table":"finished","0041_update_collections_folder_request_response_with_owner_and_uid":"finished","0042_migrate_runtime_user_preferences":"finished","0043_cleanup_launchpad_bootcamp":"finished","0044_migrate_tab_resource":"finished","0045_add_runtime_entity_settings_table":"finished","0046_migrate_responses_order":"finished","0047_update_api_relation_v2_table_indexes":"finished","0048_add_session_cookie_table":"finished","0049_migrate_data_from_file_to_https":"finished","0050_add_usage_table":"finished","0051_add_collection_usage_table":"finished","0052_add_ecitem_history_table":"finished","0053_add_timestamp_runner_blob":"finished"}]
[18767][1784058691569][requester][info]["Migrations: Setting context before starting migration","0054_encrypt_values_of_variable_sessions_table",{"0000_initial":"finished","0001_add_archived_resources_table":"finished","0002_add_variable_sessions_table":"finished","0003_add_editor_tables":"finished","0004_migrate_ws_session_data":"finished","0005_cleanup_request_response_and_history_body":"finished","0006_add_dbp_to_request_response_and_history":"finished","0007_add_sync_client_buckets_by_order_id_table":"finished","0008_migrate_to_sync_client_buckets_by_order_id":"finished","0009_remove_sync_client_buckets_table":"finished","0010_add_history_owner":"finished","0011_add_history_response_table":"finished","0012_add_user_data_table":"finished","0013_sanitize_request_response_and_history_methods":"finished","0014_sanitize_response_requestobject_rawmodedata":"finished","0015_add_favorited_collections_table":"finished","0016_add_permission_table":"finished","0017_add_user_preferences_table":"finished","0018_index_header_presets":"finished","0019_migrate_favorite_collections_data":"finished","0020_migrate_sync_client_revision":"finished","0021_clear_permissions":"finished","0022_add_workspace_header_presets":"finished","0023_remove_collection_permissions_and_shared":"finished","0024_add_console_timelines_table":"finished","0025_add_console_events_table":"finished","0026_index_console_events":"finished","0027_add_console_blob_table":"finished","0028_add_runner_data_table":"finished","0029_add_api_schema_table":"finished","0030_migrate_collection_runs":"finished","0031_add_api_relation_table":"finished","0032_index_workspacesession_editor":"finished","0033_add_editor_data_cache_table":"finished","0034_migrate_editor_data":"finished","0035_remove_editors_table":"finished","0036_add_auth_sessions_table":"finished","0037_add_list_cache_table":"finished","0038_add_cookies_table":"finished","0039_add_runtime_preferences_table":"finished","0040_index_cookies_table":"finished","0041_update_collections_folder_request_response_with_owner_and_uid":"finished","0042_migrate_runtime_user_preferences":"finished","0043_cleanup_launchpad_bootcamp":"finished","0044_migrate_tab_resource":"finished","0045_add_runtime_entity_settings_table":"finished","0046_migrate_responses_order":"finished","0047_update_api_relation_v2_table_indexes":"finished","0048_add_session_cookie_table":"finished","0049_migrate_data_from_file_to_https":"finished","0050_add_usage_table":"finished","0051_add_collection_usage_table":"finished","0052_add_ecitem_history_table":"finished","0053_add_timestamp_runner_blob":"finished","0054_encrypt_values_of_variable_sessions_table":"started"}]
[18767][1784058691569][requester][info]["Migrations: Applying migration","0054_encrypt_values_of_variable_sessions_table"]
[18767][1784058691569][requester][info]["Migrations: Processing IndexedDB data migration","0054_encrypt_values_of_variable_sessions_table"]
[18767][1784058691570][requester][info]["Migrations: Saving migration context after completion","0054_encrypt_values_of_variable_sessions_table",{"0000_initial":"finished","0001_add_archived_resources_table":"finished","0002_add_variable_sessions_table":"finished","0003_add_editor_tables":"finished","0004_migrate_ws_session_data":"finished","0005_cleanup_request_response_and_history_body":"finished","0006_add_dbp_to_request_response_and_history":"finished","0007_add_sync_client_buckets_by_order_id_table":"finished","0008_migrate_to_sync_client_buckets_by_order_id":"finished","0009_remove_sync_client_buckets_table":"finished","0010_add_history_owner":"finished","0011_add_history_response_table":"finished","0012_add_user_data_table":"finished","0013_sanitize_request_response_and_history_methods":"finished","0014_sanitize_response_requestobject_rawmodedata":"finished","0015_add_favorited_collections_table":"finished","0016_add_permission_table":"finished","0017_add_user_preferences_table":"finished","0018_index_header_presets":"finished","0019_migrate_favorite_collections_data":"finished","0020_migrate_sync_client_revision":"finished","0021_clear_permissions":"finished","0022_add_workspace_header_presets":"finished","0023_remove_collection_permissions_and_shared":"finished","0024_add_console_timelines_table":"finished","0025_add_console_events_table":"finished","0026_index_console_events":"finished","0027_add_console_blob_table":"finished","0028_add_runner_data_table":"finished","0029_add_api_schema_table":"finished","0030_migrate_collection_runs":"finished","0031_add_api_relation_table":"finished","0032_index_workspacesession_editor":"finished","0033_add_editor_data_cache_table":"finished","0034_migrate_editor_data":"finished","0035_remove_editors_table":"finished","0036_add_auth_sessions_table":"finished","0037_add_list_cache_table":"finished","0038_add_cookies_table":"finished","0039_add_runtime_preferences_table":"finished","0040_index_cookies_table":"finished","0041_update_collections_folder_request_response_with_owner_and_uid":"finished","0042_migrate_runtime_user_preferences":"finished","0043_cleanup_launchpad_bootcamp":"finished","0044_migrate_tab_resource":"finished","0045_add_runtime_entity_settings_table":"finished","0046_migrate_responses_order":"finished","0047_update_api_relation_v2_table_indexes":"finished","0048_add_session_cookie_table":"finished","0049_migrate_data_from_file_to_https":"finished","0050_add_usage_table":"finished","0051_add_collection_usage_table":"finished","0052_add_ecitem_history_table":"finished","0053_add_timestamp_runner_blob":"finished","0054_encrypt_values_of_variable_sessions_table":"started"}]
[18767][1784058691570][requester][info]["Migrations: Starting migration","0055_encrypt_buffers_of_editor_models_table"]
[18767][1784058691570][requester][info]["Migrations: Flushing pending migrations for","0055_encrypt_buffers_of_editor_models_table"]
[18767][1784058691570][requester][info]["Migrations: Updating status in migration context",{"0000_initial":"finished","0001_add_archived_resources_table":"finished","0002_add_variable_sessions_table":"finished","0003_add_editor_tables":"finished","0004_migrate_ws_session_data":"finished","0005_cleanup_request_response_and_history_body":"finished","0006_add_dbp_to_request_response_and_history":"finished","0007_add_sync_client_buckets_by_order_id_table":"finished","0008_migrate_to_sync_client_buckets_by_order_id":"finished","0009_remove_sync_client_buckets_table":"finished","0010_add_history_owner":"finished","0011_add_history_response_table":"finished","0012_add_user_data_table":"finished","0013_sanitize_request_response_and_history_methods":"finished","0014_sanitize_response_requestobject_rawmodedata":"finished","0015_add_favorited_collections_table":"finished","0016_add_permission_table":"finished","0017_add_user_preferences_table":"finished","0018_index_header_presets":"finished","0019_migrate_favorite_collections_data":"finished","0020_migrate_sync_client_revision":"finished","0021_clear_permissions":"finished","0022_add_workspace_header_presets":"finished","0023_remove_collection_permissions_and_shared":"finished","0024_add_console_timelines_table":"finished","0025_add_console_events_table":"finished","0026_index_console_events":"finished","0027_add_console_blob_table":"finished","0028_add_runner_data_table":"finished","0029_add_api_schema_table":"finished","0030_migrate_collection_runs":"finished","0031_add_api_relation_table":"finished","0032_index_workspacesession_editor":"finished","0033_add_editor_data_cache_table":"finished","0034_migrate_editor_data":"finished","0035_remove_editors_table":"finished","0036_add_auth_sessions_table":"finished","0037_add_list_cache_table":"finished","0038_add_cookies_table":"finished","0039_add_runtime_preferences_table":"finished","0040_index_cookies_table":"finished","0041_update_collections_folder_request_response_with_owner_and_uid":"finished","0042_migrate_runtime_user_preferences":"finished","0043_cleanup_launchpad_bootcamp":"finished","0044_migrate_tab_resource":"finished","0045_add_runtime_entity_settings_table":"finished","0046_migrate_responses_order":"finished","0047_update_api_relation_v2_table_indexes":"finished","0048_add_session_cookie_table":"finished","0049_migrate_data_from_file_to_https":"finished","0050_add_usage_table":"finished","0051_add_collection_usage_table":"finished","0052_add_ecitem_history_table":"finished","0053_add_timestamp_runner_blob":"finished","0054_encrypt_values_of_variable_sessions_table":"finished"}]
[18767][1784058691570][requester][info]["Migrations: Updated status in migration context",{"0000_initial":"finished","0001_add_archived_resources_table":"finished","0002_add_variable_sessions_table":"finished","0003_add_editor_tables":"finished","0004_migrate_ws_session_data":"finished","0005_cleanup_request_response_and_history_body":"finished","0006_add_dbp_to_request_response_and_history":"finished","0007_add_sync_client_buckets_by_order_id_table":"finished","0008_migrate_to_sync_client_buckets_by_order_id":"finished","0009_remove_sync_client_buckets_table":"finished","0010_add_history_owner":"finished","0011_add_history_response_table":"finished","0012_add_user_data_table":"finished","0013_sanitize_request_response_and_history_methods":"finished","0014_sanitize_response_requestobject_rawmodedata":"finished","0015_add_favorited_collections_table":"finished","0016_add_permission_table":"finished","0017_add_user_preferences_table":"finished","0018_index_header_presets":"finished","0019_migrate_favorite_collections_data":"finished","0020_migrate_sync_client_revision":"finished","0021_clear_permissions":"finished","0022_add_workspace_header_presets":"finished","0023_remove_collection_permissions_and_shared":"finished","0024_add_console_timelines_table":"finished","0025_add_console_events_table":"finished","0026_index_console_events":"finished","0027_add_console_blob_table":"finished","0028_add_runner_data_table":"finished","0029_add_api_schema_table":"finished","0030_migrate_collection_runs":"finished","0031_add_api_relation_table":"finished","0032_index_workspacesession_editor":"finished","0033_add_editor_data_cache_table":"finished","0034_migrate_editor_data":"finished","0035_remove_editors_table":"finished","0036_add_auth_sessions_table":"finished","0037_add_list_cache_table":"finished","0038_add_cookies_table":"finished","0039_add_runtime_preferences_table":"finished","0040_index_cookies_table":"finished","0041_update_collections_folder_request_response_with_owner_and_uid":"finished","0042_migrate_runtime_user_preferences":"finished","0043_cleanup_launchpad_bootcamp":"finished","0044_migrate_tab_resource":"finished","0045_add_runtime_entity_settings_table":"finished","0046_migrate_responses_order":"finished","0047_update_api_relation_v2_table_indexes":"finished","0048_add_session_cookie_table":"finished","0049_migrate_data_from_file_to_https":"finished","0050_add_usage_table":"finished","0051_add_collection_usage_table":"finished","0052_add_ecitem_history_table":"finished","0053_add_timestamp_runner_blob":"finished","0054_encrypt_values_of_variable_sessions_table":"finished"}]
[18767][1784058691570][requester][info]["Migrations: Setting context before starting migration","0055_encrypt_buffers_of_editor_models_table",{"0000_initial":"finished","0001_add_archived_resources_table":"finished","0002_add_variable_sessions_table":"finished","0003_add_editor_tables":"finished","0004_migrate_ws_session_data":"finished","0005_cleanup_request_response_and_history_body":"finished","0006_add_dbp_to_request_response_and_history":"finished","0007_add_sync_client_buckets_by_order_id_table":"finished","0008_migrate_to_sync_client_buckets_by_order_id":"finished","0009_remove_sync_client_buckets_table":"finished","0010_add_history_owner":"finished","0011_add_history_response_table":"finished","0012_add_user_data_table":"finished","0013_sanitize_request_response_and_history_methods":"finished","0014_sanitize_response_requestobject_rawmodedata":"finished","0015_add_favorited_collections_table":"finished","0016_add_permission_table":"finished","0017_add_user_preferences_table":"finished","0018_index_header_presets":"finished","0019_migrate_favorite_collections_data":"finished","0020_migrate_sync_client_revision":"finished","0021_clear_permissions":"finished","0022_add_workspace_header_presets":"finished","0023_remove_collection_permissions_and_shared":"finished","0024_add_console_timelines_table":"finished","0025_add_console_events_table":"finished","0026_index_console_events":"finished","0027_add_console_blob_table":"finished","0028_add_runner_data_table":"finished","0029_add_api_schema_table":"finished","0030_migrate_collection_runs":"finished","0031_add_api_relation_table":"finished","0032_index_workspacesession_editor":"finished","0033_add_editor_data_cache_table":"finished","0034_migrate_editor_data":"finished","0035_remove_editors_table":"finished","0036_add_auth_sessions_table":"finished","0037_add_list_cache_table":"finished","0038_add_cookies_table":"finished","0039_add_runtime_preferences_table":"finished","0040_index_cookies_table":"finished","0041_update_collections_folder_request_response_with_owner_and_uid":"finished","0042_migrate_runtime_user_preferences":"finished","0043_cleanup_launchpad_bootcamp":"finished","0044_migrate_tab_resource":"finished","0045_add_runtime_entity_settings_table":"finished","0046_migrate_responses_order":"finished","0047_update_api_relation_v2_table_indexes":"finished","0048_add_session_cookie_table":"finished","0049_migrate_data_from_file_to_https":"finished","0050_add_usage_table":"finished","0051_add_collection_usage_table":"finished","0052_add_ecitem_history_table":"finished","0053_add_timestamp_runner_blob":"finished","0054_encrypt_values_of_variable_sessions_table":"finished","0055_encrypt_buffers_of_editor_models_table":"started"}]
[18767][1784058691571][requester][info]["Migrations: Applying migration","0055_encrypt_buffers_of_editor_models_table"]
[18767][1784058691571][requester][info]["Migrations: Processing IndexedDB data migration","0055_encrypt_buffers_of_editor_models_table"]
[18767][1784058691571][requester][info]["Migrations: Saving migration context after completion","0055_encrypt_buffers_of_editor_models_table",{"0000_initial":"finished","0001_add_archived_resources_table":"finished","0002_add_variable_sessions_table":"finished","0003_add_editor_tables":"finished","0004_migrate_ws_session_data":"finished","0005_cleanup_request_response_and_history_body":"finished","0006_add_dbp_to_request_response_and_history":"finished","0007_add_sync_client_buckets_by_order_id_table":"finished","0008_migrate_to_sync_client_buckets_by_order_id":"finished","0009_remove_sync_client_buckets_table":"finished","0010_add_history_owner":"finished","0011_add_history_response_table":"finished","0012_add_user_data_table":"finished","0013_sanitize_request_response_and_history_methods":"finished","0014_sanitize_response_requestobject_rawmodedata":"finished","0015_add_favorited_collections_table":"finished","0016_add_permission_table":"finished","0017_add_user_preferences_table":"finished","0018_index_header_presets":"finished","0019_migrate_favorite_collections_data":"finished","0020_migrate_sync_client_revision":"finished","0021_clear_permissions":"finished","0022_add_workspace_header_presets":"finished","0023_remove_collection_permissions_and_shared":"finished","0024_add_console_timelines_table":"finished","0025_add_console_events_table":"finished","0026_index_console_events":"finished","0027_add_console_blob_table":"finished","0028_add_runner_data_table":"finished","0029_add_api_schema_table":"finished","0030_migrate_collection_runs":"finished","0031_add_api_relation_table":"finished","0032_index_workspacesession_editor":"finished","0033_add_editor_data_cache_table":"finished","0034_migrate_editor_data":"finished","0035_remove_editors_table":"finished","0036_add_auth_sessions_table":"finished","0037_add_list_cache_table":"finished","0038_add_cookies_table":"finished","0039_add_runtime_preferences_table":"finished","0040_index_cookies_table":"finished","0041_update_collections_folder_request_response_with_owner_and_uid":"finished","0042_migrate_runtime_user_preferences":"finished","0043_cleanup_launchpad_bootcamp":"finished","0044_migrate_tab_resource":"finished","0045_add_runtime_entity_settings_table":"finished","0046_migrate_responses_order":"finished","0047_update_api_relation_v2_table_indexes":"finished","0048_add_session_cookie_table":"finished","0049_migrate_data_from_file_to_https":"finished","0050_add_usage_table":"finished","0051_add_collection_usage_table":"finished","0052_add_ecitem_history_table":"finished","0053_add_timestamp_runner_blob":"finished","0054_encrypt_values_of_variable_sessions_table":"finished","0055_encrypt_buffers_of_editor_models_table":"started"}]
[18767][1784058691572][requester][info]["Migrations: Starting migration","0056_add_local_runner_tables"]
[18767][1784058691572][requester][info]["Migrations: Setting context before starting migration","0056_add_local_runner_tables",{"0000_initial":"finished","0001_add_archived_resources_table":"finished","0002_add_variable_sessions_table":"finished","0003_add_editor_tables":"finished","0004_migrate_ws_session_data":"finished","0005_cleanup_request_response_and_history_body":"finished","0006_add_dbp_to_request_response_and_history":"finished","0007_add_sync_client_buckets_by_order_id_table":"finished","0008_migrate_to_sync_client_buckets_by_order_id":"finished","0009_remove_sync_client_buckets_table":"finished","0010_add_history_owner":"finished","0011_add_history_response_table":"finished","0012_add_user_data_table":"finished","0013_sanitize_request_response_and_history_methods":"finished","0014_sanitize_response_requestobject_rawmodedata":"finished","0015_add_favorited_collections_table":"finished","0016_add_permission_table":"finished","0017_add_user_preferences_table":"finished","0018_index_header_presets":"finished","0019_migrate_favorite_collections_data":"finished","0020_migrate_sync_client_revision":"finished","0021_clear_permissions":"finished","0022_add_workspace_header_presets":"finished","0023_remove_collection_permissions_and_shared":"finished","0024_add_console_timelines_table":"finished","0025_add_console_events_table":"finished","0026_index_console_events":"finished","0027_add_console_blob_table":"finished","0028_add_runner_data_table":"finished","0029_add_api_schema_table":"finished","0030_migrate_collection_runs":"finished","0031_add_api_relation_table":"finished","0032_index_workspacesession_editor":"finished","0033_add_editor_data_cache_table":"finished","0034_migrate_editor_data":"finished","0035_remove_editors_table":"finished","0036_add_auth_sessions_table":"finished","0037_add_list_cache_table":"finished","0038_add_cookies_table":"finished","0039_add_runtime_preferences_table":"finished","0040_index_cookies_table":"finished","0041_update_collections_folder_request_response_with_owner_and_uid":"finished","0042_migrate_runtime_user_preferences":"finished","0043_cleanup_launchpad_bootcamp":"finished","0044_migrate_tab_resource":"finished","0045_add_runtime_entity_settings_table":"finished","0046_migrate_responses_order":"finished","0047_update_api_relation_v2_table_indexes":"finished","0048_add_session_cookie_table":"finished","0049_migrate_data_from_file_to_https":"finished","0050_add_usage_table":"finished","0051_add_collection_usage_table":"finished","0052_add_ecitem_history_table":"finished","0053_add_timestamp_runner_blob":"finished","0054_encrypt_values_of_variable_sessions_table":"finished","0055_encrypt_buffers_of_editor_models_table":"finished","0056_add_local_runner_tables":"started"}]
[18767][1784058691572][requester][info]["Migrations: Applying migration","0056_add_local_runner_tables"]
[18767][1784058691572][requester][info]["Migrations: Upgrading IndexedDB to version","0056_add_local_runner_tables",35]
[18767][1784058691572][requester][info]["Migrations: Adding pending commit to queue","0056_add_local_runner_tables"]
[18767][1784058691572][requester][info]["Migrations: Flushing pending commit steps"]
[18767][1784058691572][requester][info]["Migrations: Flushing pending commit for type","IndexeddbSchemaMigration"]
[18767][1784058691572][requester][info]["Migrations: Committing IndexedDB upgrade"]
[18767][1784058691576][requester][info]["Migrations: Updating status in migration context",{"0000_initial":"finished","0001_add_archived_resources_table":"finished","0002_add_variable_sessions_table":"finished","0003_add_editor_tables":"finished","0004_migrate_ws_session_data":"finished","0005_cleanup_request_response_and_history_body":"finished","0006_add_dbp_to_request_response_and_history":"finished","0007_add_sync_client_buckets_by_order_id_table":"finished","0008_migrate_to_sync_client_buckets_by_order_id":"finished","0009_remove_sync_client_buckets_table":"finished","0010_add_history_owner":"finished","0011_add_history_response_table":"finished","0012_add_user_data_table":"finished","0013_sanitize_request_response_and_history_methods":"finished","0014_sanitize_response_requestobject_rawmodedata":"finished","0015_add_favorited_collections_table":"finished","0016_add_permission_table":"finished","0017_add_user_preferences_table":"finished","0018_index_header_presets":"finished","0019_migrate_favorite_collections_data":"finished","0020_migrate_sync_client_revision":"finished","0021_clear_permissions":"finished","0022_add_workspace_header_presets":"finished","0023_remove_collection_permissions_and_shared":"finished","0024_add_console_timelines_table":"finished","0025_add_console_events_table":"finished","0026_index_console_events":"finished","0027_add_console_blob_table":"finished","0028_add_runner_data_table":"finished","0029_add_api_schema_table":"finished","0030_migrate_collection_runs":"finished","0031_add_api_relation_table":"finished","0032_index_workspacesession_editor":"finished","0033_add_editor_data_cache_table":"finished","0034_migrate_editor_data":"finished","0035_remove_editors_table":"finished","0036_add_auth_sessions_table":"finished","0037_add_list_cache_table":"finished","0038_add_cookies_table":"finished","0039_add_runtime_preferences_table":"finished","0040_index_cookies_table":"finished","0041_update_collections_folder_request_response_with_owner_and_uid":"finished","0042_migrate_runtime_user_preferences":"finished","0043_cleanup_launchpad_bootcamp":"finished","0044_migrate_tab_resource":"finished","0045_add_runtime_entity_settings_table":"finished","0046_migrate_responses_order":"finished","0047_update_api_relation_v2_table_indexes":"finished","0048_add_session_cookie_table":"finished","0049_migrate_data_from_file_to_https":"finished","0050_add_usage_table":"finished","0051_add_collection_usage_table":"finished","0052_add_ecitem_history_table":"finished","0053_add_timestamp_runner_blob":"finished","0054_encrypt_values_of_variable_sessions_table":"finished","0055_encrypt_buffers_of_editor_models_table":"finished","0056_add_local_runner_tables":"started"}]
[18767][1784058691576][requester][info]["Migrations: Updated status in migration context",{"0000_initial":"finished","0001_add_archived_resources_table":"finished","0002_add_variable_sessions_table":"finished","0003_add_editor_tables":"finished","0004_migrate_ws_session_data":"finished","0005_cleanup_request_response_and_history_body":"finished","0006_add_dbp_to_request_response_and_history":"finished","0007_add_sync_client_buckets_by_order_id_table":"finished","0008_migrate_to_sync_client_buckets_by_order_id":"finished","0009_remove_sync_client_buckets_table":"finished","0010_add_history_owner":"finished","0011_add_history_response_table":"finished","0012_add_user_data_table":"finished","0013_sanitize_request_response_and_history_methods":"finished","0014_sanitize_response_requestobject_rawmodedata":"finished","0015_add_favorited_collections_table":"finished","0016_add_permission_table":"finished","0017_add_user_preferences_table":"finished","0018_index_header_presets":"finished","0019_migrate_favorite_collections_data":"finished","0020_migrate_sync_client_revision":"finished","0021_clear_permissions":"finished","0022_add_workspace_header_presets":"finished","0023_remove_collection_permissions_and_shared":"finished","0024_add_console_timelines_table":"finished","0025_add_console_events_table":"finished","0026_index_console_events":"finished","0027_add_console_blob_table":"finished","0028_add_runner_data_table":"finished","0029_add_api_schema_table":"finished","0030_migrate_collection_runs":"finished","0031_add_api_relation_table":"finished","0032_index_workspacesession_editor":"finished","0033_add_editor_data_cache_table":"finished","0034_migrate_editor_data":"finished","0035_remove_editors_table":"finished","0036_add_auth_sessions_table":"finished","0037_add_list_cache_table":"finished","0038_add_cookies_table":"finished","0039_add_runtime_preferences_table":"finished","0040_index_cookies_table":"finished","0041_update_collections_folder_request_response_with_owner_and_uid":"finished","0042_migrate_runtime_user_preferences":"finished","0043_cleanup_launchpad_bootcamp":"finished","0044_migrate_tab_resource":"finished","0045_add_runtime_entity_settings_table":"finished","0046_migrate_responses_order":"finished","0047_update_api_relation_v2_table_indexes":"finished","0048_add_session_cookie_table":"finished","0049_migrate_data_from_file_to_https":"finished","0050_add_usage_table":"finished","0051_add_collection_usage_table":"finished","0052_add_ecitem_history_table":"finished","0053_add_timestamp_runner_blob":"finished","0054_encrypt_values_of_variable_sessions_table":"finished","0055_encrypt_buffers_of_editor_models_table":"finished","0056_add_local_runner_tables":"finished"}]
[18767][1784058691576][requester][info]["Migration: Finished all migrations"]
[18767][1784058691604][requester][info]["bootstrapModels - Success"]
[18767][1784058691604][requester][info]["WLModels~boot - Success"]
[18767][1784058691606][requester][info]["Session~boot - Success"]
[18767][1784058691607][requester][info]["IndependentServices~boot - Success"]
[18767][1784058691610][requester][info]["AppModels~boot - Success"]
[18767][1784058691615][requester][info]["initializeConfigurationsValues - Success"]
[18767][1784058691618][requester][warn]["RunnerInterface~cleanupRunner: Failed to clean runner:Invalid criteria.\nDetails:\n  Could not use the provided `where` clause.  Could not filter by `status`: Unrecognized modifier (`notIn`) within provided constraint for `status`.\n"]
[18767][1784058691649][requester][info]["CookiesBootHelper~Migration: Completed as there are no cookies to migrate."]
[18767][1784058691653][requester][info]["bootIndependentServicesShared: Success"]
[18767][1784058691653][requester][info]["performSingletonJobs: Success"]
[18767][1784058691690][requester][info]["ExtensibleCollections~boot - Success"]
[18767][1784058691695][requester][info]["Sync~boot - Success"]
[18767][1784058691698][requester][info]["PostUpdateBackup~init: Success"]
[18767][1784058691698][requester][info]["Shared~boot - Success"]
[18767][1784058691699][requester][info]["DBWatcher~boot - Success"]
[18767][1784058692042][requester][info]["ThemeManager: Theme changed: light"]
[18767][1784058692042][requester][info]["ThemeManager~boot - Success"]
[18767][1784058692043][requester][info]["WorkbenchService~boot - Success"]
[18767][1784058692043][requester][info]["ContextBarRegistry~boot - Success"]
[18767][1784058692043][requester][info]["Store~boot - Success"]
[18767][1784058692046][requester][info]["Shortcuts~boot - Success"]
[18767][1784058692049][requester][info]["ThemeDomDelegator: Theme changed: light"]
[18767][1784058692049][requester][info]["NewConsole~boot - Success"]
[18767][1784058692050][requester][info]["APIDevInterface~boot - Success"]
[18767][1784058692051][requester][info]["ScratchpadV2Service: Received settings change",true]
[18767][1784058692055][requester][info]["Requester~boot - Success"]
[18767][1784058692057][requester][info]["SharedRuntimeListeners~boot - Success"]
[18767][1784058692057][requester][info]["booted - requester"]
[18767][1784058692107][requester][info]["NavigationService ~ [BROWSER] Transitioning io the initial route with the URL:","desktop-home"]
[18767][1784058692156][requester][info]["CloudProxyHandler: Proxy configuration has not been setup"]
[18767][1784058692259][requester][info]["SessionValidation - Registering listener"]
[18767][1784058692261][requester][info]["SwitchUserToOfflineAPIClientModal~ showCloseButton ~ isAppEnterpriseApplication",false]
[18767][1784058692263][requester][info]["SwitchUserToOfflineAPIClientModal: SwitchUserToOfflineAPIClientModal mounted"]
[18767][1784058692264][requester][info]["SwitchUserToOfflineAPIClientModal: activePage","desktop-home"]
[18767][1784058692268][requester][error]["WorkspaceSessionController~getActiveSession: WorkspaceSession not found in db"]
[18767][1784058692269][requester][error]["ActiveWorkspaceSessionStore: Initial Hydration Failed once"]
[18767][1784058692302][requester][info]["UI pulled the session locked information on init"]
[18767][1784058692305][requester][error]["WorkspaceSessionController~getActiveSession: WorkspaceSession not found in db"]
[18767][1784058692305][requester][error]["ActiveWorkspaceSessionStore: Initial Hydration Failed twice",{"name":"Error","message":"WorkspaceSessionController~getActiveSession: WorkspaceSession not found in db","stack":"Error: WorkspaceSessionController~getActiveSession: WorkspaceSession not found in db\n    at file:///opt/postman/app/resources/app/js/scratchpad/scratchpad.js:8:4822121"}]
[18767][1784058728130][requester][info]["DesktopLocationService ~ init initialized"]
[18767][1784058728132][requester][info]["NavigationService ~ Initialized: Success"]
[18767][1784058728132][requester][info]["initializeNavigation~boot - Success"]
[18767][1784058728134][requester][error]["NavigationService~register- A route already registered for this intent. Duplicate routes not supported."]
[18767][1784058728135][requester][info]["EventBus~initialize - Success"]
[18767][1784058728135][requester][info]["Messaging~boot - Success"]
[18767][1784058728146][requester][info]["bootCrashReporter~ Success"]
[18767][1784058728147][requester][info]["Telemetry~boot - Success"]
[18767][1784058728148][requester][info]["bootConfigurations~initialize - Success"]
[18767][1784058728148][requester][info]["migrateLocalStorage: Starting localStorage migration"]
[18767][1784058728148][requester][info]["bootFileProtocolMigrationFirmware~initializeMigrationFirmware : started"]
[18767][1784058728151][requester][info]["bootFileProtocolMigrationFirmware~getFirmwareWebview : partition string created","persist:33ac8d3c-6fb9-4413-a48a-ebbeed5557d8"]
[18767][1784058728152][requester][info]["bootFileProtocolMigrationFirmware~getFirmwareWebview : webview created"]
[18767][1784058728152][requester][info]["bootFileProtocolMigrationFirmware~getLocalStorageAdapter : getting local storage adapter"]
[18767][1784058728152][requester][info]["bootFileProtocolMigrationFirmware~getDexieAdapter : getting dexie adapter"]
[18767][1784058728449][requester][info]["bootFileProtocolMigrationFirmware~bootstrapORM : webview firmware-ready"]
[18767][1784058728450][requester][info]["bootFileProtocolMigrationFirmware~bootstrapORM : started"]
[18767][1784058728460][requester][info]["bootFileProtocolMigrationFirmware~bootstrapORM- Success"]
[18767][1784058728462][requester][info]["migrateLocalStorage: Successfully migrated localStorage"]
[18767][1784058728468][requester][info]["Settings~boot - Success"]
[18767][1784058728482][requester][error]["Initialize-db~sanitizeInitialMigrationContext: Error occurred in embedded Scratch Pad",{"_e":{"name":"Error","message":"","stack":"Error\n    at q (https://desktop.postman.com/_ar-assets/vendors-ae92161a2d57540e.min.js:1221:504637)\n    at new i (https://desktop.postman.com/_ar-assets/vendors-ae92161a2d57540e.min.js:1221:506331)\n    at IDBOpenDBRequest.<anonymous> (https://desktop.postman.com/_ar-assets/vendors-ae92161a2d57540e.min.js:1221:528423)\n    at IDBOpenDBRequest.<anonymous> (https://desktop.postman.com/_ar-assets/vendors-ae92161a2d57540e.min.js:1221:512629)"},"name":"NoSuchDatabaseError","message":"Database postman-app doesnt exist","inner":null,"stack":"NoSuchDatabaseError: Database postman-app doesnt exist\n    at IDBOpenDBRequest.<anonymous> (https://desktop.postman.com/_ar-assets/vendors-ae92161a2d57540e.min.js:1221:528423)\n    at IDBOpenDBRequest.<anonymous> (https://desktop.postman.com/_ar-assets/vendors-ae92161a2d57540e.min.js:1221:512629)"}]
[18767][1784058728491][requester][info]["Migrations: Starting migrations"]
[18767][1784058728491][requester][info]["Migrations: Walking migration","0000_initial"]
[18767][1784058728491][requester][info]["Migrations: Walking migration","0001_add_archived_resources_table"]
[18767][1784058728491][requester][info]["Migrations: Walking migration","0002_add_variable_sessions_table"]
[18767][1784058728491][requester][info]["Migrations: Walking migration","0003_add_editor_tables"]
[18767][1784058728491][requester][info]["Migrations: Walking migration","0004_migrate_ws_session_data"]
[18767][1784058728491][requester][info]["Migrations: Walking migration","0005_cleanup_request_response_and_history_body"]
[18767][1784058728491][requester][info]["Migrations: Walking migration","0006_add_dbp_to_request_response_and_history"]
[18767][1784058728491][requester][info]["Migrations: Walking migration","0007_add_sync_client_buckets_by_order_id_table"]
[18767][1784058728491][requester][info]["Migrations: Walking migration","0008_migrate_to_sync_client_buckets_by_order_id"]
[18767][1784058728491][requester][info]["Migrations: Walking migration","0009_remove_sync_client_buckets_table"]
[18767][1784058728491][requester][info]["Migrations: Walking migration","0010_add_history_owner"]
[18767][1784058728491][requester][info]["Migrations: Walking migration","0011_add_history_response_table"]
[18767][1784058728491][requester][info]["Migrations: Walking migration","0012_add_user_data_table"]
[18767][1784058728491][requester][info]["Migrations: Walking migration","0013_sanitize_request_response_and_history_methods"]
[18767][1784058728492][requester][info]["Migrations: Walking migration","0014_sanitize_response_requestobject_rawmodedata"]
[18767][1784058728492][requester][info]["Migrations: Walking migration","0015_add_favorited_collections_table"]
[18767][1784058728492][requester][info]["Migrations: Walking migration","0016_add_permission_table"]
[18767][1784058728492][requester][info]["Migrations: Walking migration","0017_add_user_preferences_table"]
[18767][1784058728492][requester][info]["Migrations: Walking migration","0018_index_header_presets"]
[18767][1784058728492][requester][info]["Migrations: Walking migration","0019_migrate_favorite_collections_data"]
[18767][1784058728492][requester][info]["Migrations: Walking migration","0020_migrate_sync_client_revision"]
[18767][1784058728492][requester][info]["Migrations: Walking migration","0021_clear_permissions"]
[18767][1784058728492][requester][info]["Migrations: Walking migration","0022_add_workspace_header_presets"]
[18767][1784058728492][requester][info]["Migrations: Walking migration","0023_remove_collection_permissions_and_shared"]
[18767][1784058728492][requester][info]["Migrations: Walking migration","0024_add_console_timelines_table"]
[18767][1784058728492][requester][info]["Migrations: Walking migration","0025_add_console_events_table"]
[18767][1784058728492][requester][info]["Migrations: Walking migration","0026_index_console_events"]
[18767][1784058728492][requester][info]["Migrations: Walking migration","0027_add_console_blob_table"]
[18767][1784058728492][requester][info]["Migrations: Walking migration","0028_add_runner_data_table"]
[18767][1784058728492][requester][info]["Migrations: Walking migration","0029_add_api_schema_table"]
[18767][1784058728492][requester][info]["Migrations: Walking migration","0030_migrate_collection_runs"]
[18767][1784058728492][requester][info]["Migrations: Walking migration","0031_add_api_relation_table"]
[18767][1784058728492][requester][info]["Migrations: Walking migration","0032_index_workspacesession_editor"]
[18767][1784058728492][requester][info]["Migrations: Walking migration","0033_add_editor_data_cache_table"]
[18767][1784058728492][requester][info]["Migrations: Walking migration","0034_migrate_editor_data"]
[18767][1784058728492][requester][info]["Migrations: Walking migration","0035_remove_editors_table"]
[18767][1784058728492][requester][info]["Migrations: Walking migration","0036_add_auth_sessions_table"]
[18767][1784058728492][requester][info]["Migrations: Walking migration","0037_add_list_cache_table"]
[18767][1784058728492][requester][info]["Migrations: Walking migration","0038_add_cookies_table"]
[18767][1784058728492][requester][info]["Migrations: Walking migration","0039_add_runtime_preferences_table"]
[18767][1784058728493][requester][info]["Migrations: Walking migration","0040_index_cookies_table"]
[18767][1784058728493][requester][info]["Migrations: Walking migration","0041_update_collections_folder_request_response_with_owner_and_uid"]
[18767][1784058728493][requester][info]["Migrations: Walking migration","0042_migrate_runtime_user_preferences"]
[18767][1784058728493][requester][info]["Migrations: Walking migration","0043_cleanup_launchpad_bootcamp"]
[18767][1784058728493][requester][info]["Migrations: Walking migration","0044_migrate_tab_resource"]
[18767][1784058728493][requester][info]["Migrations: Walking migration","0045_add_runtime_entity_settings_table"]
[18767][1784058728493][requester][info]["Migrations: Walking migration","0046_migrate_responses_order"]
[18767][1784058728493][requester][info]["Migrations: Walking migration","0047_update_api_relation_v2_table_indexes"]
[18767][1784058728493][requester][info]["Migrations: Walking migration","0048_add_session_cookie_table"]
[18767][1784058728493][requester][info]["Migrations: Walking migration","0049_migrate_data_from_file_to_https"]
[18767][1784058728493][requester][info]["Migrations: Walking migration","0050_add_usage_table"]
[18767][1784058728493][requester][info]["Migrations: Walking migration","0051_add_collection_usage_table"]
[18767][1784058728493][requester][info]["Migrations: Walking migration","0052_add_ecitem_history_table"]
[18767][1784058728493][requester][info]["Migrations: Walking migration","0053_add_timestamp_runner_blob"]
[18767][1784058728493][requester][info]["Migrations: Walking migration","0054_encrypt_values_of_variable_sessions_table"]
[18767][1784058728493][requester][info]["Migrations: Walking migration","0055_encrypt_buffers_of_editor_models_table"]
[18767][1784058728493][requester][info]["Migrations: Walking migration","0056_add_local_runner_tables"]
[18767][1784058728493][requester][info]["Migrations: Starting migration","0000_initial"]
[18767][1784058728494][requester][info]["Migrations: Setting context before starting migration","0000_initial",{"0000_initial":"started"}]
[18767][1784058728494][requester][info]["Migrations: Applying migration","0000_initial"]
[18767][1784058728494][requester][info]["Migrations: Upgrading IndexedDB to version","0000_initial",1]
[18767][1784058728494][requester][info]["Migrations: Adding pending commit to queue","0000_initial"]
[18767][1784058728494][requester][info]["Migrations: Starting migration","0001_add_archived_resources_table"]
[18767][1784058728494][requester][info]["Migrations: Setting context before starting migration","0001_add_archived_resources_table",{"0000_initial":"started","0001_add_archived_resources_table":"started"}]
[18767][1784058728495][requester][info]["Migrations: Applying migration","0001_add_archived_resources_table"]
[18767][1784058728495][requester][info]["Migrations: Upgrading IndexedDB to version","0001_add_archived_resources_table",2]
[18767][1784058728495][requester][info]["Migrations: Adding pending commit to queue","0001_add_archived_resources_table"]
[18767][1784058728495][requester][info]["Migrations: Starting migration","0002_add_variable_sessions_table"]
[18767][1784058728495][requester][info]["Migrations: Setting context before starting migration","0002_add_variable_sessions_table",{"0000_initial":"started","0001_add_archived_resources_table":"started","0002_add_variable_sessions_table":"started"}]
[18767][1784058728495][requester][info]["Migrations: Applying migration","0002_add_variable_sessions_table"]
[18767][1784058728495][requester][info]["Migrations: Upgrading IndexedDB to version","0002_add_variable_sessions_table",3]
[18767][1784058728495][requester][info]["Migrations: Adding pending commit to queue","0002_add_variable_sessions_table"]
[18767][1784058728495][requester][info]["Migrations: Starting migration","0003_add_editor_tables"]
[18767][1784058728495][requester][info]["Migrations: Setting context before starting migration","0003_add_editor_tables",{"0000_initial":"started","0001_add_archived_resources_table":"started","0002_add_variable_sessions_table":"started","0003_add_editor_tables":"started"}]
[18767][1784058728496][requester][info]["Migrations: Applying migration","0003_add_editor_tables"]
[18767][1784058728496][requester][info]["Migrations: Upgrading IndexedDB to version","0003_add_editor_tables",4]
[18767][1784058728496][requester][info]["Migrations: Adding pending commit to queue","0003_add_editor_tables"]
[18767][1784058728496][requester][info]["Migrations: Starting migration","0004_migrate_ws_session_data"]
[18767][1784058728496][requester][info]["Migrations: Flushing pending migrations for","0004_migrate_ws_session_data"]
[18767][1784058728496][requester][info]["Migrations: Flushing pending commit for type","IndexeddbSchemaMigration"]
[18767][1784058728496][requester][info]["Migrations: Committing IndexedDB upgrade"]
[18767][1784058728503][requester][info]["Migrations: Updating status in migration context",{"0000_initial":"started","0001_add_archived_resources_table":"started","0002_add_variable_sessions_table":"started","0003_add_editor_tables":"started"}]
[18767][1784058728503][requester][info]["Migrations: Updated status in migration context",{"0000_initial":"finished","0001_add_archived_resources_table":"finished","0002_add_variable_sessions_table":"finished","0003_add_editor_tables":"finished"}]
[18767][1784058728503][requester][info]["Migrations: Setting context before starting migration","0004_migrate_ws_session_data",{"0000_initial":"finished","0001_add_archived_resources_table":"finished","0002_add_variable_sessions_table":"finished","0003_add_editor_tables":"finished","0004_migrate_ws_session_data":"started"}]
[18767][1784058728503][requester][info]["Migrations: Applying migration","0004_migrate_ws_session_data"]
[18767][1784058728503][requester][info]["Migrations: Processing IndexedDB data migration","0004_migrate_ws_session_data"]
[18767][1784058728505][requester][info]["Migration~Tabs: Starting migration"]
[18767][1784058728507][requester][info]["Migration~Tabs: Completed transformation"]
[18767][1784058728507][requester][info]["Migration~Tabs: Creating editors"]
[18767][1784058728507][requester][info]["Migration~Tabs: Creating editor models"]
[18767][1784058728507][requester][info]["Migrations: Saving migration context after completion","0004_migrate_ws_session_data",{"0000_initial":"finished","0001_add_archived_resources_table":"finished","0002_add_variable_sessions_table":"finished","0003_add_editor_tables":"finished","0004_migrate_ws_session_data":"started"}]
[18767][1784058728508][requester][info]["Migrations: Starting migration","0005_cleanup_request_response_and_history_body"]
[18767][1784058728508][requester][info]["Migrations: Flushing pending migrations for","0005_cleanup_request_response_and_history_body"]
[18767][1784058728508][requester][info]["Migrations: Updating status in migration context",{"0000_initial":"finished","0001_add_archived_resources_table":"finished","0002_add_variable_sessions_table":"finished","0003_add_editor_tables":"finished","0004_migrate_ws_session_data":"finished"}]
[18767][1784058728508][requester][info]["Migrations: Updated status in migration context",{"0000_initial":"finished","0001_add_archived_resources_table":"finished","0002_add_variable_sessions_table":"finished","0003_add_editor_tables":"finished","0004_migrate_ws_session_data":"finished"}]
[18767][1784058728508][requester][info]["Migrations: Setting context before starting migration","0005_cleanup_request_response_and_history_body",{"0000_initial":"finished","0001_add_archived_resources_table":"finished","0002_add_variable_sessions_table":"finished","0003_add_editor_tables":"finished","0004_migrate_ws_session_data":"finished","0005_cleanup_request_response_and_history_body":"started"}]
[18767][1784058728508][requester][info]["Migrations: Applying migration","0005_cleanup_request_response_and_history_body"]
[18767][1784058728508][requester][info]["Migrations: Processing IndexedDB data migration","0005_cleanup_request_response_and_history_body"]
[18767][1784058728509][requester][info]["Migrations: Saving migration context after completion","0005_cleanup_request_response_and_history_body",{"0000_initial":"finished","0001_add_archived_resources_table":"finished","0002_add_variable_sessions_table":"finished","0003_add_editor_tables":"finished","0004_migrate_ws_session_data":"finished","0005_cleanup_request_response_and_history_body":"started"}]
[18767][1784058728509][requester][info]["Migrations: Starting migration","0006_add_dbp_to_request_response_and_history"]
[18767][1784058728509][requester][info]["Migrations: Flushing pending migrations for","0006_add_dbp_to_request_response_and_history"]
[18767][1784058728510][requester][info]["Migrations: Updating status in migration context",{"0000_initial":"finished","0001_add_archived_resources_table":"finished","0002_add_variable_sessions_table":"finished","0003_add_editor_tables":"finished","0004_migrate_ws_session_data":"finished","0005_cleanup_request_response_and_history_body":"finished"}]
[18767][1784058728510][requester][info]["Migrations: Updated status in migration context",{"0000_initial":"finished","0001_add_archived_resources_table":"finished","0002_add_variable_sessions_table":"finished","0003_add_editor_tables":"finished","0004_migrate_ws_session_data":"finished","0005_cleanup_request_response_and_history_body":"finished"}]
[18767][1784058728510][requester][info]["Migrations: Setting context before starting migration","0006_add_dbp_to_request_response_and_history",{"0000_initial":"finished","0001_add_archived_resources_table":"finished","0002_add_variable_sessions_table":"finished","0003_add_editor_tables":"finished","0004_migrate_ws_session_data":"finished","0005_cleanup_request_response_and_history_body":"finished","0006_add_dbp_to_request_response_and_history":"started"}]
[18767][1784058728510][requester][info]["Migrations: Applying migration","0006_add_dbp_to_request_response_and_history"]
[18767][1784058728510][requester][info]["Migrations: Processing IndexedDB data migration","0006_add_dbp_to_request_response_and_history"]
[18767][1784058728511][requester][info]["Migrations: Saving migration context after completion","0006_add_dbp_to_request_response_and_history",{"0000_initial":"finished","0001_add_archived_resources_table":"finished","0002_add_variable_sessions_table":"finished","0003_add_editor_tables":"finished","0004_migrate_ws_session_data":"finished","0005_cleanup_request_response_and_history_body":"finished","0006_add_dbp_to_request_response_and_history":"started"}]
[18767][1784058728511][requester][info]["Migrations: Starting migration","0007_add_sync_client_buckets_by_order_id_table"]
[18767][1784058728511][requester][info]["Migrations: Setting context before starting migration","0007_add_sync_client_buckets_by_order_id_table",{"0000_initial":"finished","0001_add_archived_resources_table":"finished","0002_add_variable_sessions_table":"finished","0003_add_editor_tables":"finished","0004_migrate_ws_session_data":"finished","0005_cleanup_request_response_and_history_body":"finished","0006_add_dbp_to_request_response_and_history":"finished","0007_add_sync_client_buckets_by_order_id_table":"started"}]
[18767][1784058728511][requester][info]["Migrations: Applying migration","0007_add_sync_client_buckets_by_order_id_table"]
[18767][1784058728511][requester][info]["Migrations: Upgrading IndexedDB to version","0007_add_sync_client_buckets_by_order_id_table",5]
[18767][1784058728512][requester][info]["Migrations: Adding pending commit to queue","0007_add_sync_client_buckets_by_order_id_table"]
[18767][1784058728512][requester][info]["Migrations: Starting migration","0008_migrate_to_sync_client_buckets_by_order_id"]
[18767][1784058728512][requester][info]["Migrations: Flushing pending migrations for","0008_migrate_to_sync_client_buckets_by_order_id"]
[18767][1784058728512][requester][info]["Migrations: Flushing pending commit for type","IndexeddbSchemaMigration"]
[18767][1784058728512][requester][info]["Migrations: Committing IndexedDB upgrade"]
[18767][1784058728515][requester][info]["Migrations: Updating status in migration context",{"0000_initial":"finished","0001_add_archived_resources_table":"finished","0002_add_variable_sessions_table":"finished","0003_add_editor_tables":"finished","0004_migrate_ws_session_data":"finished","0005_cleanup_request_response_and_history_body":"finished","0006_add_dbp_to_request_response_and_history":"finished","0007_add_sync_client_buckets_by_order_id_table":"started"}]
[18767][1784058728515][requester][info]["Migrations: Updated status in migration context",{"0000_initial":"finished","0001_add_archived_resources_table":"finished","0002_add_variable_sessions_table":"finished","0003_add_editor_tables":"finished","0004_migrate_ws_session_data":"finished","0005_cleanup_request_response_and_history_body":"finished","0006_add_dbp_to_request_response_and_history":"finished","0007_add_sync_client_buckets_by_order_id_table":"finished"}]
[18767][1784058728515][requester][info]["Migrations: Setting context before starting migration","0008_migrate_to_sync_client_buckets_by_order_id",{"0000_initial":"finished","0001_add_archived_resources_table":"finished","0002_add_variable_sessions_table":"finished","0003_add_editor_tables":"finished","0004_migrate_ws_session_data":"finished","0005_cleanup_request_response_and_history_body":"finished","0006_add_dbp_to_request_response_and_history":"finished","0007_add_sync_client_buckets_by_order_id_table":"finished","0008_migrate_to_sync_client_buckets_by_order_id":"started"}]
[18767][1784058728515][requester][info]["Migrations: Applying migration","0008_migrate_to_sync_client_buckets_by_order_id"]
[18767][1784058728515][requester][info]["Migrations: Processing IndexedDB data migration","0008_migrate_to_sync_client_buckets_by_order_id"]
[18767][1784058728516][requester][info]["Migrations: Saving migration context after completion","0008_migrate_to_sync_client_buckets_by_order_id",{"0000_initial":"finished","0001_add_archived_resources_table":"finished","0002_add_variable_sessions_table":"finished","0003_add_editor_tables":"finished","0004_migrate_ws_session_data":"finished","0005_cleanup_request_response_and_history_body":"finished","0006_add_dbp_to_request_response_and_history":"finished","0007_add_sync_client_buckets_by_order_id_table":"finished","0008_migrate_to_sync_client_buckets_by_order_id":"started"}]
[18767][1784058728516][requester][info]["Migrations: Starting migration","0009_remove_sync_client_buckets_table"]
[18767][1784058728516][requester][info]["Migrations: Setting context before starting migration","0009_remove_sync_client_buckets_table",{"0000_initial":"finished","0001_add_archived_resources_table":"finished","0002_add_variable_sessions_table":"finished","0003_add_editor_tables":"finished","0004_migrate_ws_session_data":"finished","0005_cleanup_request_response_and_history_body":"finished","0006_add_dbp_to_request_response_and_history":"finished","0007_add_sync_client_buckets_by_order_id_table":"finished","0008_migrate_to_sync_client_buckets_by_order_id":"finished","0009_remove_sync_client_buckets_table":"started"}]
[18767][1784058728516][requester][info]["Migrations: Applying migration","0009_remove_sync_client_buckets_table"]
[18767][1784058728516][requester][info]["Migrations: Upgrading IndexedDB to version","0009_remove_sync_client_buckets_table",6]
[18767][1784058728517][requester][info]["Migrations: Adding pending commit to queue","0009_remove_sync_client_buckets_table"]
[18767][1784058728517][requester][info]["Migrations: Starting migration","0010_add_history_owner"]
[18767][1784058728517][requester][info]["Migrations: Flushing pending migrations for","0010_add_history_owner"]
[18767][1784058728517][requester][info]["Migrations: Flushing pending commit for type","IndexeddbSchemaMigration"]
[18767][1784058728517][requester][info]["Migrations: Committing IndexedDB upgrade"]
[18767][1784058728519][requester][info]["Migrations: Updating status in migration context",{"0000_initial":"finished","0001_add_archived_resources_table":"finished","0002_add_variable_sessions_table":"finished","0003_add_editor_tables":"finished","0004_migrate_ws_session_data":"finished","0005_cleanup_request_response_and_history_body":"finished","0006_add_dbp_to_request_response_and_history":"finished","0007_add_sync_client_buckets_by_order_id_table":"finished","0008_migrate_to_sync_client_buckets_by_order_id":"finished","0009_remove_sync_client_buckets_table":"started"}]
[18767][1784058728519][requester][info]["Migrations: Updated status in migration context",{"0000_initial":"finished","0001_add_archived_resources_table":"finished","0002_add_variable_sessions_table":"finished","0003_add_editor_tables":"finished","0004_migrate_ws_session_data":"finished","0005_cleanup_request_response_and_history_body":"finished","0006_add_dbp_to_request_response_and_history":"finished","0007_add_sync_client_buckets_by_order_id_table":"finished","0008_migrate_to_sync_client_buckets_by_order_id":"finished","0009_remove_sync_client_buckets_table":"finished"}]
[18767][1784058728519][requester][info]["Migrations: Setting context before starting migration","0010_add_history_owner",{"0000_initial":"finished","0001_add_archived_resources_table":"finished","0002_add_variable_sessions_table":"finished","0003_add_editor_tables":"finished","0004_migrate_ws_session_data":"finished","0005_cleanup_request_response_and_history_body":"finished","0006_add_dbp_to_request_response_and_history":"finished","0007_add_sync_client_buckets_by_order_id_table":"finished","0008_migrate_to_sync_client_buckets_by_order_id":"finished","0009_remove_sync_client_buckets_table":"finished","0010_add_history_owner":"started"}]
[18767][1784058728519][requester][info]["Migrations: Applying migration","0010_add_history_owner"]
[18767][1784058728519][requester][info]["Migrations: Processing IndexedDB data migration","0010_add_history_owner"]
[18767][1784058728520][requester][info]["Migrations: Saving migration context after completion","0010_add_history_owner",{"0000_initial":"finished","0001_add_archived_resources_table":"finished","0002_add_variable_sessions_table":"finished","0003_add_editor_tables":"finished","0004_migrate_ws_session_data":"finished","0005_cleanup_request_response_and_history_body":"finished","0006_add_dbp_to_request_response_and_history":"finished","0007_add_sync_client_buckets_by_order_id_table":"finished","0008_migrate_to_sync_client_buckets_by_order_id":"finished","0009_remove_sync_client_buckets_table":"finished","0010_add_history_owner":"started"}]
[18767][1784058728520][requester][info]["Migrations: Starting migration","0011_add_history_response_table"]
[18767][1784058728521][requester][info]["Migrations: Setting context before starting migration","0011_add_history_response_table",{"0000_initial":"finished","0001_add_archived_resources_table":"finished","0002_add_variable_sessions_table":"finished","0003_add_editor_tables":"finished","0004_migrate_ws_session_data":"finished","0005_cleanup_request_response_and_history_body":"finished","0006_add_dbp_to_request_response_and_history":"finished","0007_add_sync_client_buckets_by_order_id_table":"finished","0008_migrate_to_sync_client_buckets_by_order_id":"finished","0009_remove_sync_client_buckets_table":"finished","0010_add_history_owner":"finished","0011_add_history_response_table":"started"}]
[18767][1784058728521][requester][info]["Migrations: Applying migration","0011_add_history_response_table"]
[18767][1784058728521][requester][info]["Migrations: Upgrading IndexedDB to version","0011_add_history_response_table",7]
[18767][1784058728521][requester][info]["Migrations: Adding pending commit to queue","0011_add_history_response_table"]
[18767][1784058728521][requester][info]["Migrations: Starting migration","0012_add_user_data_table"]
[18767][1784058728521][requester][info]["Migrations: Setting context before starting migration","0012_add_user_data_table",{"0000_initial":"finished","0001_add_archived_resources_table":"finished","0002_add_variable_sessions_table":"finished","0003_add_editor_tables":"finished","0004_migrate_ws_session_data":"finished","0005_cleanup_request_response_and_history_body":"finished","0006_add_dbp_to_request_response_and_history":"finished","0007_add_sync_client_buckets_by_order_id_table":"finished","0008_migrate_to_sync_client_buckets_by_order_id":"finished","0009_remove_sync_client_buckets_table":"finished","0010_add_history_owner":"finished","0011_add_history_response_table":"started","0012_add_user_data_table":"started"}]
[18767][1784058728521][requester][info]["Migrations: Applying migration","0012_add_user_data_table"]
[18767][1784058728522][requester][info]["Migrations: Upgrading IndexedDB to version","0012_add_user_data_table",8]
[18767][1784058728522][requester][info]["Migrations: Adding pending commit to queue","0012_add_user_data_table"]
[18767][1784058728522][requester][info]["Migrations: Starting migration","0013_sanitize_request_response_and_history_methods"]
[18767][1784058728522][requester][info]["Migrations: Flushing pending migrations for","0013_sanitize_request_response_and_history_methods"]
[18767][1784058728522][requester][info]["Migrations: Flushing pending commit for type","IndexeddbSchemaMigration"]
[18767][1784058728522][requester][info]["Migrations: Committing IndexedDB upgrade"]
[18767][1784058728525][requester][info]["Migrations: Updating status in migration context",{"0000_initial":"finished","0001_add_archived_resources_table":"finished","0002_add_variable_sessions_table":"finished","0003_add_editor_tables":"finished","0004_migrate_ws_session_data":"finished","0005_cleanup_request_response_and_history_body":"finished","0006_add_dbp_to_request_response_and_history":"finished","0007_add_sync_client_buckets_by_order_id_table":"finished","0008_migrate_to_sync_client_buckets_by_order_id":"finished","0009_remove_sync_client_buckets_table":"finished","0010_add_history_owner":"finished","0011_add_history_response_table":"started","0012_add_user_data_table":"started"}]
[18767][1784058728525][requester][info]["Migrations: Updated status in migration context",{"0000_initial":"finished","0001_add_archived_resources_table":"finished","0002_add_variable_sessions_table":"finished","0003_add_editor_tables":"finished","0004_migrate_ws_session_data":"finished","0005_cleanup_request_response_and_history_body":"finished","0006_add_dbp_to_request_response_and_history":"finished","0007_add_sync_client_buckets_by_order_id_table":"finished","0008_migrate_to_sync_client_buckets_by_order_id":"finished","0009_remove_sync_client_buckets_table":"finished","0010_add_history_owner":"finished","0011_add_history_response_table":"finished","0012_add_user_data_table":"finished"}]
[18767][1784058728525][requester][info]["Migrations: Setting context before starting migration","0013_sanitize_request_response_and_history_methods",{"0000_initial":"finished","0001_add_archived_resources_table":"finished","0002_add_variable_sessions_table":"finished","0003_add_editor_tables":"finished","0004_migrate_ws_session_data":"finished","0005_cleanup_request_response_and_history_body":"finished","0006_add_dbp_to_request_response_and_history":"finished","0007_add_sync_client_buckets_by_order_id_table":"finished","0008_migrate_to_sync_client_buckets_by_order_id":"finished","0009_remove_sync_client_buckets_table":"finished","0010_add_history_owner":"finished","0011_add_history_response_table":"finished","0012_add_user_data_table":"finished","0013_sanitize_request_response_and_history_methods":"started"}]
[18767][1784058728525][requester][info]["Migrations: Applying migration","0013_sanitize_request_response_and_history_methods"]
[18767][1784058728525][requester][info]["Migrations: Processing IndexedDB data migration","0013_sanitize_request_response_and_history_methods"]
[18767][1784058728527][requester][info]["Migrations: Saving migration context after completion","0013_sanitize_request_response_and_history_methods",{"0000_initial":"finished","0001_add_archived_resources_table":"finished","0002_add_variable_sessions_table":"finished","0003_add_editor_tables":"finished","0004_migrate_ws_session_data":"finished","0005_cleanup_request_response_and_history_body":"finished","0006_add_dbp_to_request_response_and_history":"finished","0007_add_sync_client_buckets_by_order_id_table":"finished","0008_migrate_to_sync_client_buckets_by_order_id":"finished","0009_remove_sync_client_buckets_table":"finished","0010_add_history_owner":"finished","0011_add_history_response_table":"finished","0012_add_user_data_table":"finished","0013_sanitize_request_response_and_history_methods":"started"}]
[18767][1784058728527][requester][info]["Migrations: Starting migration","0014_sanitize_response_requestobject_rawmodedata"]
[18767][1784058728527][requester][info]["Migrations: Flushing pending migrations for","0014_sanitize_response_requestobject_rawmodedata"]
[18767][1784058728527][requester][info]["Migrations: Updating status in migration context",{"0000_initial":"finished","0001_add_archived_resources_table":"finished","0002_add_variable_sessions_table":"finished","0003_add_editor_tables":"finished","0004_migrate_ws_session_data":"finished","0005_cleanup_request_response_and_history_body":"finished","0006_add_dbp_to_request_response_and_history":"finished","0007_add_sync_client_buckets_by_order_id_table":"finished","0008_migrate_to_sync_client_buckets_by_order_id":"finished","0009_remove_sync_client_buckets_table":"finished","0010_add_history_owner":"finished","0011_add_history_response_table":"finished","0012_add_user_data_table":"finished","0013_sanitize_request_response_and_history_methods":"finished"}]
[18767][1784058728527][requester][info]["Migrations: Updated status in migration context",{"0000_initial":"finished","0001_add_archived_resources_table":"finished","0002_add_variable_sessions_table":"finished","0003_add_editor_tables":"finished","0004_migrate_ws_session_data":"finished","0005_cleanup_request_response_and_history_body":"finished","0006_add_dbp_to_request_response_and_history":"finished","0007_add_sync_client_buckets_by_order_id_table":"finished","0008_migrate_to_sync_client_buckets_by_order_id":"finished","0009_remove_sync_client_buckets_table":"finished","0010_add_history_owner":"finished","0011_add_history_response_table":"finished","0012_add_user_data_table":"finished","0013_sanitize_request_response_and_history_methods":"finished"}]
[18767][1784058728527][requester][info]["Migrations: Setting context before starting migration","0014_sanitize_response_requestobject_rawmodedata",{"0000_initial":"finished","0001_add_archived_resources_table":"finished","0002_add_variable_sessions_table":"finished","0003_add_editor_tables":"finished","0004_migrate_ws_session_data":"finished","0005_cleanup_request_response_and_history_body":"finished","0006_add_dbp_to_request_response_and_history":"finished","0007_add_sync_client_buckets_by_order_id_table":"finished","0008_migrate_to_sync_client_buckets_by_order_id":"finished","0009_remove_sync_client_buckets_table":"finished","0010_add_history_owner":"finished","0011_add_history_response_table":"finished","0012_add_user_data_table":"finished","0013_sanitize_request_response_and_history_methods":"finished","0014_sanitize_response_requestobject_rawmodedata":"started"}]
[18767][1784058728527][requester][info]["Migrations: Applying migration","0014_sanitize_response_requestobject_rawmodedata"]
[18767][1784058728527][requester][info]["Migrations: Processing IndexedDB data migration","0014_sanitize_response_requestobject_rawmodedata"]
[18767][1784058728528][requester][info]["Migrations: Saving migration context after completion","0014_sanitize_response_requestobject_rawmodedata",{"0000_initial":"finished","0001_add_archived_resources_table":"finished","0002_add_variable_sessions_table":"finished","0003_add_editor_tables":"finished","0004_migrate_ws_session_data":"finished","0005_cleanup_request_response_and_history_body":"finished","0006_add_dbp_to_request_response_and_history":"finished","0007_add_sync_client_buckets_by_order_id_table":"finished","0008_migrate_to_sync_client_buckets_by_order_id":"finished","0009_remove_sync_client_buckets_table":"finished","0010_add_history_owner":"finished","0011_add_history_response_table":"finished","0012_add_user_data_table":"finished","0013_sanitize_request_response_and_history_methods":"finished","0014_sanitize_response_requestobject_rawmodedata":"started"}]
[18767][1784058728528][requester][info]["Migrations: Starting migration","0015_add_favorited_collections_table"]
[18767][1784058728528][requester][info]["Migrations: Setting context before starting migration","0015_add_favorited_collections_table",{"0000_initial":"finished","0001_add_archived_resources_table":"finished","0002_add_variable_sessions_table":"finished","0003_add_editor_tables":"finished","0004_migrate_ws_session_data":"finished","0005_cleanup_request_response_and_history_body":"finished","0006_add_dbp_to_request_response_and_history":"finished","0007_add_sync_client_buckets_by_order_id_table":"finished","0008_migrate_to_sync_client_buckets_by_order_id":"finished","0009_remove_sync_client_buckets_table":"finished","0010_add_history_owner":"finished","0011_add_history_response_table":"finished","0012_add_user_data_table":"finished","0013_sanitize_request_response_and_history_methods":"finished","0014_sanitize_response_requestobject_rawmodedata":"finished","0015_add_favorited_collections_table":"started"}]
[18767][1784058728528][requester][info]["Migrations: Applying migration","0015_add_favorited_collections_table"]
[18767][1784058728528][requester][info]["Migrations: Upgrading IndexedDB to version","0015_add_favorited_collections_table",9]
[18767][1784058728529][requester][info]["Migrations: Adding pending commit to queue","0015_add_favorited_collections_table"]
[18767][1784058728529][requester][info]["Migrations: Starting migration","0016_add_permission_table"]
[18767][1784058728529][requester][info]["Migrations: Setting context before starting migration","0016_add_permission_table",{"0000_initial":"finished","0001_add_archived_resources_table":"finished","0002_add_variable_sessions_table":"finished","0003_add_editor_tables":"finished","0004_migrate_ws_session_data":"finished","0005_cleanup_request_response_and_history_body":"finished","0006_add_dbp_to_request_response_and_history":"finished","0007_add_sync_client_buckets_by_order_id_table":"finished","0008_migrate_to_sync_client_buckets_by_order_id":"finished","0009_remove_sync_client_buckets_table":"finished","0010_add_history_owner":"finished","0011_add_history_response_table":"finished","0012_add_user_data_table":"finished","0013_sanitize_request_response_and_history_methods":"finished","0014_sanitize_response_requestobject_rawmodedata":"finished","0015_add_favorited_collections_table":"started","0016_add_permission_table":"started"}]
[18767][1784058728529][requester][info]["Migrations: Applying migration","0016_add_permission_table"]
[18767][1784058728529][requester][info]["Migrations: Upgrading IndexedDB to version","0016_add_permission_table",10]
[18767][1784058728529][requester][info]["Migrations: Adding pending commit to queue","0016_add_permission_table"]
[18767][1784058728529][requester][info]["Migrations: Starting migration","0017_add_user_preferences_table"]
[18767][1784058728529][requester][info]["Migrations: Setting context before starting migration","0017_add_user_preferences_table",{"0000_initial":"finished","0001_add_archived_resources_table":"finished","0002_add_variable_sessions_table":"finished","0003_add_editor_tables":"finished","0004_migrate_ws_session_data":"finished","0005_cleanup_request_response_and_history_body":"finished","0006_add_dbp_to_request_response_and_history":"finished","0007_add_sync_client_buckets_by_order_id_table":"finished","0008_migrate_to_sync_client_buckets_by_order_id":"finished","0009_remove_sync_client_buckets_table":"finished","0010_add_history_owner":"finished","0011_add_history_response_table":"finished","0012_add_user_data_table":"finished","0013_sanitize_request_response_and_history_methods":"finished","0014_sanitize_response_requestobject_rawmodedata":"finished","0015_add_favorited_collections_table":"started","0016_add_permission_table":"started","0017_add_user_preferences_table":"started"}]
[18767][1784058728529][requester][info]["Migrations: Applying migration","0017_add_user_preferences_table"]
[18767][1784058728529][requester][info]["Migrations: Upgrading IndexedDB to version","0017_add_user_preferences_table",11]
[18767][1784058728530][requester][info]["Migrations: Adding pending commit to queue","0017_add_user_preferences_table"]
[18767][1784058728530][requester][info]["Migrations: Starting migration","0018_index_header_presets"]
[18767][1784058728530][requester][info]["Migrations: Setting context before starting migration","0018_index_header_presets",{"0000_initial":"finished","0001_add_archived_resources_table":"finished","0002_add_variable_sessions_table":"finished","0003_add_editor_tables":"finished","0004_migrate_ws_session_data":"finished","0005_cleanup_request_response_and_history_body":"finished","0006_add_dbp_to_request_response_and_history":"finished","0007_add_sync_client_buckets_by_order_id_table":"finished","0008_migrate_to_sync_client_buckets_by_order_id":"finished","0009_remove_sync_client_buckets_table":"finished","0010_add_history_owner":"finished","0011_add_history_response_table":"finished","0012_add_user_data_table":"finished","0013_sanitize_request_response_and_history_methods":"finished","0014_sanitize_response_requestobject_rawmodedata":"finished","0015_add_favorited_collections_table":"started","0016_add_permission_table":"started","0017_add_user_preferences_table":"started","0018_index_header_presets":"started"}]
[18767][1784058728530][requester][info]["Migrations: Applying migration","0018_index_header_presets"]
[18767][1784058728530][requester][info]["Migrations: Upgrading IndexedDB to version","0018_index_header_presets",12]
[18767][1784058728530][requester][info]["Migrations: Adding pending commit to queue","0018_index_header_presets"]
[18767][1784058728530][requester][info]["Migrations: Starting migration","0019_migrate_favorite_collections_data"]
[18767][1784058728530][requester][info]["Migrations: Flushing pending migrations for","0019_migrate_favorite_collections_data"]
[18767][1784058728530][requester][info]["Migrations: Flushing pending commit for type","IndexeddbSchemaMigration"]
[18767][1784058728530][requester][info]["Migrations: Committing IndexedDB upgrade"]
[18767][1784058728533][requester][info]["Migrations: Updating status in migration context",{"0000_initial":"finished","0001_add_archived_resources_table":"finished","0002_add_variable_sessions_table":"finished","0003_add_editor_tables":"finished","0004_migrate_ws_session_data":"finished","0005_cleanup_request_response_and_history_body":"finished","0006_add_dbp_to_request_response_and_history":"finished","0007_add_sync_client_buckets_by_order_id_table":"finished","0008_migrate_to_sync_client_buckets_by_order_id":"finished","0009_remove_sync_client_buckets_table":"finished","0010_add_history_owner":"finished","0011_add_history_response_table":"finished","0012_add_user_data_table":"finished","0013_sanitize_request_response_and_history_methods":"finished","0014_sanitize_response_requestobject_rawmodedata":"finished","0015_add_favorited_collections_table":"started","0016_add_permission_table":"started","0017_add_user_preferences_table":"started","0018_index_header_presets":"started"}]
[18767][1784058728534][requester][info]["Migrations: Updated status in migration context",{"0000_initial":"finished","0001_add_archived_resources_table":"finished","0002_add_variable_sessions_table":"finished","0003_add_editor_tables":"finished","0004_migrate_ws_session_data":"finished","0005_cleanup_request_response_and_history_body":"finished","0006_add_dbp_to_request_response_and_history":"finished","0007_add_sync_client_buckets_by_order_id_table":"finished","0008_migrate_to_sync_client_buckets_by_order_id":"finished","0009_remove_sync_client_buckets_table":"finished","0010_add_history_owner":"finished","0011_add_history_response_table":"finished","0012_add_user_data_table":"finished","0013_sanitize_request_response_and_history_methods":"finished","0014_sanitize_response_requestobject_rawmodedata":"finished","0015_add_favorited_collections_table":"finished","0016_add_permission_table":"finished","0017_add_user_preferences_table":"finished","0018_index_header_presets":"finished"}]
[18767][1784058728534][requester][info]["Migrations: Setting context before starting migration","0019_migrate_favorite_collections_data",{"0000_initial":"finished","0001_add_archived_resources_table":"finished","0002_add_variable_sessions_table":"finished","0003_add_editor_tables":"finished","0004_migrate_ws_session_data":"finished","0005_cleanup_request_response_and_history_body":"finished","0006_add_dbp_to_request_response_and_history":"finished","0007_add_sync_client_buckets_by_order_id_table":"finished","0008_migrate_to_sync_client_buckets_by_order_id":"finished","0009_remove_sync_client_buckets_table":"finished","0010_add_history_owner":"finished","0011_add_history_response_table":"finished","0012_add_user_data_table":"finished","0013_sanitize_request_response_and_history_methods":"finished","0014_sanitize_response_requestobject_rawmodedata":"finished","0015_add_favorited_collections_table":"finished","0016_add_permission_table":"finished","0017_add_user_preferences_table":"finished","0018_index_header_presets":"finished","0019_migrate_favorite_collections_data":"started"}]
[18767][1784058728534][requester][info]["Migrations: Applying migration","0019_migrate_favorite_collections_data"]
[18767][1784058728534][requester][info]["Migrations: Processing IndexedDB data migration","0019_migrate_favorite_collections_data"]
[18767][1784058728534][requester][info]["Migration~FavoriteCollections: Starting migration"]
[18767][1784058728535][requester][info]["Migrations: Saving migration context after completion","0019_migrate_favorite_collections_data",{"0000_initial":"finished","0001_add_archived_resources_table":"finished","0002_add_variable_sessions_table":"finished","0003_add_editor_tables":"finished","0004_migrate_ws_session_data":"finished","0005_cleanup_request_response_and_history_body":"finished","0006_add_dbp_to_request_response_and_history":"finished","0007_add_sync_client_buckets_by_order_id_table":"finished","0008_migrate_to_sync_client_buckets_by_order_id":"finished","0009_remove_sync_client_buckets_table":"finished","0010_add_history_owner":"finished","0011_add_history_response_table":"finished","0012_add_user_data_table":"finished","0013_sanitize_request_response_and_history_methods":"finished","0014_sanitize_response_requestobject_rawmodedata":"finished","0015_add_favorited_collections_table":"finished","0016_add_permission_table":"finished","0017_add_user_preferences_table":"finished","0018_index_header_presets":"finished","0019_migrate_favorite_collections_data":"started"}]
[18767][1784058728535][requester][info]["Migrations: Starting migration","0020_migrate_sync_client_revision"]
[18767][1784058728535][requester][info]["Migrations: Flushing pending migrations for","0020_migrate_sync_client_revision"]
[18767][1784058728535][requester][info]["Migrations: Updating status in migration context",{"0000_initial":"finished","0001_add_archived_resources_table":"finished","0002_add_variable_sessions_table":"finished","0003_add_editor_tables":"finished","0004_migrate_ws_session_data":"finished","0005_cleanup_request_response_and_history_body":"finished","0006_add_dbp_to_request_response_and_history":"finished","0007_add_sync_client_buckets_by_order_id_table":"finished","0008_migrate_to_sync_client_buckets_by_order_id":"finished","0009_remove_sync_client_buckets_table":"finished","0010_add_history_owner":"finished","0011_add_history_response_table":"finished","0012_add_user_data_table":"finished","0013_sanitize_request_response_and_history_methods":"finished","0014_sanitize_response_requestobject_rawmodedata":"finished","0015_add_favorited_collections_table":"finished","0016_add_permission_table":"finished","0017_add_user_preferences_table":"finished","0018_index_header_presets":"finished","0019_migrate_favorite_collections_data":"finished"}]
[18767][1784058728536][requester][info]["Migrations: Updated status in migration context",{"0000_initial":"finished","0001_add_archived_resources_table":"finished","0002_add_variable_sessions_table":"finished","0003_add_editor_tables":"finished","0004_migrate_ws_session_data":"finished","0005_cleanup_request_response_and_history_body":"finished","0006_add_dbp_to_request_response_and_history":"finished","0007_add_sync_client_buckets_by_order_id_table":"finished","0008_migrate_to_sync_client_buckets_by_order_id":"finished","0009_remove_sync_client_buckets_table":"finished","0010_add_history_owner":"finished","0011_add_history_response_table":"finished","0012_add_user_data_table":"finished","0013_sanitize_request_response_and_history_methods":"finished","0014_sanitize_response_requestobject_rawmodedata":"finished","0015_add_favorited_collections_table":"finished","0016_add_permission_table":"finished","0017_add_user_preferences_table":"finished","0018_index_header_presets":"finished","0019_migrate_favorite_collections_data":"finished"}]
[18767][1784058728536][requester][info]["Migrations: Setting context before starting migration","0020_migrate_sync_client_revision",{"0000_initial":"finished","0001_add_archived_resources_table":"finished","0002_add_variable_sessions_table":"finished","0003_add_editor_tables":"finished","0004_migrate_ws_session_data":"finished","0005_cleanup_request_response_and_history_body":"finished","0006_add_dbp_to_request_response_and_history":"finished","0007_add_sync_client_buckets_by_order_id_table":"finished","0008_migrate_to_sync_client_buckets_by_order_id":"finished","0009_remove_sync_client_buckets_table":"finished","0010_add_history_owner":"finished","0011_add_history_response_table":"finished","0012_add_user_data_table":"finished","0013_sanitize_request_response_and_history_methods":"finished","0014_sanitize_response_requestobject_rawmodedata":"finished","0015_add_favorited_collections_table":"finished","0016_add_permission_table":"finished","0017_add_user_preferences_table":"finished","0018_index_header_presets":"finished","0019_migrate_favorite_collections_data":"finished","0020_migrate_sync_client_revision":"started"}]
[18767][1784058728536][requester][info]["Migrations: Applying migration","0020_migrate_sync_client_revision"]
[18767][1784058728536][requester][info]["Migrations: Processing IndexedDB data migration","0020_migrate_sync_client_revision"]
[18767][1784058728536][requester][info]["Migration~SyncClientRevision: Migrating revision id for timelines"]
[18767][1784058728537][requester][info]["Migrations: Saving migration context after completion","0020_migrate_sync_client_revision",{"0000_initial":"finished","0001_add_archived_resources_table":"finished","0002_add_variable_sessions_table":"finished","0003_add_editor_tables":"finished","0004_migrate_ws_session_data":"finished","0005_cleanup_request_response_and_history_body":"finished","0006_add_dbp_to_request_response_and_history":"finished","0007_add_sync_client_buckets_by_order_id_table":"finished","0008_migrate_to_sync_client_buckets_by_order_id":"finished","0009_remove_sync_client_buckets_table":"finished","0010_add_history_owner":"finished","0011_add_history_response_table":"finished","0012_add_user_data_table":"finished","0013_sanitize_request_response_and_history_methods":"finished","0014_sanitize_response_requestobject_rawmodedata":"finished","0015_add_favorited_collections_table":"finished","0016_add_permission_table":"finished","0017_add_user_preferences_table":"finished","0018_index_header_presets":"finished","0019_migrate_favorite_collections_data":"finished","0020_migrate_sync_client_revision":"started"}]
[18767][1784058728537][requester][info]["Migrations: Starting migration","0021_clear_permissions"]
[18767][1784058728537][requester][info]["Migrations: Flushing pending migrations for","0021_clear_permissions"]
[18767][1784058728537][requester][info]["Migrations: Updating status in migration context",{"0000_initial":"finished","0001_add_archived_resources_table":"finished","0002_add_variable_sessions_table":"finished","0003_add_editor_tables":"finished","0004_migrate_ws_session_data":"finished","0005_cleanup_request_response_and_history_body":"finished","0006_add_dbp_to_request_response_and_history":"finished","0007_add_sync_client_buckets_by_order_id_table":"finished","0008_migrate_to_sync_client_buckets_by_order_id":"finished","0009_remove_sync_client_buckets_table":"finished","0010_add_history_owner":"finished","0011_add_history_response_table":"finished","0012_add_user_data_table":"finished","0013_sanitize_request_response_and_history_methods":"finished","0014_sanitize_response_requestobject_rawmodedata":"finished","0015_add_favorited_collections_table":"finished","0016_add_permission_table":"finished","0017_add_user_preferences_table":"finished","0018_index_header_presets":"finished","0019_migrate_favorite_collections_data":"finished","0020_migrate_sync_client_revision":"finished"}]
[18767][1784058728537][requester][info]["Migrations: Updated status in migration context",{"0000_initial":"finished","0001_add_archived_resources_table":"finished","0002_add_variable_sessions_table":"finished","0003_add_editor_tables":"finished","0004_migrate_ws_session_data":"finished","0005_cleanup_request_response_and_history_body":"finished","0006_add_dbp_to_request_response_and_history":"finished","0007_add_sync_client_buckets_by_order_id_table":"finished","0008_migrate_to_sync_client_buckets_by_order_id":"finished","0009_remove_sync_client_buckets_table":"finished","0010_add_history_owner":"finished","0011_add_history_response_table":"finished","0012_add_user_data_table":"finished","0013_sanitize_request_response_and_history_methods":"finished","0014_sanitize_response_requestobject_rawmodedata":"finished","0015_add_favorited_collections_table":"finished","0016_add_permission_table":"finished","0017_add_user_preferences_table":"finished","0018_index_header_presets":"finished","0019_migrate_favorite_collections_data":"finished","0020_migrate_sync_client_revision":"finished"}]
[18767][1784058728537][requester][info]["Migrations: Setting context before starting migration","0021_clear_permissions",{"0000_initial":"finished","0001_add_archived_resources_table":"finished","0002_add_variable_sessions_table":"finished","0003_add_editor_tables":"finished","0004_migrate_ws_session_data":"finished","0005_cleanup_request_response_and_history_body":"finished","0006_add_dbp_to_request_response_and_history":"finished","0007_add_sync_client_buckets_by_order_id_table":"finished","0008_migrate_to_sync_client_buckets_by_order_id":"finished","0009_remove_sync_client_buckets_table":"finished","0010_add_history_owner":"finished","0011_add_history_response_table":"finished","0012_add_user_data_table":"finished","0013_sanitize_request_response_and_history_methods":"finished","0014_sanitize_response_requestobject_rawmodedata":"finished","0015_add_favorited_collections_table":"finished","0016_add_permission_table":"finished","0017_add_user_preferences_table":"finished","0018_index_header_presets":"finished","0019_migrate_favorite_collections_data":"finished","0020_migrate_sync_client_revision":"finished","0021_clear_permissions":"started"}]
[18767][1784058728537][requester][info]["Migrations: Applying migration","0021_clear_permissions"]
[18767][1784058728537][requester][info]["Migrations: Processing IndexedDB data migration","0021_clear_permissions"]
[18767][1784058728538][requester][info]["Migration~Permissions: Starting migration"]
[18767][1784058728539][requester][info]["Migrations: Saving migration context after completion","0021_clear_permissions",{"0000_initial":"finished","0001_add_archived_resources_table":"finished","0002_add_variable_sessions_table":"finished","0003_add_editor_tables":"finished","0004_migrate_ws_session_data":"finished","0005_cleanup_request_response_and_history_body":"finished","0006_add_dbp_to_request_response_and_history":"finished","0007_add_sync_client_buckets_by_order_id_table":"finished","0008_migrate_to_sync_client_buckets_by_order_id":"finished","0009_remove_sync_client_buckets_table":"finished","0010_add_history_owner":"finished","0011_add_history_response_table":"finished","0012_add_user_data_table":"finished","0013_sanitize_request_response_and_history_methods":"finished","0014_sanitize_response_requestobject_rawmodedata":"finished","0015_add_favorited_collections_table":"finished","0016_add_permission_table":"finished","0017_add_user_preferences_table":"finished","0018_index_header_presets":"finished","0019_migrate_favorite_collections_data":"finished","0020_migrate_sync_client_revision":"finished","0021_clear_permissions":"started"}]
[18767][1784058728539][requester][info]["Migrations: Starting migration","0022_add_workspace_header_presets"]
[18767][1784058728539][requester][info]["Migrations: Flushing pending migrations for","0022_add_workspace_header_presets"]
[18767][1784058728539][requester][info]["Migrations: Updating status in migration context",{"0000_initial":"finished","0001_add_archived_resources_table":"finished","0002_add_variable_sessions_table":"finished","0003_add_editor_tables":"finished","0004_migrate_ws_session_data":"finished","0005_cleanup_request_response_and_history_body":"finished","0006_add_dbp_to_request_response_and_history":"finished","0007_add_sync_client_buckets_by_order_id_table":"finished","0008_migrate_to_sync_client_buckets_by_order_id":"finished","0009_remove_sync_client_buckets_table":"finished","0010_add_history_owner":"finished","0011_add_history_response_table":"finished","0012_add_user_data_table":"finished","0013_sanitize_request_response_and_history_methods":"finished","0014_sanitize_response_requestobject_rawmodedata":"finished","0015_add_favorited_collections_table":"finished","0016_add_permission_table":"finished","0017_add_user_preferences_table":"finished","0018_index_header_presets":"finished","0019_migrate_favorite_collections_data":"finished","0020_migrate_sync_client_revision":"finished","0021_clear_permissions":"finished"}]
[18767][1784058728539][requester][info]["Migrations: Updated status in migration context",{"0000_initial":"finished","0001_add_archived_resources_table":"finished","0002_add_variable_sessions_table":"finished","0003_add_editor_tables":"finished","0004_migrate_ws_session_data":"finished","0005_cleanup_request_response_and_history_body":"finished","0006_add_dbp_to_request_response_and_history":"finished","0007_add_sync_client_buckets_by_order_id_table":"finished","0008_migrate_to_sync_client_buckets_by_order_id":"finished","0009_remove_sync_client_buckets_table":"finished","0010_add_history_owner":"finished","0011_add_history_response_table":"finished","0012_add_user_data_table":"finished","0013_sanitize_request_response_and_history_methods":"finished","0014_sanitize_response_requestobject_rawmodedata":"finished","0015_add_favorited_collections_table":"finished","0016_add_permission_table":"finished","0017_add_user_preferences_table":"finished","0018_index_header_presets":"finished","0019_migrate_favorite_collections_data":"finished","0020_migrate_sync_client_revision":"finished","0021_clear_permissions":"finished"}]
[18767][1784058728539][requester][info]["Migrations: Setting context before starting migration","0022_add_workspace_header_presets",{"0000_initial":"finished","0001_add_archived_resources_table":"finished","0002_add_variable_sessions_table":"finished","0003_add_editor_tables":"finished","0004_migrate_ws_session_data":"finished","0005_cleanup_request_response_and_history_body":"finished","0006_add_dbp_to_request_response_and_history":"finished","0007_add_sync_client_buckets_by_order_id_table":"finished","0008_migrate_to_sync_client_buckets_by_order_id":"finished","0009_remove_sync_client_buckets_table":"finished","0010_add_history_owner":"finished","0011_add_history_response_table":"finished","0012_add_user_data_table":"finished","0013_sanitize_request_response_and_history_methods":"finished","0014_sanitize_response_requestobject_rawmodedata":"finished","0015_add_favorited_collections_table":"finished","0016_add_permission_table":"finished","0017_add_user_preferences_table":"finished","0018_index_header_presets":"finished","0019_migrate_favorite_collections_data":"finished","0020_migrate_sync_client_revision":"finished","0021_clear_permissions":"finished","0022_add_workspace_header_presets":"started"}]
[18767][1784058728539][requester][info]["Migrations: Applying migration","0022_add_workspace_header_presets"]
[18767][1784058728539][requester][info]["Migrations: Processing IndexedDB data migration","0022_add_workspace_header_presets"]
[18767][1784058728540][requester][info]["Migration~HeaderPresets: Add workspace property in header presets"]
[18767][1784058728541][requester][info]["Migrations: Saving migration context after completion","0022_add_workspace_header_presets",{"0000_initial":"finished","0001_add_archived_resources_table":"finished","0002_add_variable_sessions_table":"finished","0003_add_editor_tables":"finished","0004_migrate_ws_session_data":"finished","0005_cleanup_request_response_and_history_body":"finished","0006_add_dbp_to_request_response_and_history":"finished","0007_add_sync_client_buckets_by_order_id_table":"finished","0008_migrate_to_sync_client_buckets_by_order_id":"finished","0009_remove_sync_client_buckets_table":"finished","0010_add_history_owner":"finished","0011_add_history_response_table":"finished","0012_add_user_data_table":"finished","0013_sanitize_request_response_and_history_methods":"finished","0014_sanitize_response_requestobject_rawmodedata":"finished","0015_add_favorited_collections_table":"finished","0016_add_permission_table":"finished","0017_add_user_preferences_table":"finished","0018_index_header_presets":"finished","0019_migrate_favorite_collections_data":"finished","0020_migrate_sync_client_revision":"finished","0021_clear_permissions":"finished","0022_add_workspace_header_presets":"started"}]
[18767][1784058728541][requester][info]["Migrations: Starting migration","0023_remove_collection_permissions_and_shared"]
[18767][1784058728541][requester][info]["Migrations: Flushing pending migrations for","0023_remove_collection_permissions_and_shared"]
[18767][1784058728541][requester][info]["Migrations: Updating status in migration context",{"0000_initial":"finished","0001_add_archived_resources_table":"finished","0002_add_variable_sessions_table":"finished","0003_add_editor_tables":"finished","0004_migrate_ws_session_data":"finished","0005_cleanup_request_response_and_history_body":"finished","0006_add_dbp_to_request_response_and_history":"finished","0007_add_sync_client_buckets_by_order_id_table":"finished","0008_migrate_to_sync_client_buckets_by_order_id":"finished","0009_remove_sync_client_buckets_table":"finished","0010_add_history_owner":"finished","0011_add_history_response_table":"finished","0012_add_user_data_table":"finished","0013_sanitize_request_response_and_history_methods":"finished","0014_sanitize_response_requestobject_rawmodedata":"finished","0015_add_favorited_collections_table":"finished","0016_add_permission_table":"finished","0017_add_user_preferences_table":"finished","0018_index_header_presets":"finished","0019_migrate_favorite_collections_data":"finished","0020_migrate_sync_client_revision":"finished","0021_clear_permissions":"finished","0022_add_workspace_header_presets":"finished"}]
[18767][1784058728541][requester][info]["Migrations: Updated status in migration context",{"0000_initial":"finished","0001_add_archived_resources_table":"finished","0002_add_variable_sessions_table":"finished","0003_add_editor_tables":"finished","0004_migrate_ws_session_data":"finished","0005_cleanup_request_response_and_history_body":"finished","0006_add_dbp_to_request_response_and_history":"finished","0007_add_sync_client_buckets_by_order_id_table":"finished","0008_migrate_to_sync_client_buckets_by_order_id":"finished","0009_remove_sync_client_buckets_table":"finished","0010_add_history_owner":"finished","0011_add_history_response_table":"finished","0012_add_user_data_table":"finished","0013_sanitize_request_response_and_history_methods":"finished","0014_sanitize_response_requestobject_rawmodedata":"finished","0015_add_favorited_collections_table":"finished","0016_add_permission_table":"finished","0017_add_user_preferences_table":"finished","0018_index_header_presets":"finished","0019_migrate_favorite_collections_data":"finished","0020_migrate_sync_client_revision":"finished","0021_clear_permissions":"finished","0022_add_workspace_header_presets":"finished"}]
[18767][1784058728541][requester][info]["Migrations: Setting context before starting migration","0023_remove_collection_permissions_and_shared",{"0000_initial":"finished","0001_add_archived_resources_table":"finished","0002_add_variable_sessions_table":"finished","0003_add_editor_tables":"finished","0004_migrate_ws_session_data":"finished","0005_cleanup_request_response_and_history_body":"finished","0006_add_dbp_to_request_response_and_history":"finished","0007_add_sync_client_buckets_by_order_id_table":"finished","0008_migrate_to_sync_client_buckets_by_order_id":"finished","0009_remove_sync_client_buckets_table":"finished","0010_add_history_owner":"finished","0011_add_history_response_table":"finished","0012_add_user_data_table":"finished","0013_sanitize_request_response_and_history_methods":"finished","0014_sanitize_response_requestobject_rawmodedata":"finished","0015_add_favorited_collections_table":"finished","0016_add_permission_table":"finished","0017_add_user_preferences_table":"finished","0018_index_header_presets":"finished","0019_migrate_favorite_collections_data":"finished","0020_migrate_sync_client_revision":"finished","0021_clear_permissions":"finished","0022_add_workspace_header_presets":"finished","0023_remove_collection_permissions_and_shared":"started"}]
[18767][1784058728541][requester][info]["Migrations: Applying migration","0023_remove_collection_permissions_and_shared"]
[18767][1784058728541][requester][info]["Migrations: Processing IndexedDB data migration","0023_remove_collection_permissions_and_shared"]
[18767][1784058728542][requester][info]["Migrations: Saving migration context after completion","0023_remove_collection_permissions_and_shared",{"0000_initial":"finished","0001_add_archived_resources_table":"finished","0002_add_variable_sessions_table":"finished","0003_add_editor_tables":"finished","0004_migrate_ws_session_data":"finished","0005_cleanup_request_response_and_history_body":"finished","0006_add_dbp_to_request_response_and_history":"finished","0007_add_sync_client_buckets_by_order_id_table":"finished","0008_migrate_to_sync_client_buckets_by_order_id":"finished","0009_remove_sync_client_buckets_table":"finished","0010_add_history_owner":"finished","0011_add_history_response_table":"finished","0012_add_user_data_table":"finished","0013_sanitize_request_response_and_history_methods":"finished","0014_sanitize_response_requestobject_rawmodedata":"finished","0015_add_favorited_collections_table":"finished","0016_add_permission_table":"finished","0017_add_user_preferences_table":"finished","0018_index_header_presets":"finished","0019_migrate_favorite_collections_data":"finished","0020_migrate_sync_client_revision":"finished","0021_clear_permissions":"finished","0022_add_workspace_header_presets":"finished","0023_remove_collection_permissions_and_shared":"started"}]
[18767][1784058728542][requester][info]["Migrations: Starting migration","0024_add_console_timelines_table"]
[18767][1784058728542][requester][info]["Migrations: Setting context before starting migration","0024_add_console_timelines_table",{"0000_initial":"finished","0001_add_archived_resources_table":"finished","0002_add_variable_sessions_table":"finished","0003_add_editor_tables":"finished","0004_migrate_ws_session_data":"finished","0005_cleanup_request_response_and_history_body":"finished","0006_add_dbp_to_request_response_and_history":"finished","0007_add_sync_client_buckets_by_order_id_table":"finished","0008_migrate_to_sync_client_buckets_by_order_id":"finished","0009_remove_sync_client_buckets_table":"finished","0010_add_history_owner":"finished","0011_add_history_response_table":"finished","0012_add_user_data_table":"finished","0013_sanitize_request_response_and_history_methods":"finished","0014_sanitize_response_requestobject_rawmodedata":"finished","0015_add_favorited_collections_table":"finished","0016_add_permission_table":"finished","0017_add_user_preferences_table":"finished","0018_index_header_presets":"finished","0019_migrate_favorite_collections_data":"finished","0020_migrate_sync_client_revision":"finished","0021_clear_permissions":"finished","0022_add_workspace_header_presets":"finished","0023_remove_collection_permissions_and_shared":"finished","0024_add_console_timelines_table":"started"}]
[18767][1784058728542][requester][info]["Migrations: Applying migration","0024_add_console_timelines_table"]
[18767][1784058728543][requester][info]["Migrations: Upgrading IndexedDB to version","0024_add_console_timelines_table",13]
[18767][1784058728543][requester][info]["Migrations: Adding pending commit to queue","0024_add_console_timelines_table"]
[18767][1784058728543][requester][info]["Migrations: Starting migration","0025_add_console_events_table"]
[18767][1784058728543][requester][info]["Migrations: Setting context before starting migration","0025_add_console_events_table",{"0000_initial":"finished","0001_add_archived_resources_table":"finished","0002_add_variable_sessions_table":"finished","0003_add_editor_tables":"finished","0004_migrate_ws_session_data":"finished","0005_cleanup_request_response_and_history_body":"finished","0006_add_dbp_to_request_response_and_history":"finished","0007_add_sync_client_buckets_by_order_id_table":"finished","0008_migrate_to_sync_client_buckets_by_order_id":"finished","0009_remove_sync_client_buckets_table":"finished","0010_add_history_owner":"finished","0011_add_history_response_table":"finished","0012_add_user_data_table":"finished","0013_sanitize_request_response_and_history_methods":"finished","0014_sanitize_response_requestobject_rawmodedata":"finished","0015_add_favorited_collections_table":"finished","0016_add_permission_table":"finished","0017_add_user_preferences_table":"finished","0018_index_header_presets":"finished","0019_migrate_favorite_collections_data":"finished","0020_migrate_sync_client_revision":"finished","0021_clear_permissions":"finished","0022_add_workspace_header_presets":"finished","0023_remove_collection_permissions_and_shared":"finished","0024_add_console_timelines_table":"started","0025_add_console_events_table":"started"}]
[18767][1784058728543][requester][info]["Migrations: Applying migration","0025_add_console_events_table"]
[18767][1784058728543][requester][info]["Migrations: Upgrading IndexedDB to version","0025_add_console_events_table",14]
[18767][1784058728543][requester][info]["Migrations: Adding pending commit to queue","0025_add_console_events_table"]
[18767][1784058728544][requester][info]["Migrations: Starting migration","0026_index_console_events"]
[18767][1784058728544][requester][info]["Migrations: Setting context before starting migration","0026_index_console_events",{"0000_initial":"finished","0001_add_archived_resources_table":"finished","0002_add_variable_sessions_table":"finished","0003_add_editor_tables":"finished","0004_migrate_ws_session_data":"finished","0005_cleanup_request_response_and_history_body":"finished","0006_add_dbp_to_request_response_and_history":"finished","0007_add_sync_client_buckets_by_order_id_table":"finished","0008_migrate_to_sync_client_buckets_by_order_id":"finished","0009_remove_sync_client_buckets_table":"finished","0010_add_history_owner":"finished","0011_add_history_response_table":"finished","0012_add_user_data_table":"finished","0013_sanitize_request_response_and_history_methods":"finished","0014_sanitize_response_requestobject_rawmodedata":"finished","0015_add_favorited_collections_table":"finished","0016_add_permission_table":"finished","0017_add_user_preferences_table":"finished","0018_index_header_presets":"finished","0019_migrate_favorite_collections_data":"finished","0020_migrate_sync_client_revision":"finished","0021_clear_permissions":"finished","0022_add_workspace_header_presets":"finished","0023_remove_collection_permissions_and_shared":"finished","0024_add_console_timelines_table":"started","0025_add_console_events_table":"started","0026_index_console_events":"started"}]
[18767][1784058728544][requester][info]["Migrations: Applying migration","0026_index_console_events"]
[18767][1784058728544][requester][info]["Migrations: Upgrading IndexedDB to version","0026_index_console_events",15]
[18767][1784058728544][requester][info]["Migrations: Adding pending commit to queue","0026_index_console_events"]
[18767][1784058728544][requester][info]["Migrations: Starting migration","0027_add_console_blob_table"]
[18767][1784058728544][requester][info]["Migrations: Setting context before starting migration","0027_add_console_blob_table",{"0000_initial":"finished","0001_add_archived_resources_table":"finished","0002_add_variable_sessions_table":"finished","0003_add_editor_tables":"finished","0004_migrate_ws_session_data":"finished","0005_cleanup_request_response_and_history_body":"finished","0006_add_dbp_to_request_response_and_history":"finished","0007_add_sync_client_buckets_by_order_id_table":"finished","0008_migrate_to_sync_client_buckets_by_order_id":"finished","0009_remove_sync_client_buckets_table":"finished","0010_add_history_owner":"finished","0011_add_history_response_table":"finished","0012_add_user_data_table":"finished","0013_sanitize_request_response_and_history_methods":"finished","0014_sanitize_response_requestobject_rawmodedata":"finished","0015_add_favorited_collections_table":"finished","0016_add_permission_table":"finished","0017_add_user_preferences_table":"finished","0018_index_header_presets":"finished","0019_migrate_favorite_collections_data":"finished","0020_migrate_sync_client_revision":"finished","0021_clear_permissions":"finished","0022_add_workspace_header_presets":"finished","0023_remove_collection_permissions_and_shared":"finished","0024_add_console_timelines_table":"started","0025_add_console_events_table":"started","0026_index_console_events":"started","0027_add_console_blob_table":"started"}]
[18767][1784058728544][requester][info]["Migrations: Applying migration","0027_add_console_blob_table"]
[18767][1784058728544][requester][info]["Migrations: Upgrading IndexedDB to version","0027_add_console_blob_table",16]
[18767][1784058728544][requester][info]["Migrations: Adding pending commit to queue","0027_add_console_blob_table"]
[18767][1784058728545][requester][info]["Migrations: Starting migration","0028_add_runner_data_table"]
[18767][1784058728545][requester][info]["Migrations: Setting context before starting migration","0028_add_runner_data_table",{"0000_initial":"finished","0001_add_archived_resources_table":"finished","0002_add_variable_sessions_table":"finished","0003_add_editor_tables":"finished","0004_migrate_ws_session_data":"finished","0005_cleanup_request_response_and_history_body":"finished","0006_add_dbp_to_request_response_and_history":"finished","0007_add_sync_client_buckets_by_order_id_table":"finished","0008_migrate_to_sync_client_buckets_by_order_id":"finished","0009_remove_sync_client_buckets_table":"finished","0010_add_history_owner":"finished","0011_add_history_response_table":"finished","0012_add_user_data_table":"finished","0013_sanitize_request_response_and_history_methods":"finished","0014_sanitize_response_requestobject_rawmodedata":"finished","0015_add_favorited_collections_table":"finished","0016_add_permission_table":"finished","0017_add_user_preferences_table":"finished","0018_index_header_presets":"finished","0019_migrate_favorite_collections_data":"finished","0020_migrate_sync_client_revision":"finished","0021_clear_permissions":"finished","0022_add_workspace_header_presets":"finished","0023_remove_collection_permissions_and_shared":"finished","0024_add_console_timelines_table":"started","0025_add_console_events_table":"started","0026_index_console_events":"started","0027_add_console_blob_table":"started","0028_add_runner_data_table":"started"}]
[18767][1784058728545][requester][info]["Migrations: Applying migration","0028_add_runner_data_table"]
[18767][1784058728545][requester][info]["Migrations: Upgrading IndexedDB to version","0028_add_runner_data_table",17]
[18767][1784058728545][requester][info]["Migrations: Adding pending commit to queue","0028_add_runner_data_table"]
[18767][1784058728545][requester][info]["Migrations: Starting migration","0029_add_api_schema_table"]
[18767][1784058728545][requester][info]["Migrations: Setting context before starting migration","0029_add_api_schema_table",{"0000_initial":"finished","0001_add_archived_resources_table":"finished","0002_add_variable_sessions_table":"finished","0003_add_editor_tables":"finished","0004_migrate_ws_session_data":"finished","0005_cleanup_request_response_and_history_body":"finished","0006_add_dbp_to_request_response_and_history":"finished","0007_add_sync_client_buckets_by_order_id_table":"finished","0008_migrate_to_sync_client_buckets_by_order_id":"finished","0009_remove_sync_client_buckets_table":"finished","0010_add_history_owner":"finished","0011_add_history_response_table":"finished","0012_add_user_data_table":"finished","0013_sanitize_request_response_and_history_methods":"finished","0014_sanitize_response_requestobject_rawmodedata":"finished","0015_add_favorited_collections_table":"finished","0016_add_permission_table":"finished","0017_add_user_preferences_table":"finished","0018_index_header_presets":"finished","0019_migrate_favorite_collections_data":"finished","0020_migrate_sync_client_revision":"finished","0021_clear_permissions":"finished","0022_add_workspace_header_presets":"finished","0023_remove_collection_permissions_and_shared":"finished","0024_add_console_timelines_table":"started","0025_add_console_events_table":"started","0026_index_console_events":"started","0027_add_console_blob_table":"started","0028_add_runner_data_table":"started","0029_add_api_schema_table":"started"}]
[18767][1784058728545][requester][info]["Migrations: Applying migration","0029_add_api_schema_table"]
[18767][1784058728545][requester][info]["Migrations: Upgrading IndexedDB to version","0029_add_api_schema_table",18]
[18767][1784058728546][requester][info]["Migrations: Adding pending commit to queue","0029_add_api_schema_table"]
[18767][1784058728546][requester][info]["Migrations: Starting migration","0030_migrate_collection_runs"]
[18767][1784058728546][requester][info]["Migrations: Flushing pending migrations for","0030_migrate_collection_runs"]
[18767][1784058728546][requester][info]["Migrations: Flushing pending commit for type","IndexeddbSchemaMigration"]
[18767][1784058728546][requester][info]["Migrations: Committing IndexedDB upgrade"]
[18767][1784058728551][requester][info]["Migrations: Updating status in migration context",{"0000_initial":"finished","0001_add_archived_resources_table":"finished","0002_add_variable_sessions_table":"finished","0003_add_editor_tables":"finished","0004_migrate_ws_session_data":"finished","0005_cleanup_request_response_and_history_body":"finished","0006_add_dbp_to_request_response_and_history":"finished","0007_add_sync_client_buckets_by_order_id_table":"finished","0008_migrate_to_sync_client_buckets_by_order_id":"finished","0009_remove_sync_client_buckets_table":"finished","0010_add_history_owner":"finished","0011_add_history_response_table":"finished","0012_add_user_data_table":"finished","0013_sanitize_request_response_and_history_methods":"finished","0014_sanitize_response_requestobject_rawmodedata":"finished","0015_add_favorited_collections_table":"finished","0016_add_permission_table":"finished","0017_add_user_preferences_table":"finished","0018_index_header_presets":"finished","0019_migrate_favorite_collections_data":"finished","0020_migrate_sync_client_revision":"finished","0021_clear_permissions":"finished","0022_add_workspace_header_presets":"finished","0023_remove_collection_permissions_and_shared":"finished","0024_add_console_timelines_table":"started","0025_add_console_events_table":"started","0026_index_console_events":"started","0027_add_console_blob_table":"started","0028_add_runner_data_table":"started","0029_add_api_schema_table":"started"}]
[18767][1784058728551][requester][info]["Migrations: Updated status in migration context",{"0000_initial":"finished","0001_add_archived_resources_table":"finished","0002_add_variable_sessions_table":"finished","0003_add_editor_tables":"finished","0004_migrate_ws_session_data":"finished","0005_cleanup_request_response_and_history_body":"finished","0006_add_dbp_to_request_response_and_history":"finished","0007_add_sync_client_buckets_by_order_id_table":"finished","0008_migrate_to_sync_client_buckets_by_order_id":"finished","0009_remove_sync_client_buckets_table":"finished","0010_add_history_owner":"finished","0011_add_history_response_table":"finished","0012_add_user_data_table":"finished","0013_sanitize_request_response_and_history_methods":"finished","0014_sanitize_response_requestobject_rawmodedata":"finished","0015_add_favorited_collections_table":"finished","0016_add_permission_table":"finished","0017_add_user_preferences_table":"finished","0018_index_header_presets":"finished","0019_migrate_favorite_collections_data":"finished","0020_migrate_sync_client_revision":"finished","0021_clear_permissions":"finished","0022_add_workspace_header_presets":"finished","0023_remove_collection_permissions_and_shared":"finished","0024_add_console_timelines_table":"finished","0025_add_console_events_table":"finished","0026_index_console_events":"finished","0027_add_console_blob_table":"finished","0028_add_runner_data_table":"finished","0029_add_api_schema_table":"finished"}]
[18767][1784058728551][requester][info]["Migrations: Setting context before starting migration","0030_migrate_collection_runs",{"0000_initial":"finished","0001_add_archived_resources_table":"finished","0002_add_variable_sessions_table":"finished","0003_add_editor_tables":"finished","0004_migrate_ws_session_data":"finished","0005_cleanup_request_response_and_history_body":"finished","0006_add_dbp_to_request_response_and_history":"finished","0007_add_sync_client_buckets_by_order_id_table":"finished","0008_migrate_to_sync_client_buckets_by_order_id":"finished","0009_remove_sync_client_buckets_table":"finished","0010_add_history_owner":"finished","0011_add_history_response_table":"finished","0012_add_user_data_table":"finished","0013_sanitize_request_response_and_history_methods":"finished","0014_sanitize_response_requestobject_rawmodedata":"finished","0015_add_favorited_collections_table":"finished","0016_add_permission_table":"finished","0017_add_user_preferences_table":"finished","0018_index_header_presets":"finished","0019_migrate_favorite_collections_data":"finished","0020_migrate_sync_client_revision":"finished","0021_clear_permissions":"finished","0022_add_workspace_header_presets":"finished","0023_remove_collection_permissions_and_shared":"finished","0024_add_console_timelines_table":"finished","0025_add_console_events_table":"finished","0026_index_console_events":"finished","0027_add_console_blob_table":"finished","0028_add_runner_data_table":"finished","0029_add_api_schema_table":"finished","0030_migrate_collection_runs":"started"}]
[18767][1784058728552][requester][info]["Migrations: Applying migration","0030_migrate_collection_runs"]
[18767][1784058728552][requester][info]["Migrations: Processing IndexedDB data migration","0030_migrate_collection_runs"]
[18767][1784058728552][requester][info]["Migration~CollectionRun: Migrating collection runs"]
[18767][1784058728553][requester][info]["Migrations: Saving migration context after completion","0030_migrate_collection_runs",{"0000_initial":"finished","0001_add_archived_resources_table":"finished","0002_add_variable_sessions_table":"finished","0003_add_editor_tables":"finished","0004_migrate_ws_session_data":"finished","0005_cleanup_request_response_and_history_body":"finished","0006_add_dbp_to_request_response_and_history":"finished","0007_add_sync_client_buckets_by_order_id_table":"finished","0008_migrate_to_sync_client_buckets_by_order_id":"finished","0009_remove_sync_client_buckets_table":"finished","0010_add_history_owner":"finished","0011_add_history_response_table":"finished","0012_add_user_data_table":"finished","0013_sanitize_request_response_and_history_methods":"finished","0014_sanitize_response_requestobject_rawmodedata":"finished","0015_add_favorited_collections_table":"finished","0016_add_permission_table":"finished","0017_add_user_preferences_table":"finished","0018_index_header_presets":"finished","0019_migrate_favorite_collections_data":"finished","0020_migrate_sync_client_revision":"finished","0021_clear_permissions":"finished","0022_add_workspace_header_presets":"finished","0023_remove_collection_permissions_and_shared":"finished","0024_add_console_timelines_table":"finished","0025_add_console_events_table":"finished","0026_index_console_events":"finished","0027_add_console_blob_table":"finished","0028_add_runner_data_table":"finished","0029_add_api_schema_table":"finished","0030_migrate_collection_runs":"started"}]
[18767][1784058728553][requester][info]["Migrations: Starting migration","0031_add_api_relation_table"]
[18767][1784058728553][requester][info]["Migrations: Setting context before starting migration","0031_add_api_relation_table",{"0000_initial":"finished","0001_add_archived_resources_table":"finished","0002_add_variable_sessions_table":"finished","0003_add_editor_tables":"finished","0004_migrate_ws_session_data":"finished","0005_cleanup_request_response_and_history_body":"finished","0006_add_dbp_to_request_response_and_history":"finished","0007_add_sync_client_buckets_by_order_id_table":"finished","0008_migrate_to_sync_client_buckets_by_order_id":"finished","0009_remove_sync_client_buckets_table":"finished","0010_add_history_owner":"finished","0011_add_history_response_table":"finished","0012_add_user_data_table":"finished","0013_sanitize_request_response_and_history_methods":"finished","0014_sanitize_response_requestobject_rawmodedata":"finished","0015_add_favorited_collections_table":"finished","0016_add_permission_table":"finished","0017_add_user_preferences_table":"finished","0018_index_header_presets":"finished","0019_migrate_favorite_collections_data":"finished","0020_migrate_sync_client_revision":"finished","0021_clear_permissions":"finished","0022_add_workspace_header_presets":"finished","0023_remove_collection_permissions_and_shared":"finished","0024_add_console_timelines_table":"finished","0025_add_console_events_table":"finished","0026_index_console_events":"finished","0027_add_console_blob_table":"finished","0028_add_runner_data_table":"finished","0029_add_api_schema_table":"finished","0030_migrate_collection_runs":"finished","0031_add_api_relation_table":"started"}]
[18767][1784058728553][requester][info]["Migrations: Applying migration","0031_add_api_relation_table"]
[18767][1784058728553][requester][info]["Migrations: Upgrading IndexedDB to version","0031_add_api_relation_table",19]
[18767][1784058728553][requester][info]["Migrations: Adding pending commit to queue","0031_add_api_relation_table"]
[18767][1784058728553][requester][info]["Migrations: Starting migration","0032_index_workspacesession_editor"]
[18767][1784058728553][requester][info]["Migrations: Setting context before starting migration","0032_index_workspacesession_editor",{"0000_initial":"finished","0001_add_archived_resources_table":"finished","0002_add_variable_sessions_table":"finished","0003_add_editor_tables":"finished","0004_migrate_ws_session_data":"finished","0005_cleanup_request_response_and_history_body":"finished","0006_add_dbp_to_request_response_and_history":"finished","0007_add_sync_client_buckets_by_order_id_table":"finished","0008_migrate_to_sync_client_buckets_by_order_id":"finished","0009_remove_sync_client_buckets_table":"finished","0010_add_history_owner":"finished","0011_add_history_response_table":"finished","0012_add_user_data_table":"finished","0013_sanitize_request_response_and_history_methods":"finished","0014_sanitize_response_requestobject_rawmodedata":"finished","0015_add_favorited_collections_table":"finished","0016_add_permission_table":"finished","0017_add_user_preferences_table":"finished","0018_index_header_presets":"finished","0019_migrate_favorite_collections_data":"finished","0020_migrate_sync_client_revision":"finished","0021_clear_permissions":"finished","0022_add_workspace_header_presets":"finished","0023_remove_collection_permissions_and_shared":"finished","0024_add_console_timelines_table":"finished","0025_add_console_events_table":"finished","0026_index_console_events":"finished","0027_add_console_blob_table":"finished","0028_add_runner_data_table":"finished","0029_add_api_schema_table":"finished","0030_migrate_collection_runs":"finished","0031_add_api_relation_table":"started","0032_index_workspacesession_editor":"started"}]
[18767][1784058728553][requester][info]["Migrations: Applying migration","0032_index_workspacesession_editor"]
[18767][1784058728554][requester][info]["Migrations: Upgrading IndexedDB to version","0032_index_workspacesession_editor",20]
[18767][1784058728554][requester][info]["Migrations: Adding pending commit to queue","0032_index_workspacesession_editor"]
[18767][1784058728554][requester][info]["Migrations: Starting migration","0033_add_editor_data_cache_table"]
[18767][1784058728554][requester][info]["Migrations: Setting context before starting migration","0033_add_editor_data_cache_table",{"0000_initial":"finished","0001_add_archived_resources_table":"finished","0002_add_variable_sessions_table":"finished","0003_add_editor_tables":"finished","0004_migrate_ws_session_data":"finished","0005_cleanup_request_response_and_history_body":"finished","0006_add_dbp_to_request_response_and_history":"finished","0007_add_sync_client_buckets_by_order_id_table":"finished","0008_migrate_to_sync_client_buckets_by_order_id":"finished","0009_remove_sync_client_buckets_table":"finished","0010_add_history_owner":"finished","0011_add_history_response_table":"finished","0012_add_user_data_table":"finished","0013_sanitize_request_response_and_history_methods":"finished","0014_sanitize_response_requestobject_rawmodedata":"finished","0015_add_favorited_collections_table":"finished","0016_add_permission_table":"finished","0017_add_user_preferences_table":"finished","0018_index_header_presets":"finished","0019_migrate_favorite_collections_data":"finished","0020_migrate_sync_client_revision":"finished","0021_clear_permissions":"finished","0022_add_workspace_header_presets":"finished","0023_remove_collection_permissions_and_shared":"finished","0024_add_console_timelines_table":"finished","0025_add_console_events_table":"finished","0026_index_console_events":"finished","0027_add_console_blob_table":"finished","0028_add_runner_data_table":"finished","0029_add_api_schema_table":"finished","0030_migrate_collection_runs":"finished","0031_add_api_relation_table":"started","0032_index_workspacesession_editor":"started","0033_add_editor_data_cache_table":"started"}]
[18767][1784058728554][requester][info]["Migrations: Applying migration","0033_add_editor_data_cache_table"]
[18767][1784058728554][requester][info]["Migrations: Upgrading IndexedDB to version","0033_add_editor_data_cache_table",21]
[18767][1784058728554][requester][info]["Migrations: Adding pending commit to queue","0033_add_editor_data_cache_table"]
[18767][1784058728554][requester][info]["Migrations: Starting migration","0034_migrate_editor_data"]
[18767][1784058728555][requester][info]["Migrations: Flushing pending migrations for","0034_migrate_editor_data"]
[18767][1784058728555][requester][info]["Migrations: Flushing pending commit for type","IndexeddbSchemaMigration"]
[18767][1784058728555][requester][info]["Migrations: Committing IndexedDB upgrade"]
[18767][1784058728558][requester][info]["Migrations: Updating status in migration context",{"0000_initial":"finished","0001_add_archived_resources_table":"finished","0002_add_variable_sessions_table":"finished","0003_add_editor_tables":"finished","0004_migrate_ws_session_data":"finished","0005_cleanup_request_response_and_history_body":"finished","0006_add_dbp_to_request_response_and_history":"finished","0007_add_sync_client_buckets_by_order_id_table":"finished","0008_migrate_to_sync_client_buckets_by_order_id":"finished","0009_remove_sync_client_buckets_table":"finished","0010_add_history_owner":"finished","0011_add_history_response_table":"finished","0012_add_user_data_table":"finished","0013_sanitize_request_response_and_history_methods":"finished","0014_sanitize_response_requestobject_rawmodedata":"finished","0015_add_favorited_collections_table":"finished","0016_add_permission_table":"finished","0017_add_user_preferences_table":"finished","0018_index_header_presets":"finished","0019_migrate_favorite_collections_data":"finished","0020_migrate_sync_client_revision":"finished","0021_clear_permissions":"finished","0022_add_workspace_header_presets":"finished","0023_remove_collection_permissions_and_shared":"finished","0024_add_console_timelines_table":"finished","0025_add_console_events_table":"finished","0026_index_console_events":"finished","0027_add_console_blob_table":"finished","0028_add_runner_data_table":"finished","0029_add_api_schema_table":"finished","0030_migrate_collection_runs":"finished","0031_add_api_relation_table":"started","0032_index_workspacesession_editor":"started","0033_add_editor_data_cache_table":"started"}]
[18767][1784058728558][requester][info]["Migrations: Updated status in migration context",{"0000_initial":"finished","0001_add_archived_resources_table":"finished","0002_add_variable_sessions_table":"finished","0003_add_editor_tables":"finished","0004_migrate_ws_session_data":"finished","0005_cleanup_request_response_and_history_body":"finished","0006_add_dbp_to_request_response_and_history":"finished","0007_add_sync_client_buckets_by_order_id_table":"finished","0008_migrate_to_sync_client_buckets_by_order_id":"finished","0009_remove_sync_client_buckets_table":"finished","0010_add_history_owner":"finished","0011_add_history_response_table":"finished","0012_add_user_data_table":"finished","0013_sanitize_request_response_and_history_methods":"finished","0014_sanitize_response_requestobject_rawmodedata":"finished","0015_add_favorited_collections_table":"finished","0016_add_permission_table":"finished","0017_add_user_preferences_table":"finished","0018_index_header_presets":"finished","0019_migrate_favorite_collections_data":"finished","0020_migrate_sync_client_revision":"finished","0021_clear_permissions":"finished","0022_add_workspace_header_presets":"finished","0023_remove_collection_permissions_and_shared":"finished","0024_add_console_timelines_table":"finished","0025_add_console_events_table":"finished","0026_index_console_events":"finished","0027_add_console_blob_table":"finished","0028_add_runner_data_table":"finished","0029_add_api_schema_table":"finished","0030_migrate_collection_runs":"finished","0031_add_api_relation_table":"finished","0032_index_workspacesession_editor":"finished","0033_add_editor_data_cache_table":"finished"}]
[18767][1784058728558][requester][info]["Migrations: Setting context before starting migration","0034_migrate_editor_data",{"0000_initial":"finished","0001_add_archived_resources_table":"finished","0002_add_variable_sessions_table":"finished","0003_add_editor_tables":"finished","0004_migrate_ws_session_data":"finished","0005_cleanup_request_response_and_history_body":"finished","0006_add_dbp_to_request_response_and_history":"finished","0007_add_sync_client_buckets_by_order_id_table":"finished","0008_migrate_to_sync_client_buckets_by_order_id":"finished","0009_remove_sync_client_buckets_table":"finished","0010_add_history_owner":"finished","0011_add_history_response_table":"finished","0012_add_user_data_table":"finished","0013_sanitize_request_response_and_history_methods":"finished","0014_sanitize_response_requestobject_rawmodedata":"finished","0015_add_favorited_collections_table":"finished","0016_add_permission_table":"finished","0017_add_user_preferences_table":"finished","0018_index_header_presets":"finished","0019_migrate_favorite_collections_data":"finished","0020_migrate_sync_client_revision":"finished","0021_clear_permissions":"finished","0022_add_workspace_header_presets":"finished","0023_remove_collection_permissions_and_shared":"finished","0024_add_console_timelines_table":"finished","0025_add_console_events_table":"finished","0026_index_console_events":"finished","0027_add_console_blob_table":"finished","0028_add_runner_data_table":"finished","0029_add_api_schema_table":"finished","0030_migrate_collection_runs":"finished","0031_add_api_relation_table":"finished","0032_index_workspacesession_editor":"finished","0033_add_editor_data_cache_table":"finished","0034_migrate_editor_data":"started"}]
[18767][1784058728559][requester][info]["Migrations: Applying migration","0034_migrate_editor_data"]
[18767][1784058728559][requester][info]["Migrations: Processing IndexedDB data migration","0034_migrate_editor_data"]
[18767][1784058728559][requester][info]["Migration~EditorsData: Migrating editors data"]
[18767][1784058728560][requester][info]["Migrations: Saving migration context after completion","0034_migrate_editor_data",{"0000_initial":"finished","0001_add_archived_resources_table":"finished","0002_add_variable_sessions_table":"finished","0003_add_editor_tables":"finished","0004_migrate_ws_session_data":"finished","0005_cleanup_request_response_and_history_body":"finished","0006_add_dbp_to_request_response_and_history":"finished","0007_add_sync_client_buckets_by_order_id_table":"finished","0008_migrate_to_sync_client_buckets_by_order_id":"finished","0009_remove_sync_client_buckets_table":"finished","0010_add_history_owner":"finished","0011_add_history_response_table":"finished","0012_add_user_data_table":"finished","0013_sanitize_request_response_and_history_methods":"finished","0014_sanitize_response_requestobject_rawmodedata":"finished","0015_add_favorited_collections_table":"finished","0016_add_permission_table":"finished","0017_add_user_preferences_table":"finished","0018_index_header_presets":"finished","0019_migrate_favorite_collections_data":"finished","0020_migrate_sync_client_revision":"finished","0021_clear_permissions":"finished","0022_add_workspace_header_presets":"finished","0023_remove_collection_permissions_and_shared":"finished","0024_add_console_timelines_table":"finished","0025_add_console_events_table":"finished","0026_index_console_events":"finished","0027_add_console_blob_table":"finished","0028_add_runner_data_table":"finished","0029_add_api_schema_table":"finished","0030_migrate_collection_runs":"finished","0031_add_api_relation_table":"finished","0032_index_workspacesession_editor":"finished","0033_add_editor_data_cache_table":"finished","0034_migrate_editor_data":"started"}]
[18767][1784058728560][requester][info]["Migrations: Starting migration","0035_remove_editors_table"]
[18767][1784058728560][requester][info]["Migrations: Setting context before starting migration","0035_remove_editors_table",{"0000_initial":"finished","0001_add_archived_resources_table":"finished","0002_add_variable_sessions_table":"finished","0003_add_editor_tables":"finished","0004_migrate_ws_session_data":"finished","0005_cleanup_request_response_and_history_body":"finished","0006_add_dbp_to_request_response_and_history":"finished","0007_add_sync_client_buckets_by_order_id_table":"finished","0008_migrate_to_sync_client_buckets_by_order_id":"finished","0009_remove_sync_client_buckets_table":"finished","0010_add_history_owner":"finished","0011_add_history_response_table":"finished","0012_add_user_data_table":"finished","0013_sanitize_request_response_and_history_methods":"finished","0014_sanitize_response_requestobject_rawmodedata":"finished","0015_add_favorited_collections_table":"finished","0016_add_permission_table":"finished","0017_add_user_preferences_table":"finished","0018_index_header_presets":"finished","0019_migrate_favorite_collections_data":"finished","0020_migrate_sync_client_revision":"finished","0021_clear_permissions":"finished","0022_add_workspace_header_presets":"finished","0023_remove_collection_permissions_and_shared":"finished","0024_add_console_timelines_table":"finished","0025_add_console_events_table":"finished","0026_index_console_events":"finished","0027_add_console_blob_table":"finished","0028_add_runner_data_table":"finished","0029_add_api_schema_table":"finished","0030_migrate_collection_runs":"finished","0031_add_api_relation_table":"finished","0032_index_workspacesession_editor":"finished","0033_add_editor_data_cache_table":"finished","0034_migrate_editor_data":"finished","0035_remove_editors_table":"started"}]
[18767][1784058728560][requester][info]["Migrations: Applying migration","0035_remove_editors_table"]
[18767][1784058728560][requester][info]["Migrations: Upgrading IndexedDB to version","0035_remove_editors_table",22]
[18767][1784058728560][requester][info]["Migrations: Adding pending commit to queue","0035_remove_editors_table"]
[18767][1784058728560][requester][info]["Migrations: Starting migration","0036_add_auth_sessions_table"]
[18767][1784058728560][requester][info]["Migrations: Setting context before starting migration","0036_add_auth_sessions_table",{"0000_initial":"finished","0001_add_archived_resources_table":"finished","0002_add_variable_sessions_table":"finished","0003_add_editor_tables":"finished","0004_migrate_ws_session_data":"finished","0005_cleanup_request_response_and_history_body":"finished","0006_add_dbp_to_request_response_and_history":"finished","0007_add_sync_client_buckets_by_order_id_table":"finished","0008_migrate_to_sync_client_buckets_by_order_id":"finished","0009_remove_sync_client_buckets_table":"finished","0010_add_history_owner":"finished","0011_add_history_response_table":"finished","0012_add_user_data_table":"finished","0013_sanitize_request_response_and_history_methods":"finished","0014_sanitize_response_requestobject_rawmodedata":"finished","0015_add_favorited_collections_table":"finished","0016_add_permission_table":"finished","0017_add_user_preferences_table":"finished","0018_index_header_presets":"finished","0019_migrate_favorite_collections_data":"finished","0020_migrate_sync_client_revision":"finished","0021_clear_permissions":"finished","0022_add_workspace_header_presets":"finished","0023_remove_collection_permissions_and_shared":"finished","0024_add_console_timelines_table":"finished","0025_add_console_events_table":"finished","0026_index_console_events":"finished","0027_add_console_blob_table":"finished","0028_add_runner_data_table":"finished","0029_add_api_schema_table":"finished","0030_migrate_collection_runs":"finished","0031_add_api_relation_table":"finished","0032_index_workspacesession_editor":"finished","0033_add_editor_data_cache_table":"finished","0034_migrate_editor_data":"finished","0035_remove_editors_table":"started","0036_add_auth_sessions_table":"started"}]
[18767][1784058728560][requester][info]["Migrations: Applying migration","0036_add_auth_sessions_table"]
[18767][1784058728560][requester][info]["Migrations: Upgrading IndexedDB to version","0036_add_auth_sessions_table",23]
[18767][1784058728561][requester][info]["Migrations: Adding pending commit to queue","0036_add_auth_sessions_table"]
[18767][1784058728561][requester][info]["Migrations: Starting migration","0037_add_list_cache_table"]
[18767][1784058728561][requester][info]["Migrations: Setting context before starting migration","0037_add_list_cache_table",{"0000_initial":"finished","0001_add_archived_resources_table":"finished","0002_add_variable_sessions_table":"finished","0003_add_editor_tables":"finished","0004_migrate_ws_session_data":"finished","0005_cleanup_request_response_and_history_body":"finished","0006_add_dbp_to_request_response_and_history":"finished","0007_add_sync_client_buckets_by_order_id_table":"finished","0008_migrate_to_sync_client_buckets_by_order_id":"finished","0009_remove_sync_client_buckets_table":"finished","0010_add_history_owner":"finished","0011_add_history_response_table":"finished","0012_add_user_data_table":"finished","0013_sanitize_request_response_and_history_methods":"finished","0014_sanitize_response_requestobject_rawmodedata":"finished","0015_add_favorited_collections_table":"finished","0016_add_permission_table":"finished","0017_add_user_preferences_table":"finished","0018_index_header_presets":"finished","0019_migrate_favorite_collections_data":"finished","0020_migrate_sync_client_revision":"finished","0021_clear_permissions":"finished","0022_add_workspace_header_presets":"finished","0023_remove_collection_permissions_and_shared":"finished","0024_add_console_timelines_table":"finished","0025_add_console_events_table":"finished","0026_index_console_events":"finished","0027_add_console_blob_table":"finished","0028_add_runner_data_table":"finished","0029_add_api_schema_table":"finished","0030_migrate_collection_runs":"finished","0031_add_api_relation_table":"finished","0032_index_workspacesession_editor":"finished","0033_add_editor_data_cache_table":"finished","0034_migrate_editor_data":"finished","0035_remove_editors_table":"started","0036_add_auth_sessions_table":"started","0037_add_list_cache_table":"started"}]
[18767][1784058728561][requester][info]["Migrations: Applying migration","0037_add_list_cache_table"]
[18767][1784058728561][requester][info]["Migrations: Upgrading IndexedDB to version","0037_add_list_cache_table",24]
[18767][1784058728561][requester][info]["Migrations: Adding pending commit to queue","0037_add_list_cache_table"]
[18767][1784058728561][requester][info]["Migrations: Starting migration","0038_add_cookies_table"]
[18767][1784058728561][requester][info]["Migrations: Setting context before starting migration","0038_add_cookies_table",{"0000_initial":"finished","0001_add_archived_resources_table":"finished","0002_add_variable_sessions_table":"finished","0003_add_editor_tables":"finished","0004_migrate_ws_session_data":"finished","0005_cleanup_request_response_and_history_body":"finished","0006_add_dbp_to_request_response_and_history":"finished","0007_add_sync_client_buckets_by_order_id_table":"finished","0008_migrate_to_sync_client_buckets_by_order_id":"finished","0009_remove_sync_client_buckets_table":"finished","0010_add_history_owner":"finished","0011_add_history_response_table":"finished","0012_add_user_data_table":"finished","0013_sanitize_request_response_and_history_methods":"finished","0014_sanitize_response_requestobject_rawmodedata":"finished","0015_add_favorited_collections_table":"finished","0016_add_permission_table":"finished","0017_add_user_preferences_table":"finished","0018_index_header_presets":"finished","0019_migrate_favorite_collections_data":"finished","0020_migrate_sync_client_revision":"finished","0021_clear_permissions":"finished","0022_add_workspace_header_presets":"finished","0023_remove_collection_permissions_and_shared":"finished","0024_add_console_timelines_table":"finished","0025_add_console_events_table":"finished","0026_index_console_events":"finished","0027_add_console_blob_table":"finished","0028_add_runner_data_table":"finished","0029_add_api_schema_table":"finished","0030_migrate_collection_runs":"finished","0031_add_api_relation_table":"finished","0032_index_workspacesession_editor":"finished","0033_add_editor_data_cache_table":"finished","0034_migrate_editor_data":"finished","0035_remove_editors_table":"started","0036_add_auth_sessions_table":"started","0037_add_list_cache_table":"started","0038_add_cookies_table":"started"}]
[18767][1784058728561][requester][info]["Migrations: Applying migration","0038_add_cookies_table"]
[18767][1784058728561][requester][info]["Migrations: Upgrading IndexedDB to version","0038_add_cookies_table",25]
[18767][1784058728562][requester][info]["Migrations: Adding pending commit to queue","0038_add_cookies_table"]
[18767][1784058728562][requester][info]["Migrations: Starting migration","0039_add_runtime_preferences_table"]
[18767][1784058728562][requester][info]["Migrations: Setting context before starting migration","0039_add_runtime_preferences_table",{"0000_initial":"finished","0001_add_archived_resources_table":"finished","0002_add_variable_sessions_table":"finished","0003_add_editor_tables":"finished","0004_migrate_ws_session_data":"finished","0005_cleanup_request_response_and_history_body":"finished","0006_add_dbp_to_request_response_and_history":"finished","0007_add_sync_client_buckets_by_order_id_table":"finished","0008_migrate_to_sync_client_buckets_by_order_id":"finished","0009_remove_sync_client_buckets_table":"finished","0010_add_history_owner":"finished","0011_add_history_response_table":"finished","0012_add_user_data_table":"finished","0013_sanitize_request_response_and_history_methods":"finished","0014_sanitize_response_requestobject_rawmodedata":"finished","0015_add_favorited_collections_table":"finished","0016_add_permission_table":"finished","0017_add_user_preferences_table":"finished","0018_index_header_presets":"finished","0019_migrate_favorite_collections_data":"finished","0020_migrate_sync_client_revision":"finished","0021_clear_permissions":"finished","0022_add_workspace_header_presets":"finished","0023_remove_collection_permissions_and_shared":"finished","0024_add_console_timelines_table":"finished","0025_add_console_events_table":"finished","0026_index_console_events":"finished","0027_add_console_blob_table":"finished","0028_add_runner_data_table":"finished","0029_add_api_schema_table":"finished","0030_migrate_collection_runs":"finished","0031_add_api_relation_table":"finished","0032_index_workspacesession_editor":"finished","0033_add_editor_data_cache_table":"finished","0034_migrate_editor_data":"finished","0035_remove_editors_table":"started","0036_add_auth_sessions_table":"started","0037_add_list_cache_table":"started","0038_add_cookies_table":"started","0039_add_runtime_preferences_table":"started"}]
[18767][1784058728562][requester][info]["Migrations: Applying migration","0039_add_runtime_preferences_table"]
[18767][1784058728562][requester][info]["Migrations: Upgrading IndexedDB to version","0039_add_runtime_preferences_table",26]
[18767][1784058728562][requester][info]["Migrations: Adding pending commit to queue","0039_add_runtime_preferences_table"]
[18767][1784058728562][requester][info]["Migrations: Starting migration","0040_index_cookies_table"]
[18767][1784058728562][requester][info]["Migrations: Setting context before starting migration","0040_index_cookies_table",{"0000_initial":"finished","0001_add_archived_resources_table":"finished","0002_add_variable_sessions_table":"finished","0003_add_editor_tables":"finished","0004_migrate_ws_session_data":"finished","0005_cleanup_request_response_and_history_body":"finished","0006_add_dbp_to_request_response_and_history":"finished","0007_add_sync_client_buckets_by_order_id_table":"finished","0008_migrate_to_sync_client_buckets_by_order_id":"finished","0009_remove_sync_client_buckets_table":"finished","0010_add_history_owner":"finished","0011_add_history_response_table":"finished","0012_add_user_data_table":"finished","0013_sanitize_request_response_and_history_methods":"finished","0014_sanitize_response_requestobject_rawmodedata":"finished","0015_add_favorited_collections_table":"finished","0016_add_permission_table":"finished","0017_add_user_preferences_table":"finished","0018_index_header_presets":"finished","0019_migrate_favorite_collections_data":"finished","0020_migrate_sync_client_revision":"finished","0021_clear_permissions":"finished","0022_add_workspace_header_presets":"finished","0023_remove_collection_permissions_and_shared":"finished","0024_add_console_timelines_table":"finished","0025_add_console_events_table":"finished","0026_index_console_events":"finished","0027_add_console_blob_table":"finished","0028_add_runner_data_table":"finished","0029_add_api_schema_table":"finished","0030_migrate_collection_runs":"finished","0031_add_api_relation_table":"finished","0032_index_workspacesession_editor":"finished","0033_add_editor_data_cache_table":"finished","0034_migrate_editor_data":"finished","0035_remove_editors_table":"started","0036_add_auth_sessions_table":"started","0037_add_list_cache_table":"started","0038_add_cookies_table":"started","0039_add_runtime_preferences_table":"started","0040_index_cookies_table":"started"}]
[18767][1784058728562][requester][info]["Migrations: Applying migration","0040_index_cookies_table"]
[18767][1784058728562][requester][info]["Migrations: Upgrading IndexedDB to version","0040_index_cookies_table",27]
[18767][1784058728563][requester][info]["Migrations: Adding pending commit to queue","0040_index_cookies_table"]
[18767][1784058728563][requester][info]["Migrations: Starting migration","0041_update_collections_folder_request_response_with_owner_and_uid"]
[18767][1784058728563][requester][info]["Migrations: Flushing pending migrations for","0041_update_collections_folder_request_response_with_owner_and_uid"]
[18767][1784058728563][requester][info]["Migrations: Flushing pending commit for type","IndexeddbSchemaMigration"]
[18767][1784058728563][requester][info]["Migrations: Committing IndexedDB upgrade"]
[18767][1784058728567][requester][info]["Migrations: Updating status in migration context",{"0000_initial":"finished","0001_add_archived_resources_table":"finished","0002_add_variable_sessions_table":"finished","0003_add_editor_tables":"finished","0004_migrate_ws_session_data":"finished","0005_cleanup_request_response_and_history_body":"finished","0006_add_dbp_to_request_response_and_history":"finished","0007_add_sync_client_buckets_by_order_id_table":"finished","0008_migrate_to_sync_client_buckets_by_order_id":"finished","0009_remove_sync_client_buckets_table":"finished","0010_add_history_owner":"finished","0011_add_history_response_table":"finished","0012_add_user_data_table":"finished","0013_sanitize_request_response_and_history_methods":"finished","0014_sanitize_response_requestobject_rawmodedata":"finished","0015_add_favorited_collections_table":"finished","0016_add_permission_table":"finished","0017_add_user_preferences_table":"finished","0018_index_header_presets":"finished","0019_migrate_favorite_collections_data":"finished","0020_migrate_sync_client_revision":"finished","0021_clear_permissions":"finished","0022_add_workspace_header_presets":"finished","0023_remove_collection_permissions_and_shared":"finished","0024_add_console_timelines_table":"finished","0025_add_console_events_table":"finished","0026_index_console_events":"finished","0027_add_console_blob_table":"finished","0028_add_runner_data_table":"finished","0029_add_api_schema_table":"finished","0030_migrate_collection_runs":"finished","0031_add_api_relation_table":"finished","0032_index_workspacesession_editor":"finished","0033_add_editor_data_cache_table":"finished","0034_migrate_editor_data":"finished","0035_remove_editors_table":"started","0036_add_auth_sessions_table":"started","0037_add_list_cache_table":"started","0038_add_cookies_table":"started","0039_add_runtime_preferences_table":"started","0040_index_cookies_table":"started"}]
[18767][1784058728568][requester][info]["Migrations: Updated status in migration context",{"0000_initial":"finished","0001_add_archived_resources_table":"finished","0002_add_variable_sessions_table":"finished","0003_add_editor_tables":"finished","0004_migrate_ws_session_data":"finished","0005_cleanup_request_response_and_history_body":"finished","0006_add_dbp_to_request_response_and_history":"finished","0007_add_sync_client_buckets_by_order_id_table":"finished","0008_migrate_to_sync_client_buckets_by_order_id":"finished","0009_remove_sync_client_buckets_table":"finished","0010_add_history_owner":"finished","0011_add_history_response_table":"finished","0012_add_user_data_table":"finished","0013_sanitize_request_response_and_history_methods":"finished","0014_sanitize_response_requestobject_rawmodedata":"finished","0015_add_favorited_collections_table":"finished","0016_add_permission_table":"finished","0017_add_user_preferences_table":"finished","0018_index_header_presets":"finished","0019_migrate_favorite_collections_data":"finished","0020_migrate_sync_client_revision":"finished","0021_clear_permissions":"finished","0022_add_workspace_header_presets":"finished","0023_remove_collection_permissions_and_shared":"finished","0024_add_console_timelines_table":"finished","0025_add_console_events_table":"finished","0026_index_console_events":"finished","0027_add_console_blob_table":"finished","0028_add_runner_data_table":"finished","0029_add_api_schema_table":"finished","0030_migrate_collection_runs":"finished","0031_add_api_relation_table":"finished","0032_index_workspacesession_editor":"finished","0033_add_editor_data_cache_table":"finished","0034_migrate_editor_data":"finished","0035_remove_editors_table":"finished","0036_add_auth_sessions_table":"finished","0037_add_list_cache_table":"finished","0038_add_cookies_table":"finished","0039_add_runtime_preferences_table":"finished","0040_index_cookies_table":"finished"}]
[18767][1784058728568][requester][info]["Migrations: Setting context before starting migration","0041_update_collections_folder_request_response_with_owner_and_uid",{"0000_initial":"finished","0001_add_archived_resources_table":"finished","0002_add_variable_sessions_table":"finished","0003_add_editor_tables":"finished","0004_migrate_ws_session_data":"finished","0005_cleanup_request_response_and_history_body":"finished","0006_add_dbp_to_request_response_and_history":"finished","0007_add_sync_client_buckets_by_order_id_table":"finished","0008_migrate_to_sync_client_buckets_by_order_id":"finished","0009_remove_sync_client_buckets_table":"finished","0010_add_history_owner":"finished","0011_add_history_response_table":"finished","0012_add_user_data_table":"finished","0013_sanitize_request_response_and_history_methods":"finished","0014_sanitize_response_requestobject_rawmodedata":"finished","0015_add_favorited_collections_table":"finished","0016_add_permission_table":"finished","0017_add_user_preferences_table":"finished","0018_index_header_presets":"finished","0019_migrate_favorite_collections_data":"finished","0020_migrate_sync_client_revision":"finished","0021_clear_permissions":"finished","0022_add_workspace_header_presets":"finished","0023_remove_collection_permissions_and_shared":"finished","0024_add_console_timelines_table":"finished","0025_add_console_events_table":"finished","0026_index_console_events":"finished","0027_add_console_blob_table":"finished","0028_add_runner_data_table":"finished","0029_add_api_schema_table":"finished","0030_migrate_collection_runs":"finished","0031_add_api_relation_table":"finished","0032_index_workspacesession_editor":"finished","0033_add_editor_data_cache_table":"finished","0034_migrate_editor_data":"finished","0035_remove_editors_table":"finished","0036_add_auth_sessions_table":"finished","0037_add_list_cache_table":"finished","0038_add_cookies_table":"finished","0039_add_runtime_preferences_table":"finished","0040_index_cookies_table":"finished","0041_update_collections_folder_request_response_with_owner_and_uid":"started"}]
[18767][1784058728568][requester][info]["Migrations: Applying migration","0041_update_collections_folder_request_response_with_owner_and_uid"]
[18767][1784058728568][requester][info]["Migrations: Processing IndexedDB data migration","0041_update_collections_folder_request_response_with_owner_and_uid"]
[18767][1784058728568][requester][info]["Migrations: Saving migration context after completion","0041_update_collections_folder_request_response_with_owner_and_uid",{"0000_initial":"finished","0001_add_archived_resources_table":"finished","0002_add_variable_sessions_table":"finished","0003_add_editor_tables":"finished","0004_migrate_ws_session_data":"finished","0005_cleanup_request_response_and_history_body":"finished","0006_add_dbp_to_request_response_and_history":"finished","0007_add_sync_client_buckets_by_order_id_table":"finished","0008_migrate_to_sync_client_buckets_by_order_id":"finished","0009_remove_sync_client_buckets_table":"finished","0010_add_history_owner":"finished","0011_add_history_response_table":"finished","0012_add_user_data_table":"finished","0013_sanitize_request_response_and_history_methods":"finished","0014_sanitize_response_requestobject_rawmodedata":"finished","0015_add_favorited_collections_table":"finished","0016_add_permission_table":"finished","0017_add_user_preferences_table":"finished","0018_index_header_presets":"finished","0019_migrate_favorite_collections_data":"finished","0020_migrate_sync_client_revision":"finished","0021_clear_permissions":"finished","0022_add_workspace_header_presets":"finished","0023_remove_collection_permissions_and_shared":"finished","0024_add_console_timelines_table":"finished","0025_add_console_events_table":"finished","0026_index_console_events":"finished","0027_add_console_blob_table":"finished","0028_add_runner_data_table":"finished","0029_add_api_schema_table":"finished","0030_migrate_collection_runs":"finished","0031_add_api_relation_table":"finished","0032_index_workspacesession_editor":"finished","0033_add_editor_data_cache_table":"finished","0034_migrate_editor_data":"finished","0035_remove_editors_table":"finished","0036_add_auth_sessions_table":"finished","0037_add_list_cache_table":"finished","0038_add_cookies_table":"finished","0039_add_runtime_preferences_table":"finished","0040_index_cookies_table":"finished","0041_update_collections_folder_request_response_with_owner_and_uid":"started"}]
[18767][1784058728569][requester][info]["Migrations: Starting migration","0042_migrate_runtime_user_preferences"]
[18767][1784058728569][requester][info]["Migrations: Flushing pending migrations for","0042_migrate_runtime_user_preferences"]
[18767][1784058728569][requester][info]["Migrations: Updating status in migration context",{"0000_initial":"finished","0001_add_archived_resources_table":"finished","0002_add_variable_sessions_table":"finished","0003_add_editor_tables":"finished","0004_migrate_ws_session_data":"finished","0005_cleanup_request_response_and_history_body":"finished","0006_add_dbp_to_request_response_and_history":"finished","0007_add_sync_client_buckets_by_order_id_table":"finished","0008_migrate_to_sync_client_buckets_by_order_id":"finished","0009_remove_sync_client_buckets_table":"finished","0010_add_history_owner":"finished","0011_add_history_response_table":"finished","0012_add_user_data_table":"finished","0013_sanitize_request_response_and_history_methods":"finished","0014_sanitize_response_requestobject_rawmodedata":"finished","0015_add_favorited_collections_table":"finished","0016_add_permission_table":"finished","0017_add_user_preferences_table":"finished","0018_index_header_presets":"finished","0019_migrate_favorite_collections_data":"finished","0020_migrate_sync_client_revision":"finished","0021_clear_permissions":"finished","0022_add_workspace_header_presets":"finished","0023_remove_collection_permissions_and_shared":"finished","0024_add_console_timelines_table":"finished","0025_add_console_events_table":"finished","0026_index_console_events":"finished","0027_add_console_blob_table":"finished","0028_add_runner_data_table":"finished","0029_add_api_schema_table":"finished","0030_migrate_collection_runs":"finished","0031_add_api_relation_table":"finished","0032_index_workspacesession_editor":"finished","0033_add_editor_data_cache_table":"finished","0034_migrate_editor_data":"finished","0035_remove_editors_table":"finished","0036_add_auth_sessions_table":"finished","0037_add_list_cache_table":"finished","0038_add_cookies_table":"finished","0039_add_runtime_preferences_table":"finished","0040_index_cookies_table":"finished","0041_update_collections_folder_request_response_with_owner_and_uid":"finished"}]
[18767][1784058728569][requester][info]["Migrations: Updated status in migration context",{"0000_initial":"finished","0001_add_archived_resources_table":"finished","0002_add_variable_sessions_table":"finished","0003_add_editor_tables":"finished","0004_migrate_ws_session_data":"finished","0005_cleanup_request_response_and_history_body":"finished","0006_add_dbp_to_request_response_and_history":"finished","0007_add_sync_client_buckets_by_order_id_table":"finished","0008_migrate_to_sync_client_buckets_by_order_id":"finished","0009_remove_sync_client_buckets_table":"finished","0010_add_history_owner":"finished","0011_add_history_response_table":"finished","0012_add_user_data_table":"finished","0013_sanitize_request_response_and_history_methods":"finished","0014_sanitize_response_requestobject_rawmodedata":"finished","0015_add_favorited_collections_table":"finished","0016_add_permission_table":"finished","0017_add_user_preferences_table":"finished","0018_index_header_presets":"finished","0019_migrate_favorite_collections_data":"finished","0020_migrate_sync_client_revision":"finished","0021_clear_permissions":"finished","0022_add_workspace_header_presets":"finished","0023_remove_collection_permissions_and_shared":"finished","0024_add_console_timelines_table":"finished","0025_add_console_events_table":"finished","0026_index_console_events":"finished","0027_add_console_blob_table":"finished","0028_add_runner_data_table":"finished","0029_add_api_schema_table":"finished","0030_migrate_collection_runs":"finished","0031_add_api_relation_table":"finished","0032_index_workspacesession_editor":"finished","0033_add_editor_data_cache_table":"finished","0034_migrate_editor_data":"finished","0035_remove_editors_table":"finished","0036_add_auth_sessions_table":"finished","0037_add_list_cache_table":"finished","0038_add_cookies_table":"finished","0039_add_runtime_preferences_table":"finished","0040_index_cookies_table":"finished","0041_update_collections_folder_request_response_with_owner_and_uid":"finished"}]
[18767][1784058728569][requester][info]["Migrations: Setting context before starting migration","0042_migrate_runtime_user_preferences",{"0000_initial":"finished","0001_add_archived_resources_table":"finished","0002_add_variable_sessions_table":"finished","0003_add_editor_tables":"finished","0004_migrate_ws_session_data":"finished","0005_cleanup_request_response_and_history_body":"finished","0006_add_dbp_to_request_response_and_history":"finished","0007_add_sync_client_buckets_by_order_id_table":"finished","0008_migrate_to_sync_client_buckets_by_order_id":"finished","0009_remove_sync_client_buckets_table":"finished","0010_add_history_owner":"finished","0011_add_history_response_table":"finished","0012_add_user_data_table":"finished","0013_sanitize_request_response_and_history_methods":"finished","0014_sanitize_response_requestobject_rawmodedata":"finished","0015_add_favorited_collections_table":"finished","0016_add_permission_table":"finished","0017_add_user_preferences_table":"finished","0018_index_header_presets":"finished","0019_migrate_favorite_collections_data":"finished","0020_migrate_sync_client_revision":"finished","0021_clear_permissions":"finished","0022_add_workspace_header_presets":"finished","0023_remove_collection_permissions_and_shared":"finished","0024_add_console_timelines_table":"finished","0025_add_console_events_table":"finished","0026_index_console_events":"finished","0027_add_console_blob_table":"finished","0028_add_runner_data_table":"finished","0029_add_api_schema_table":"finished","0030_migrate_collection_runs":"finished","0031_add_api_relation_table":"finished","0032_index_workspacesession_editor":"finished","0033_add_editor_data_cache_table":"finished","0034_migrate_editor_data":"finished","0035_remove_editors_table":"finished","0036_add_auth_sessions_table":"finished","0037_add_list_cache_table":"finished","0038_add_cookies_table":"finished","0039_add_runtime_preferences_table":"finished","0040_index_cookies_table":"finished","0041_update_collections_folder_request_response_with_owner_and_uid":"finished","0042_migrate_runtime_user_preferences":"started"}]
[18767][1784058728569][requester][info]["Migrations: Applying migration","0042_migrate_runtime_user_preferences"]
[18767][1784058728569][requester][info]["Migrations: Processing IndexedDB data migration","0042_migrate_runtime_user_preferences"]
[18767][1784058728570][requester][info]["Migration~RuntimeUserPreferences: Migrating Runtime Preferences"]
[18767][1784058728570][requester][info]["Migrations: Saving migration context after completion","0042_migrate_runtime_user_preferences",{"0000_initial":"finished","0001_add_archived_resources_table":"finished","0002_add_variable_sessions_table":"finished","0003_add_editor_tables":"finished","0004_migrate_ws_session_data":"finished","0005_cleanup_request_response_and_history_body":"finished","0006_add_dbp_to_request_response_and_history":"finished","0007_add_sync_client_buckets_by_order_id_table":"finished","0008_migrate_to_sync_client_buckets_by_order_id":"finished","0009_remove_sync_client_buckets_table":"finished","0010_add_history_owner":"finished","0011_add_history_response_table":"finished","0012_add_user_data_table":"finished","0013_sanitize_request_response_and_history_methods":"finished","0014_sanitize_response_requestobject_rawmodedata":"finished","0015_add_favorited_collections_table":"finished","0016_add_permission_table":"finished","0017_add_user_preferences_table":"finished","0018_index_header_presets":"finished","0019_migrate_favorite_collections_data":"finished","0020_migrate_sync_client_revision":"finished","0021_clear_permissions":"finished","0022_add_workspace_header_presets":"finished","0023_remove_collection_permissions_and_shared":"finished","0024_add_console_timelines_table":"finished","0025_add_console_events_table":"finished","0026_index_console_events":"finished","0027_add_console_blob_table":"finished","0028_add_runner_data_table":"finished","0029_add_api_schema_table":"finished","0030_migrate_collection_runs":"finished","0031_add_api_relation_table":"finished","0032_index_workspacesession_editor":"finished","0033_add_editor_data_cache_table":"finished","0034_migrate_editor_data":"finished","0035_remove_editors_table":"finished","0036_add_auth_sessions_table":"finished","0037_add_list_cache_table":"finished","0038_add_cookies_table":"finished","0039_add_runtime_preferences_table":"finished","0040_index_cookies_table":"finished","0041_update_collections_folder_request_response_with_owner_and_uid":"finished","0042_migrate_runtime_user_preferences":"started"}]
[18767][1784058728571][requester][info]["Migrations: Starting migration","0043_cleanup_launchpad_bootcamp"]
[18767][1784058728571][requester][info]["Migrations: Flushing pending migrations for","0043_cleanup_launchpad_bootcamp"]
[18767][1784058728571][requester][info]["Migrations: Updating status in migration context",{"0000_initial":"finished","0001_add_archived_resources_table":"finished","0002_add_variable_sessions_table":"finished","0003_add_editor_tables":"finished","0004_migrate_ws_session_data":"finished","0005_cleanup_request_response_and_history_body":"finished","0006_add_dbp_to_request_response_and_history":"finished","0007_add_sync_client_buckets_by_order_id_table":"finished","0008_migrate_to_sync_client_buckets_by_order_id":"finished","0009_remove_sync_client_buckets_table":"finished","0010_add_history_owner":"finished","0011_add_history_response_table":"finished","0012_add_user_data_table":"finished","0013_sanitize_request_response_and_history_methods":"finished","0014_sanitize_response_requestobject_rawmodedata":"finished","0015_add_favorited_collections_table":"finished","0016_add_permission_table":"finished","0017_add_user_preferences_table":"finished","0018_index_header_presets":"finished","0019_migrate_favorite_collections_data":"finished","0020_migrate_sync_client_revision":"finished","0021_clear_permissions":"finished","0022_add_workspace_header_presets":"finished","0023_remove_collection_permissions_and_shared":"finished","0024_add_console_timelines_table":"finished","0025_add_console_events_table":"finished","0026_index_console_events":"finished","0027_add_console_blob_table":"finished","0028_add_runner_data_table":"finished","0029_add_api_schema_table":"finished","0030_migrate_collection_runs":"finished","0031_add_api_relation_table":"finished","0032_index_workspacesession_editor":"finished","0033_add_editor_data_cache_table":"finished","0034_migrate_editor_data":"finished","0035_remove_editors_table":"finished","0036_add_auth_sessions_table":"finished","0037_add_list_cache_table":"finished","0038_add_cookies_table":"finished","0039_add_runtime_preferences_table":"finished","0040_index_cookies_table":"finished","0041_update_collections_folder_request_response_with_owner_and_uid":"finished","0042_migrate_runtime_user_preferences":"finished"}]
[18767][1784058728571][requester][info]["Migrations: Updated status in migration context",{"0000_initial":"finished","0001_add_archived_resources_table":"finished","0002_add_variable_sessions_table":"finished","0003_add_editor_tables":"finished","0004_migrate_ws_session_data":"finished","0005_cleanup_request_response_and_history_body":"finished","0006_add_dbp_to_request_response_and_history":"finished","0007_add_sync_client_buckets_by_order_id_table":"finished","0008_migrate_to_sync_client_buckets_by_order_id":"finished","0009_remove_sync_client_buckets_table":"finished","0010_add_history_owner":"finished","0011_add_history_response_table":"finished","0012_add_user_data_table":"finished","0013_sanitize_request_response_and_history_methods":"finished","0014_sanitize_response_requestobject_rawmodedata":"finished","0015_add_favorited_collections_table":"finished","0016_add_permission_table":"finished","0017_add_user_preferences_table":"finished","0018_index_header_presets":"finished","0019_migrate_favorite_collections_data":"finished","0020_migrate_sync_client_revision":"finished","0021_clear_permissions":"finished","0022_add_workspace_header_presets":"finished","0023_remove_collection_permissions_and_shared":"finished","0024_add_console_timelines_table":"finished","0025_add_console_events_table":"finished","0026_index_console_events":"finished","0027_add_console_blob_table":"finished","0028_add_runner_data_table":"finished","0029_add_api_schema_table":"finished","0030_migrate_collection_runs":"finished","0031_add_api_relation_table":"finished","0032_index_workspacesession_editor":"finished","0033_add_editor_data_cache_table":"finished","0034_migrate_editor_data":"finished","0035_remove_editors_table":"finished","0036_add_auth_sessions_table":"finished","0037_add_list_cache_table":"finished","0038_add_cookies_table":"finished","0039_add_runtime_preferences_table":"finished","0040_index_cookies_table":"finished","0041_update_collections_folder_request_response_with_owner_and_uid":"finished","0042_migrate_runtime_user_preferences":"finished"}]
[18767][1784058728571][requester][info]["Migrations: Setting context before starting migration","0043_cleanup_launchpad_bootcamp",{"0000_initial":"finished","0001_add_archived_resources_table":"finished","0002_add_variable_sessions_table":"finished","0003_add_editor_tables":"finished","0004_migrate_ws_session_data":"finished","0005_cleanup_request_response_and_history_body":"finished","0006_add_dbp_to_request_response_and_history":"finished","0007_add_sync_client_buckets_by_order_id_table":"finished","0008_migrate_to_sync_client_buckets_by_order_id":"finished","0009_remove_sync_client_buckets_table":"finished","0010_add_history_owner":"finished","0011_add_history_response_table":"finished","0012_add_user_data_table":"finished","0013_sanitize_request_response_and_history_methods":"finished","0014_sanitize_response_requestobject_rawmodedata":"finished","0015_add_favorited_collections_table":"finished","0016_add_permission_table":"finished","0017_add_user_preferences_table":"finished","0018_index_header_presets":"finished","0019_migrate_favorite_collections_data":"finished","0020_migrate_sync_client_revision":"finished","0021_clear_permissions":"finished","0022_add_workspace_header_presets":"finished","0023_remove_collection_permissions_and_shared":"finished","0024_add_console_timelines_table":"finished","0025_add_console_events_table":"finished","0026_index_console_events":"finished","0027_add_console_blob_table":"finished","0028_add_runner_data_table":"finished","0029_add_api_schema_table":"finished","0030_migrate_collection_runs":"finished","0031_add_api_relation_table":"finished","0032_index_workspacesession_editor":"finished","0033_add_editor_data_cache_table":"finished","0034_migrate_editor_data":"finished","0035_remove_editors_table":"finished","0036_add_auth_sessions_table":"finished","0037_add_list_cache_table":"finished","0038_add_cookies_table":"finished","0039_add_runtime_preferences_table":"finished","0040_index_cookies_table":"finished","0041_update_collections_folder_request_response_with_owner_and_uid":"finished","0042_migrate_runtime_user_preferences":"finished","0043_cleanup_launchpad_bootcamp":"started"}]
[18767][1784058728571][requester][info]["Migrations: Applying migration","0043_cleanup_launchpad_bootcamp"]
[18767][1784058728571][requester][info]["Migrations: Processing IndexedDB data migration","0043_cleanup_launchpad_bootcamp"]
[18767][1784058728572][requester][info]["Migration~CleanupLaunchpadAndBootcamp: Cleaning up references of launchpad and bootcamp"]
[18767][1784058728573][requester][info]["Migrations: Saving migration context after completion","0043_cleanup_launchpad_bootcamp",{"0000_initial":"finished","0001_add_archived_resources_table":"finished","0002_add_variable_sessions_table":"finished","0003_add_editor_tables":"finished","0004_migrate_ws_session_data":"finished","0005_cleanup_request_response_and_history_body":"finished","0006_add_dbp_to_request_response_and_history":"finished","0007_add_sync_client_buckets_by_order_id_table":"finished","0008_migrate_to_sync_client_buckets_by_order_id":"finished","0009_remove_sync_client_buckets_table":"finished","0010_add_history_owner":"finished","0011_add_history_response_table":"finished","0012_add_user_data_table":"finished","0013_sanitize_request_response_and_history_methods":"finished","0014_sanitize_response_requestobject_rawmodedata":"finished","0015_add_favorited_collections_table":"finished","0016_add_permission_table":"finished","0017_add_user_preferences_table":"finished","0018_index_header_presets":"finished","0019_migrate_favorite_collections_data":"finished","0020_migrate_sync_client_revision":"finished","0021_clear_permissions":"finished","0022_add_workspace_header_presets":"finished","0023_remove_collection_permissions_and_shared":"finished","0024_add_console_timelines_table":"finished","0025_add_console_events_table":"finished","0026_index_console_events":"finished","0027_add_console_blob_table":"finished","0028_add_runner_data_table":"finished","0029_add_api_schema_table":"finished","0030_migrate_collection_runs":"finished","0031_add_api_relation_table":"finished","0032_index_workspacesession_editor":"finished","0033_add_editor_data_cache_table":"finished","0034_migrate_editor_data":"finished","0035_remove_editors_table":"finished","0036_add_auth_sessions_table":"finished","0037_add_list_cache_table":"finished","0038_add_cookies_table":"finished","0039_add_runtime_preferences_table":"finished","0040_index_cookies_table":"finished","0041_update_collections_folder_request_response_with_owner_and_uid":"finished","0042_migrate_runtime_user_preferences":"finished","0043_cleanup_launchpad_bootcamp":"started"}]
[18767][1784058728573][requester][info]["Migrations: Starting migration","0044_migrate_tab_resource"]
[18767][1784058728573][requester][info]["Migrations: Flushing pending migrations for","0044_migrate_tab_resource"]
[18767][1784058728573][requester][info]["Migrations: Updating status in migration context",{"0000_initial":"finished","0001_add_archived_resources_table":"finished","0002_add_variable_sessions_table":"finished","0003_add_editor_tables":"finished","0004_migrate_ws_session_data":"finished","0005_cleanup_request_response_and_history_body":"finished","0006_add_dbp_to_request_response_and_history":"finished","0007_add_sync_client_buckets_by_order_id_table":"finished","0008_migrate_to_sync_client_buckets_by_order_id":"finished","0009_remove_sync_client_buckets_table":"finished","0010_add_history_owner":"finished","0011_add_history_response_table":"finished","0012_add_user_data_table":"finished","0013_sanitize_request_response_and_history_methods":"finished","0014_sanitize_response_requestobject_rawmodedata":"finished","0015_add_favorited_collections_table":"finished","0016_add_permission_table":"finished","0017_add_user_preferences_table":"finished","0018_index_header_presets":"finished","0019_migrate_favorite_collections_data":"finished","0020_migrate_sync_client_revision":"finished","0021_clear_permissions":"finished","0022_add_workspace_header_presets":"finished","0023_remove_collection_permissions_and_shared":"finished","0024_add_console_timelines_table":"finished","0025_add_console_events_table":"finished","0026_index_console_events":"finished","0027_add_console_blob_table":"finished","0028_add_runner_data_table":"finished","0029_add_api_schema_table":"finished","0030_migrate_collection_runs":"finished","0031_add_api_relation_table":"finished","0032_index_workspacesession_editor":"finished","0033_add_editor_data_cache_table":"finished","0034_migrate_editor_data":"finished","0035_remove_editors_table":"finished","0036_add_auth_sessions_table":"finished","0037_add_list_cache_table":"finished","0038_add_cookies_table":"finished","0039_add_runtime_preferences_table":"finished","0040_index_cookies_table":"finished","0041_update_collections_folder_request_response_with_owner_and_uid":"finished","0042_migrate_runtime_user_preferences":"finished","0043_cleanup_launchpad_bootcamp":"finished"}]
[18767][1784058728573][requester][info]["Migrations: Updated status in migration context",{"0000_initial":"finished","0001_add_archived_resources_table":"finished","0002_add_variable_sessions_table":"finished","0003_add_editor_tables":"finished","0004_migrate_ws_session_data":"finished","0005_cleanup_request_response_and_history_body":"finished","0006_add_dbp_to_request_response_and_history":"finished","0007_add_sync_client_buckets_by_order_id_table":"finished","0008_migrate_to_sync_client_buckets_by_order_id":"finished","0009_remove_sync_client_buckets_table":"finished","0010_add_history_owner":"finished","0011_add_history_response_table":"finished","0012_add_user_data_table":"finished","0013_sanitize_request_response_and_history_methods":"finished","0014_sanitize_response_requestobject_rawmodedata":"finished","0015_add_favorited_collections_table":"finished","0016_add_permission_table":"finished","0017_add_user_preferences_table":"finished","0018_index_header_presets":"finished","0019_migrate_favorite_collections_data":"finished","0020_migrate_sync_client_revision":"finished","0021_clear_permissions":"finished","0022_add_workspace_header_presets":"finished","0023_remove_collection_permissions_and_shared":"finished","0024_add_console_timelines_table":"finished","0025_add_console_events_table":"finished","0026_index_console_events":"finished","0027_add_console_blob_table":"finished","0028_add_runner_data_table":"finished","0029_add_api_schema_table":"finished","0030_migrate_collection_runs":"finished","0031_add_api_relation_table":"finished","0032_index_workspacesession_editor":"finished","0033_add_editor_data_cache_table":"finished","0034_migrate_editor_data":"finished","0035_remove_editors_table":"finished","0036_add_auth_sessions_table":"finished","0037_add_list_cache_table":"finished","0038_add_cookies_table":"finished","0039_add_runtime_preferences_table":"finished","0040_index_cookies_table":"finished","0041_update_collections_folder_request_response_with_owner_and_uid":"finished","0042_migrate_runtime_user_preferences":"finished","0043_cleanup_launchpad_bootcamp":"finished"}]
[18767][1784058728574][requester][info]["Migrations: Setting context before starting migration","0044_migrate_tab_resource",{"0000_initial":"finished","0001_add_archived_resources_table":"finished","0002_add_variable_sessions_table":"finished","0003_add_editor_tables":"finished","0004_migrate_ws_session_data":"finished","0005_cleanup_request_response_and_history_body":"finished","0006_add_dbp_to_request_response_and_history":"finished","0007_add_sync_client_buckets_by_order_id_table":"finished","0008_migrate_to_sync_client_buckets_by_order_id":"finished","0009_remove_sync_client_buckets_table":"finished","0010_add_history_owner":"finished","0011_add_history_response_table":"finished","0012_add_user_data_table":"finished","0013_sanitize_request_response_and_history_methods":"finished","0014_sanitize_response_requestobject_rawmodedata":"finished","0015_add_favorited_collections_table":"finished","0016_add_permission_table":"finished","0017_add_user_preferences_table":"finished","0018_index_header_presets":"finished","0019_migrate_favorite_collections_data":"finished","0020_migrate_sync_client_revision":"finished","0021_clear_permissions":"finished","0022_add_workspace_header_presets":"finished","0023_remove_collection_permissions_and_shared":"finished","0024_add_console_timelines_table":"finished","0025_add_console_events_table":"finished","0026_index_console_events":"finished","0027_add_console_blob_table":"finished","0028_add_runner_data_table":"finished","0029_add_api_schema_table":"finished","0030_migrate_collection_runs":"finished","0031_add_api_relation_table":"finished","0032_index_workspacesession_editor":"finished","0033_add_editor_data_cache_table":"finished","0034_migrate_editor_data":"finished","0035_remove_editors_table":"finished","0036_add_auth_sessions_table":"finished","0037_add_list_cache_table":"finished","0038_add_cookies_table":"finished","0039_add_runtime_preferences_table":"finished","0040_index_cookies_table":"finished","0041_update_collections_folder_request_response_with_owner_and_uid":"finished","0042_migrate_runtime_user_preferences":"finished","0043_cleanup_launchpad_bootcamp":"finished","0044_migrate_tab_resource":"started"}]
[18767][1784058728574][requester][info]["Migrations: Applying migration","0044_migrate_tab_resource"]
[18767][1784058728574][requester][info]["Migrations: Processing IndexedDB data migration","0044_migrate_tab_resource"]
[18767][1784058728575][requester][info]["MigrateTabResource: Updating the older tab resource to newer format"]
[18767][1784058728575][requester][info]["Migrations: Saving migration context after completion","0044_migrate_tab_resource",{"0000_initial":"finished","0001_add_archived_resources_table":"finished","0002_add_variable_sessions_table":"finished","0003_add_editor_tables":"finished","0004_migrate_ws_session_data":"finished","0005_cleanup_request_response_and_history_body":"finished","0006_add_dbp_to_request_response_and_history":"finished","0007_add_sync_client_buckets_by_order_id_table":"finished","0008_migrate_to_sync_client_buckets_by_order_id":"finished","0009_remove_sync_client_buckets_table":"finished","0010_add_history_owner":"finished","0011_add_history_response_table":"finished","0012_add_user_data_table":"finished","0013_sanitize_request_response_and_history_methods":"finished","0014_sanitize_response_requestobject_rawmodedata":"finished","0015_add_favorited_collections_table":"finished","0016_add_permission_table":"finished","0017_add_user_preferences_table":"finished","0018_index_header_presets":"finished","0019_migrate_favorite_collections_data":"finished","0020_migrate_sync_client_revision":"finished","0021_clear_permissions":"finished","0022_add_workspace_header_presets":"finished","0023_remove_collection_permissions_and_shared":"finished","0024_add_console_timelines_table":"finished","0025_add_console_events_table":"finished","0026_index_console_events":"finished","0027_add_console_blob_table":"finished","0028_add_runner_data_table":"finished","0029_add_api_schema_table":"finished","0030_migrate_collection_runs":"finished","0031_add_api_relation_table":"finished","0032_index_workspacesession_editor":"finished","0033_add_editor_data_cache_table":"finished","0034_migrate_editor_data":"finished","0035_remove_editors_table":"finished","0036_add_auth_sessions_table":"finished","0037_add_list_cache_table":"finished","0038_add_cookies_table":"finished","0039_add_runtime_preferences_table":"finished","0040_index_cookies_table":"finished","0041_update_collections_folder_request_response_with_owner_and_uid":"finished","0042_migrate_runtime_user_preferences":"finished","0043_cleanup_launchpad_bootcamp":"finished","0044_migrate_tab_resource":"started"}]
[18767][1784058728575][requester][info]["Migrations: Starting migration","0045_add_runtime_entity_settings_table"]
[18767][1784058728575][requester][info]["Migrations: Setting context before starting migration","0045_add_runtime_entity_settings_table",{"0000_initial":"finished","0001_add_archived_resources_table":"finished","0002_add_variable_sessions_table":"finished","0003_add_editor_tables":"finished","0004_migrate_ws_session_data":"finished","0005_cleanup_request_response_and_history_body":"finished","0006_add_dbp_to_request_response_and_history":"finished","0007_add_sync_client_buckets_by_order_id_table":"finished","0008_migrate_to_sync_client_buckets_by_order_id":"finished","0009_remove_sync_client_buckets_table":"finished","0010_add_history_owner":"finished","0011_add_history_response_table":"finished","0012_add_user_data_table":"finished","0013_sanitize_request_response_and_history_methods":"finished","0014_sanitize_response_requestobject_rawmodedata":"finished","0015_add_favorited_collections_table":"finished","0016_add_permission_table":"finished","0017_add_user_preferences_table":"finished","0018_index_header_presets":"finished","0019_migrate_favorite_collections_data":"finished","0020_migrate_sync_client_revision":"finished","0021_clear_permissions":"finished","0022_add_workspace_header_presets":"finished","0023_remove_collection_permissions_and_shared":"finished","0024_add_console_timelines_table":"finished","0025_add_console_events_table":"finished","0026_index_console_events":"finished","0027_add_console_blob_table":"finished","0028_add_runner_data_table":"finished","0029_add_api_schema_table":"finished","0030_migrate_collection_runs":"finished","0031_add_api_relation_table":"finished","0032_index_workspacesession_editor":"finished","0033_add_editor_data_cache_table":"finished","0034_migrate_editor_data":"finished","0035_remove_editors_table":"finished","0036_add_auth_sessions_table":"finished","0037_add_list_cache_table":"finished","0038_add_cookies_table":"finished","0039_add_runtime_preferences_table":"finished","0040_index_cookies_table":"finished","0041_update_collections_folder_request_response_with_owner_and_uid":"finished","0042_migrate_runtime_user_preferences":"finished","0043_cleanup_launchpad_bootcamp":"finished","0044_migrate_tab_resource":"finished","0045_add_runtime_entity_settings_table":"started"}]
[18767][1784058728576][requester][info]["Migrations: Applying migration","0045_add_runtime_entity_settings_table"]
[18767][1784058728576][requester][info]["Migrations: Upgrading IndexedDB to version","0045_add_runtime_entity_settings_table",28]
[18767][1784058728576][requester][info]["Migrations: Adding pending commit to queue","0045_add_runtime_entity_settings_table"]
[18767][1784058728576][requester][info]["Migrations: Starting migration","0046_migrate_responses_order"]
[18767][1784058728576][requester][info]["Migrations: Flushing pending migrations for","0046_migrate_responses_order"]
[18767][1784058728576][requester][info]["Migrations: Flushing pending commit for type","IndexeddbSchemaMigration"]
[18767][1784058728576][requester][info]["Migrations: Committing IndexedDB upgrade"]
[18767][1784058728579][requester][info]["Migrations: Updating status in migration context",{"0000_initial":"finished","0001_add_archived_resources_table":"finished","0002_add_variable_sessions_table":"finished","0003_add_editor_tables":"finished","0004_migrate_ws_session_data":"finished","0005_cleanup_request_response_and_history_body":"finished","0006_add_dbp_to_request_response_and_history":"finished","0007_add_sync_client_buckets_by_order_id_table":"finished","0008_migrate_to_sync_client_buckets_by_order_id":"finished","0009_remove_sync_client_buckets_table":"finished","0010_add_history_owner":"finished","0011_add_history_response_table":"finished","0012_add_user_data_table":"finished","0013_sanitize_request_response_and_history_methods":"finished","0014_sanitize_response_requestobject_rawmodedata":"finished","0015_add_favorited_collections_table":"finished","0016_add_permission_table":"finished","0017_add_user_preferences_table":"finished","0018_index_header_presets":"finished","0019_migrate_favorite_collections_data":"finished","0020_migrate_sync_client_revision":"finished","0021_clear_permissions":"finished","0022_add_workspace_header_presets":"finished","0023_remove_collection_permissions_and_shared":"finished","0024_add_console_timelines_table":"finished","0025_add_console_events_table":"finished","0026_index_console_events":"finished","0027_add_console_blob_table":"finished","0028_add_runner_data_table":"finished","0029_add_api_schema_table":"finished","0030_migrate_collection_runs":"finished","0031_add_api_relation_table":"finished","0032_index_workspacesession_editor":"finished","0033_add_editor_data_cache_table":"finished","0034_migrate_editor_data":"finished","0035_remove_editors_table":"finished","0036_add_auth_sessions_table":"finished","0037_add_list_cache_table":"finished","0038_add_cookies_table":"finished","0039_add_runtime_preferences_table":"finished","0040_index_cookies_table":"finished","0041_update_collections_folder_request_response_with_owner_and_uid":"finished","0042_migrate_runtime_user_preferences":"finished","0043_cleanup_launchpad_bootcamp":"finished","0044_migrate_tab_resource":"finished","0045_add_runtime_entity_settings_table":"started"}]
[18767][1784058728579][requester][info]["Migrations: Updated status in migration context",{"0000_initial":"finished","0001_add_archived_resources_table":"finished","0002_add_variable_sessions_table":"finished","0003_add_editor_tables":"finished","0004_migrate_ws_session_data":"finished","0005_cleanup_request_response_and_history_body":"finished","0006_add_dbp_to_request_response_and_history":"finished","0007_add_sync_client_buckets_by_order_id_table":"finished","0008_migrate_to_sync_client_buckets_by_order_id":"finished","0009_remove_sync_client_buckets_table":"finished","0010_add_history_owner":"finished","0011_add_history_response_table":"finished","0012_add_user_data_table":"finished","0013_sanitize_request_response_and_history_methods":"finished","0014_sanitize_response_requestobject_rawmodedata":"finished","0015_add_favorited_collections_table":"finished","0016_add_permission_table":"finished","0017_add_user_preferences_table":"finished","0018_index_header_presets":"finished","0019_migrate_favorite_collections_data":"finished","0020_migrate_sync_client_revision":"finished","0021_clear_permissions":"finished","0022_add_workspace_header_presets":"finished","0023_remove_collection_permissions_and_shared":"finished","0024_add_console_timelines_table":"finished","0025_add_console_events_table":"finished","0026_index_console_events":"finished","0027_add_console_blob_table":"finished","0028_add_runner_data_table":"finished","0029_add_api_schema_table":"finished","0030_migrate_collection_runs":"finished","0031_add_api_relation_table":"finished","0032_index_workspacesession_editor":"finished","0033_add_editor_data_cache_table":"finished","0034_migrate_editor_data":"finished","0035_remove_editors_table":"finished","0036_add_auth_sessions_table":"finished","0037_add_list_cache_table":"finished","0038_add_cookies_table":"finished","0039_add_runtime_preferences_table":"finished","0040_index_cookies_table":"finished","0041_update_collections_folder_request_response_with_owner_and_uid":"finished","0042_migrate_runtime_user_preferences":"finished","0043_cleanup_launchpad_bootcamp":"finished","0044_migrate_tab_resource":"finished","0045_add_runtime_entity_settings_table":"finished"}]
[18767][1784058728579][requester][info]["Migrations: Setting context before starting migration","0046_migrate_responses_order",{"0000_initial":"finished","0001_add_archived_resources_table":"finished","0002_add_variable_sessions_table":"finished","0003_add_editor_tables":"finished","0004_migrate_ws_session_data":"finished","0005_cleanup_request_response_and_history_body":"finished","0006_add_dbp_to_request_response_and_history":"finished","0007_add_sync_client_buckets_by_order_id_table":"finished","0008_migrate_to_sync_client_buckets_by_order_id":"finished","0009_remove_sync_client_buckets_table":"finished","0010_add_history_owner":"finished","0011_add_history_response_table":"finished","0012_add_user_data_table":"finished","0013_sanitize_request_response_and_history_methods":"finished","0014_sanitize_response_requestobject_rawmodedata":"finished","0015_add_favorited_collections_table":"finished","0016_add_permission_table":"finished","0017_add_user_preferences_table":"finished","0018_index_header_presets":"finished","0019_migrate_favorite_collections_data":"finished","0020_migrate_sync_client_revision":"finished","0021_clear_permissions":"finished","0022_add_workspace_header_presets":"finished","0023_remove_collection_permissions_and_shared":"finished","0024_add_console_timelines_table":"finished","0025_add_console_events_table":"finished","0026_index_console_events":"finished","0027_add_console_blob_table":"finished","0028_add_runner_data_table":"finished","0029_add_api_schema_table":"finished","0030_migrate_collection_runs":"finished","0031_add_api_relation_table":"finished","0032_index_workspacesession_editor":"finished","0033_add_editor_data_cache_table":"finished","0034_migrate_editor_data":"finished","0035_remove_editors_table":"finished","0036_add_auth_sessions_table":"finished","0037_add_list_cache_table":"finished","0038_add_cookies_table":"finished","0039_add_runtime_preferences_table":"finished","0040_index_cookies_table":"finished","0041_update_collections_folder_request_response_with_owner_and_uid":"finished","0042_migrate_runtime_user_preferences":"finished","0043_cleanup_launchpad_bootcamp":"finished","0044_migrate_tab_resource":"finished","0045_add_runtime_entity_settings_table":"finished","0046_migrate_responses_order":"started"}]
[18767][1784058728580][requester][info]["Migrations: Applying migration","0046_migrate_responses_order"]
[18767][1784058728580][requester][info]["Migrations: Processing IndexedDB data migration","0046_migrate_responses_order"]
[18767][1784058728580][requester][info]["Migration~ResponsesOrder: Migrating Responses order"]
[18767][1784058728581][requester][info]["Migrations: Saving migration context after completion","0046_migrate_responses_order",{"0000_initial":"finished","0001_add_archived_resources_table":"finished","0002_add_variable_sessions_table":"finished","0003_add_editor_tables":"finished","0004_migrate_ws_session_data":"finished","0005_cleanup_request_response_and_history_body":"finished","0006_add_dbp_to_request_response_and_history":"finished","0007_add_sync_client_buckets_by_order_id_table":"finished","0008_migrate_to_sync_client_buckets_by_order_id":"finished","0009_remove_sync_client_buckets_table":"finished","0010_add_history_owner":"finished","0011_add_history_response_table":"finished","0012_add_user_data_table":"finished","0013_sanitize_request_response_and_history_methods":"finished","0014_sanitize_response_requestobject_rawmodedata":"finished","0015_add_favorited_collections_table":"finished","0016_add_permission_table":"finished","0017_add_user_preferences_table":"finished","0018_index_header_presets":"finished","0019_migrate_favorite_collections_data":"finished","0020_migrate_sync_client_revision":"finished","0021_clear_permissions":"finished","0022_add_workspace_header_presets":"finished","0023_remove_collection_permissions_and_shared":"finished","0024_add_console_timelines_table":"finished","0025_add_console_events_table":"finished","0026_index_console_events":"finished","0027_add_console_blob_table":"finished","0028_add_runner_data_table":"finished","0029_add_api_schema_table":"finished","0030_migrate_collection_runs":"finished","0031_add_api_relation_table":"finished","0032_index_workspacesession_editor":"finished","0033_add_editor_data_cache_table":"finished","0034_migrate_editor_data":"finished","0035_remove_editors_table":"finished","0036_add_auth_sessions_table":"finished","0037_add_list_cache_table":"finished","0038_add_cookies_table":"finished","0039_add_runtime_preferences_table":"finished","0040_index_cookies_table":"finished","0041_update_collections_folder_request_response_with_owner_and_uid":"finished","0042_migrate_runtime_user_preferences":"finished","0043_cleanup_launchpad_bootcamp":"finished","0044_migrate_tab_resource":"finished","0045_add_runtime_entity_settings_table":"finished","0046_migrate_responses_order":"started"}]
[18767][1784058728581][requester][info]["Migrations: Starting migration","0047_update_api_relation_v2_table_indexes"]
[18767][1784058728581][requester][info]["Migrations: Setting context before starting migration","0047_update_api_relation_v2_table_indexes",{"0000_initial":"finished","0001_add_archived_resources_table":"finished","0002_add_variable_sessions_table":"finished","0003_add_editor_tables":"finished","0004_migrate_ws_session_data":"finished","0005_cleanup_request_response_and_history_body":"finished","0006_add_dbp_to_request_response_and_history":"finished","0007_add_sync_client_buckets_by_order_id_table":"finished","0008_migrate_to_sync_client_buckets_by_order_id":"finished","0009_remove_sync_client_buckets_table":"finished","0010_add_history_owner":"finished","0011_add_history_response_table":"finished","0012_add_user_data_table":"finished","0013_sanitize_request_response_and_history_methods":"finished","0014_sanitize_response_requestobject_rawmodedata":"finished","0015_add_favorited_collections_table":"finished","0016_add_permission_table":"finished","0017_add_user_preferences_table":"finished","0018_index_header_presets":"finished","0019_migrate_favorite_collections_data":"finished","0020_migrate_sync_client_revision":"finished","0021_clear_permissions":"finished","0022_add_workspace_header_presets":"finished","0023_remove_collection_permissions_and_shared":"finished","0024_add_console_timelines_table":"finished","0025_add_console_events_table":"finished","0026_index_console_events":"finished","0027_add_console_blob_table":"finished","0028_add_runner_data_table":"finished","0029_add_api_schema_table":"finished","0030_migrate_collection_runs":"finished","0031_add_api_relation_table":"finished","0032_index_workspacesession_editor":"finished","0033_add_editor_data_cache_table":"finished","0034_migrate_editor_data":"finished","0035_remove_editors_table":"finished","0036_add_auth_sessions_table":"finished","0037_add_list_cache_table":"finished","0038_add_cookies_table":"finished","0039_add_runtime_preferences_table":"finished","0040_index_cookies_table":"finished","0041_update_collections_folder_request_response_with_owner_and_uid":"finished","0042_migrate_runtime_user_preferences":"finished","0043_cleanup_launchpad_bootcamp":"finished","0044_migrate_tab_resource":"finished","0045_add_runtime_entity_settings_table":"finished","0046_migrate_responses_order":"finished","0047_update_api_relation_v2_table_indexes":"started"}]
[18767][1784058728582][requester][info]["Migrations: Applying migration","0047_update_api_relation_v2_table_indexes"]
[18767][1784058728582][requester][info]["Migrations: Upgrading IndexedDB to version","0047_update_api_relation_v2_table_indexes",29]
[18767][1784058728582][requester][info]["Migrations: Adding pending commit to queue","0047_update_api_relation_v2_table_indexes"]
[18767][1784058728582][requester][info]["Migrations: Starting migration","0048_add_session_cookie_table"]
[18767][1784058728582][requester][info]["Migrations: Setting context before starting migration","0048_add_session_cookie_table",{"0000_initial":"finished","0001_add_archived_resources_table":"finished","0002_add_variable_sessions_table":"finished","0003_add_editor_tables":"finished","0004_migrate_ws_session_data":"finished","0005_cleanup_request_response_and_history_body":"finished","0006_add_dbp_to_request_response_and_history":"finished","0007_add_sync_client_buckets_by_order_id_table":"finished","0008_migrate_to_sync_client_buckets_by_order_id":"finished","0009_remove_sync_client_buckets_table":"finished","0010_add_history_owner":"finished","0011_add_history_response_table":"finished","0012_add_user_data_table":"finished","0013_sanitize_request_response_and_history_methods":"finished","0014_sanitize_response_requestobject_rawmodedata":"finished","0015_add_favorited_collections_table":"finished","0016_add_permission_table":"finished","0017_add_user_preferences_table":"finished","0018_index_header_presets":"finished","0019_migrate_favorite_collections_data":"finished","0020_migrate_sync_client_revision":"finished","0021_clear_permissions":"finished","0022_add_workspace_header_presets":"finished","0023_remove_collection_permissions_and_shared":"finished","0024_add_console_timelines_table":"finished","0025_add_console_events_table":"finished","0026_index_console_events":"finished","0027_add_console_blob_table":"finished","0028_add_runner_data_table":"finished","0029_add_api_schema_table":"finished","0030_migrate_collection_runs":"finished","0031_add_api_relation_table":"finished","0032_index_workspacesession_editor":"finished","0033_add_editor_data_cache_table":"finished","0034_migrate_editor_data":"finished","0035_remove_editors_table":"finished","0036_add_auth_sessions_table":"finished","0037_add_list_cache_table":"finished","0038_add_cookies_table":"finished","0039_add_runtime_preferences_table":"finished","0040_index_cookies_table":"finished","0041_update_collections_folder_request_response_with_owner_and_uid":"finished","0042_migrate_runtime_user_preferences":"finished","0043_cleanup_launchpad_bootcamp":"finished","0044_migrate_tab_resource":"finished","0045_add_runtime_entity_settings_table":"finished","0046_migrate_responses_order":"finished","0047_update_api_relation_v2_table_indexes":"started","0048_add_session_cookie_table":"started"}]
[18767][1784058728582][requester][info]["Migrations: Applying migration","0048_add_session_cookie_table"]
[18767][1784058728582][requester][info]["Migrations: Upgrading IndexedDB to version","0048_add_session_cookie_table",30]
[18767][1784058728583][requester][info]["Migrations: Adding pending commit to queue","0048_add_session_cookie_table"]
[18767][1784058728583][requester][info]["Migrations: Starting migration","0049_migrate_data_from_file_to_https"]
[18767][1784058728583][requester][info]["Migrations: Flushing pending migrations for","0049_migrate_data_from_file_to_https"]
[18767][1784058728583][requester][info]["Migrations: Flushing pending commit for type","IndexeddbSchemaMigration"]
[18767][1784058728583][requester][info]["Migrations: Committing IndexedDB upgrade"]
[18767][1784058728586][requester][info]["Migrations: Updating status in migration context",{"0000_initial":"finished","0001_add_archived_resources_table":"finished","0002_add_variable_sessions_table":"finished","0003_add_editor_tables":"finished","0004_migrate_ws_session_data":"finished","0005_cleanup_request_response_and_history_body":"finished","0006_add_dbp_to_request_response_and_history":"finished","0007_add_sync_client_buckets_by_order_id_table":"finished","0008_migrate_to_sync_client_buckets_by_order_id":"finished","0009_remove_sync_client_buckets_table":"finished","0010_add_history_owner":"finished","0011_add_history_response_table":"finished","0012_add_user_data_table":"finished","0013_sanitize_request_response_and_history_methods":"finished","0014_sanitize_response_requestobject_rawmodedata":"finished","0015_add_favorited_collections_table":"finished","0016_add_permission_table":"finished","0017_add_user_preferences_table":"finished","0018_index_header_presets":"finished","0019_migrate_favorite_collections_data":"finished","0020_migrate_sync_client_revision":"finished","0021_clear_permissions":"finished","0022_add_workspace_header_presets":"finished","0023_remove_collection_permissions_and_shared":"finished","0024_add_console_timelines_table":"finished","0025_add_console_events_table":"finished","0026_index_console_events":"finished","0027_add_console_blob_table":"finished","0028_add_runner_data_table":"finished","0029_add_api_schema_table":"finished","0030_migrate_collection_runs":"finished","0031_add_api_relation_table":"finished","0032_index_workspacesession_editor":"finished","0033_add_editor_data_cache_table":"finished","0034_migrate_editor_data":"finished","0035_remove_editors_table":"finished","0036_add_auth_sessions_table":"finished","0037_add_list_cache_table":"finished","0038_add_cookies_table":"finished","0039_add_runtime_preferences_table":"finished","0040_index_cookies_table":"finished","0041_update_collections_folder_request_response_with_owner_and_uid":"finished","0042_migrate_runtime_user_preferences":"finished","0043_cleanup_launchpad_bootcamp":"finished","0044_migrate_tab_resource":"finished","0045_add_runtime_entity_settings_table":"finished","0046_migrate_responses_order":"finished","0047_update_api_relation_v2_table_indexes":"started","0048_add_session_cookie_table":"started"}]
[18767][1784058728586][requester][info]["Migrations: Updated status in migration context",{"0000_initial":"finished","0001_add_archived_resources_table":"finished","0002_add_variable_sessions_table":"finished","0003_add_editor_tables":"finished","0004_migrate_ws_session_data":"finished","0005_cleanup_request_response_and_history_body":"finished","0006_add_dbp_to_request_response_and_history":"finished","0007_add_sync_client_buckets_by_order_id_table":"finished","0008_migrate_to_sync_client_buckets_by_order_id":"finished","0009_remove_sync_client_buckets_table":"finished","0010_add_history_owner":"finished","0011_add_history_response_table":"finished","0012_add_user_data_table":"finished","0013_sanitize_request_response_and_history_methods":"finished","0014_sanitize_response_requestobject_rawmodedata":"finished","0015_add_favorited_collections_table":"finished","0016_add_permission_table":"finished","0017_add_user_preferences_table":"finished","0018_index_header_presets":"finished","0019_migrate_favorite_collections_data":"finished","0020_migrate_sync_client_revision":"finished","0021_clear_permissions":"finished","0022_add_workspace_header_presets":"finished","0023_remove_collection_permissions_and_shared":"finished","0024_add_console_timelines_table":"finished","0025_add_console_events_table":"finished","0026_index_console_events":"finished","0027_add_console_blob_table":"finished","0028_add_runner_data_table":"finished","0029_add_api_schema_table":"finished","0030_migrate_collection_runs":"finished","0031_add_api_relation_table":"finished","0032_index_workspacesession_editor":"finished","0033_add_editor_data_cache_table":"finished","0034_migrate_editor_data":"finished","0035_remove_editors_table":"finished","0036_add_auth_sessions_table":"finished","0037_add_list_cache_table":"finished","0038_add_cookies_table":"finished","0039_add_runtime_preferences_table":"finished","0040_index_cookies_table":"finished","0041_update_collections_folder_request_response_with_owner_and_uid":"finished","0042_migrate_runtime_user_preferences":"finished","0043_cleanup_launchpad_bootcamp":"finished","0044_migrate_tab_resource":"finished","0045_add_runtime_entity_settings_table":"finished","0046_migrate_responses_order":"finished","0047_update_api_relation_v2_table_indexes":"finished","0048_add_session_cookie_table":"finished"}]
[18767][1784058728586][requester][info]["Migrations: Setting context before starting migration","0049_migrate_data_from_file_to_https",{"0000_initial":"finished","0001_add_archived_resources_table":"finished","0002_add_variable_sessions_table":"finished","0003_add_editor_tables":"finished","0004_migrate_ws_session_data":"finished","0005_cleanup_request_response_and_history_body":"finished","0006_add_dbp_to_request_response_and_history":"finished","0007_add_sync_client_buckets_by_order_id_table":"finished","0008_migrate_to_sync_client_buckets_by_order_id":"finished","0009_remove_sync_client_buckets_table":"finished","0010_add_history_owner":"finished","0011_add_history_response_table":"finished","0012_add_user_data_table":"finished","0013_sanitize_request_response_and_history_methods":"finished","0014_sanitize_response_requestobject_rawmodedata":"finished","0015_add_favorited_collections_table":"finished","0016_add_permission_table":"finished","0017_add_user_preferences_table":"finished","0018_index_header_presets":"finished","0019_migrate_favorite_collections_data":"finished","0020_migrate_sync_client_revision":"finished","0021_clear_permissions":"finished","0022_add_workspace_header_presets":"finished","0023_remove_collection_permissions_and_shared":"finished","0024_add_console_timelines_table":"finished","0025_add_console_events_table":"finished","0026_index_console_events":"finished","0027_add_console_blob_table":"finished","0028_add_runner_data_table":"finished","0029_add_api_schema_table":"finished","0030_migrate_collection_runs":"finished","0031_add_api_relation_table":"finished","0032_index_workspacesession_editor":"finished","0033_add_editor_data_cache_table":"finished","0034_migrate_editor_data":"finished","0035_remove_editors_table":"finished","0036_add_auth_sessions_table":"finished","0037_add_list_cache_table":"finished","0038_add_cookies_table":"finished","0039_add_runtime_preferences_table":"finished","0040_index_cookies_table":"finished","0041_update_collections_folder_request_response_with_owner_and_uid":"finished","0042_migrate_runtime_user_preferences":"finished","0043_cleanup_launchpad_bootcamp":"finished","0044_migrate_tab_resource":"finished","0045_add_runtime_entity_settings_table":"finished","0046_migrate_responses_order":"finished","0047_update_api_relation_v2_table_indexes":"finished","0048_add_session_cookie_table":"finished","0049_migrate_data_from_file_to_https":"started"}]
[18767][1784058728587][requester][info]["Migrations: Applying migration","0049_migrate_data_from_file_to_https"]
[18767][1784058728587][requester][info]["Migrations: Processing IndexedDB data migration","0049_migrate_data_from_file_to_https"]
[18767][1784058728590][requester][info]["performFileProtocolDataMigration: Starting migration flow"]
[18767][1784058728590][requester][info]["bootFileProtocolMigrationFirmware~initializeMigrationFirmware : started"]
[18767][1784058728590][requester][info]["bootFileProtocolMigrationFirmware~initializeMigrationFirmware : pm.fileProtocolMigrator already set. bailing out"]
[18767][1784058728592][requester][info]["performDataMigration: Starting migration flow, models to skip - ",[]]
[18767][1784058728593][requester][info]["migrateUser: Migrating user model"]
[18767][1784058728593][requester][info]["migrateModel: Migrating model WorkspaceSession"]
[18767][1784058728593][requester][info]["migrateModel: Migrating model VariableSession"]
[18767][1784058728593][requester][info]["migrateModel: Migrating model EditorModel"]
[18767][1784058728593][requester][info]["migrateModel: Migrating model OAuth2AccessToken"]
[18767][1784058728593][requester][info]["migrateModel: Migrating model Cookie"]
[18767][1784058728594][requester][info]["migrateModel: Migrating model UserData"]
[18767][1784058728599][requester][info]["migrateModel: Migrating model AuthHelperState"]
[18767][1784058728599][requester][info]["migrateModel: Migrating model UserPreference"]
[18767][1784058728599][requester][info]["migrateModel: Migrating model AuthSession"]
[18767][1784058728599][requester][info]["migrateModel: Migrating model RuntimeEntitySettings"]
[18767][1784058728599][requester][info]["migrateModel: Migrating model RuntimePreference"]
[18767][1784058728601][requester][info]["performDataMigration: Migration successful"]
[18767][1784058728601][requester][info]["cleanupMigrator: Cleaning up the migrator"]
[18767][1784058728602][requester][info]["Migrations: Saving migration context after completion","0049_migrate_data_from_file_to_https",{"0000_initial":"finished","0001_add_archived_resources_table":"finished","0002_add_variable_sessions_table":"finished","0003_add_editor_tables":"finished","0004_migrate_ws_session_data":"finished","0005_cleanup_request_response_and_history_body":"finished","0006_add_dbp_to_request_response_and_history":"finished","0007_add_sync_client_buckets_by_order_id_table":"finished","0008_migrate_to_sync_client_buckets_by_order_id":"finished","0009_remove_sync_client_buckets_table":"finished","0010_add_history_owner":"finished","0011_add_history_response_table":"finished","0012_add_user_data_table":"finished","0013_sanitize_request_response_and_history_methods":"finished","0014_sanitize_response_requestobject_rawmodedata":"finished","0015_add_favorited_collections_table":"finished","0016_add_permission_table":"finished","0017_add_user_preferences_table":"finished","0018_index_header_presets":"finished","0019_migrate_favorite_collections_data":"finished","0020_migrate_sync_client_revision":"finished","0021_clear_permissions":"finished","0022_add_workspace_header_presets":"finished","0023_remove_collection_permissions_and_shared":"finished","0024_add_console_timelines_table":"finished","0025_add_console_events_table":"finished","0026_index_console_events":"finished","0027_add_console_blob_table":"finished","0028_add_runner_data_table":"finished","0029_add_api_schema_table":"finished","0030_migrate_collection_runs":"finished","0031_add_api_relation_table":"finished","0032_index_workspacesession_editor":"finished","0033_add_editor_data_cache_table":"finished","0034_migrate_editor_data":"finished","0035_remove_editors_table":"finished","0036_add_auth_sessions_table":"finished","0037_add_list_cache_table":"finished","0038_add_cookies_table":"finished","0039_add_runtime_preferences_table":"finished","0040_index_cookies_table":"finished","0041_update_collections_folder_request_response_with_owner_and_uid":"finished","0042_migrate_runtime_user_preferences":"finished","0043_cleanup_launchpad_bootcamp":"finished","0044_migrate_tab_resource":"finished","0045_add_runtime_entity_settings_table":"finished","0046_migrate_responses_order":"finished","0047_update_api_relation_v2_table_indexes":"finished","0048_add_session_cookie_table":"finished","0049_migrate_data_from_file_to_https":"started"}]
[18767][1784058728603][requester][info]["Migrations: Starting migration","0050_add_usage_table"]
[18767][1784058728603][requester][info]["Migrations: Setting context before starting migration","0050_add_usage_table",{"0000_initial":"finished","0001_add_archived_resources_table":"finished","0002_add_variable_sessions_table":"finished","0003_add_editor_tables":"finished","0004_migrate_ws_session_data":"finished","0005_cleanup_request_response_and_history_body":"finished","0006_add_dbp_to_request_response_and_history":"finished","0007_add_sync_client_buckets_by_order_id_table":"finished","0008_migrate_to_sync_client_buckets_by_order_id":"finished","0009_remove_sync_client_buckets_table":"finished","0010_add_history_owner":"finished","0011_add_history_response_table":"finished","0012_add_user_data_table":"finished","0013_sanitize_request_response_and_history_methods":"finished","0014_sanitize_response_requestobject_rawmodedata":"finished","0015_add_favorited_collections_table":"finished","0016_add_permission_table":"finished","0017_add_user_preferences_table":"finished","0018_index_header_presets":"finished","0019_migrate_favorite_collections_data":"finished","0020_migrate_sync_client_revision":"finished","0021_clear_permissions":"finished","0022_add_workspace_header_presets":"finished","0023_remove_collection_permissions_and_shared":"finished","0024_add_console_timelines_table":"finished","0025_add_console_events_table":"finished","0026_index_console_events":"finished","0027_add_console_blob_table":"finished","0028_add_runner_data_table":"finished","0029_add_api_schema_table":"finished","0030_migrate_collection_runs":"finished","0031_add_api_relation_table":"finished","0032_index_workspacesession_editor":"finished","0033_add_editor_data_cache_table":"finished","0034_migrate_editor_data":"finished","0035_remove_editors_table":"finished","0036_add_auth_sessions_table":"finished","0037_add_list_cache_table":"finished","0038_add_cookies_table":"finished","0039_add_runtime_preferences_table":"finished","0040_index_cookies_table":"finished","0041_update_collections_folder_request_response_with_owner_and_uid":"finished","0042_migrate_runtime_user_preferences":"finished","0043_cleanup_launchpad_bootcamp":"finished","0044_migrate_tab_resource":"finished","0045_add_runtime_entity_settings_table":"finished","0046_migrate_responses_order":"finished","0047_update_api_relation_v2_table_indexes":"finished","0048_add_session_cookie_table":"finished","0049_migrate_data_from_file_to_https":"finished","0050_add_usage_table":"started"}]
[18767][1784058728603][requester][info]["Migrations: Applying migration","0050_add_usage_table"]
[18767][1784058728603][requester][info]["Migrations: Upgrading IndexedDB to version","0050_add_usage_table",31]
[18767][1784058728604][requester][info]["Migrations: Adding pending commit to queue","0050_add_usage_table"]
[18767][1784058728604][requester][info]["Migrations: Starting migration","0051_add_collection_usage_table"]
[18767][1784058728604][requester][info]["Migrations: Setting context before starting migration","0051_add_collection_usage_table",{"0000_initial":"finished","0001_add_archived_resources_table":"finished","0002_add_variable_sessions_table":"finished","0003_add_editor_tables":"finished","0004_migrate_ws_session_data":"finished","0005_cleanup_request_response_and_history_body":"finished","0006_add_dbp_to_request_response_and_history":"finished","0007_add_sync_client_buckets_by_order_id_table":"finished","0008_migrate_to_sync_client_buckets_by_order_id":"finished","0009_remove_sync_client_buckets_table":"finished","0010_add_history_owner":"finished","0011_add_history_response_table":"finished","0012_add_user_data_table":"finished","0013_sanitize_request_response_and_history_methods":"finished","0014_sanitize_response_requestobject_rawmodedata":"finished","0015_add_favorited_collections_table":"finished","0016_add_permission_table":"finished","0017_add_user_preferences_table":"finished","0018_index_header_presets":"finished","0019_migrate_favorite_collections_data":"finished","0020_migrate_sync_client_revision":"finished","0021_clear_permissions":"finished","0022_add_workspace_header_presets":"finished","0023_remove_collection_permissions_and_shared":"finished","0024_add_console_timelines_table":"finished","0025_add_console_events_table":"finished","0026_index_console_events":"finished","0027_add_console_blob_table":"finished","0028_add_runner_data_table":"finished","0029_add_api_schema_table":"finished","0030_migrate_collection_runs":"finished","0031_add_api_relation_table":"finished","0032_index_workspacesession_editor":"finished","0033_add_editor_data_cache_table":"finished","0034_migrate_editor_data":"finished","0035_remove_editors_table":"finished","0036_add_auth_sessions_table":"finished","0037_add_list_cache_table":"finished","0038_add_cookies_table":"finished","0039_add_runtime_preferences_table":"finished","0040_index_cookies_table":"finished","0041_update_collections_folder_request_response_with_owner_and_uid":"finished","0042_migrate_runtime_user_preferences":"finished","0043_cleanup_launchpad_bootcamp":"finished","0044_migrate_tab_resource":"finished","0045_add_runtime_entity_settings_table":"finished","0046_migrate_responses_order":"finished","0047_update_api_relation_v2_table_indexes":"finished","0048_add_session_cookie_table":"finished","0049_migrate_data_from_file_to_https":"finished","0050_add_usage_table":"started","0051_add_collection_usage_table":"started"}]
[18767][1784058728604][requester][info]["Migrations: Applying migration","0051_add_collection_usage_table"]
[18767][1784058728604][requester][info]["Migrations: Upgrading IndexedDB to version","0051_add_collection_usage_table",32]
[18767][1784058728604][requester][info]["Migrations: Adding pending commit to queue","0051_add_collection_usage_table"]
[18767][1784058728604][requester][info]["Migrations: Starting migration","0052_add_ecitem_history_table"]
[18767][1784058728605][requester][info]["Migrations: Setting context before starting migration","0052_add_ecitem_history_table",{"0000_initial":"finished","0001_add_archived_resources_table":"finished","0002_add_variable_sessions_table":"finished","0003_add_editor_tables":"finished","0004_migrate_ws_session_data":"finished","0005_cleanup_request_response_and_history_body":"finished","0006_add_dbp_to_request_response_and_history":"finished","0007_add_sync_client_buckets_by_order_id_table":"finished","0008_migrate_to_sync_client_buckets_by_order_id":"finished","0009_remove_sync_client_buckets_table":"finished","0010_add_history_owner":"finished","0011_add_history_response_table":"finished","0012_add_user_data_table":"finished","0013_sanitize_request_response_and_history_methods":"finished","0014_sanitize_response_requestobject_rawmodedata":"finished","0015_add_favorited_collections_table":"finished","0016_add_permission_table":"finished","0017_add_user_preferences_table":"finished","0018_index_header_presets":"finished","0019_migrate_favorite_collections_data":"finished","0020_migrate_sync_client_revision":"finished","0021_clear_permissions":"finished","0022_add_workspace_header_presets":"finished","0023_remove_collection_permissions_and_shared":"finished","0024_add_console_timelines_table":"finished","0025_add_console_events_table":"finished","0026_index_console_events":"finished","0027_add_console_blob_table":"finished","0028_add_runner_data_table":"finished","0029_add_api_schema_table":"finished","0030_migrate_collection_runs":"finished","0031_add_api_relation_table":"finished","0032_index_workspacesession_editor":"finished","0033_add_editor_data_cache_table":"finished","0034_migrate_editor_data":"finished","0035_remove_editors_table":"finished","0036_add_auth_sessions_table":"finished","0037_add_list_cache_table":"finished","0038_add_cookies_table":"finished","0039_add_runtime_preferences_table":"finished","0040_index_cookies_table":"finished","0041_update_collections_folder_request_response_with_owner_and_uid":"finished","0042_migrate_runtime_user_preferences":"finished","0043_cleanup_launchpad_bootcamp":"finished","0044_migrate_tab_resource":"finished","0045_add_runtime_entity_settings_table":"finished","0046_migrate_responses_order":"finished","0047_update_api_relation_v2_table_indexes":"finished","0048_add_session_cookie_table":"finished","0049_migrate_data_from_file_to_https":"finished","0050_add_usage_table":"started","0051_add_collection_usage_table":"started","0052_add_ecitem_history_table":"started"}]
[18767][1784058728605][requester][info]["Migrations: Applying migration","0052_add_ecitem_history_table"]
[18767][1784058728605][requester][info]["Migrations: Upgrading IndexedDB to version","0052_add_ecitem_history_table",33]
[18767][1784058728605][requester][info]["Migrations: Adding pending commit to queue","0052_add_ecitem_history_table"]
[18767][1784058728605][requester][info]["Migrations: Starting migration","0053_add_timestamp_runner_blob"]
[18767][1784058728605][requester][info]["Migrations: Setting context before starting migration","0053_add_timestamp_runner_blob",{"0000_initial":"finished","0001_add_archived_resources_table":"finished","0002_add_variable_sessions_table":"finished","0003_add_editor_tables":"finished","0004_migrate_ws_session_data":"finished","0005_cleanup_request_response_and_history_body":"finished","0006_add_dbp_to_request_response_and_history":"finished","0007_add_sync_client_buckets_by_order_id_table":"finished","0008_migrate_to_sync_client_buckets_by_order_id":"finished","0009_remove_sync_client_buckets_table":"finished","0010_add_history_owner":"finished","0011_add_history_response_table":"finished","0012_add_user_data_table":"finished","0013_sanitize_request_response_and_history_methods":"finished","0014_sanitize_response_requestobject_rawmodedata":"finished","0015_add_favorited_collections_table":"finished","0016_add_permission_table":"finished","0017_add_user_preferences_table":"finished","0018_index_header_presets":"finished","0019_migrate_favorite_collections_data":"finished","0020_migrate_sync_client_revision":"finished","0021_clear_permissions":"finished","0022_add_workspace_header_presets":"finished","0023_remove_collection_permissions_and_shared":"finished","0024_add_console_timelines_table":"finished","0025_add_console_events_table":"finished","0026_index_console_events":"finished","0027_add_console_blob_table":"finished","0028_add_runner_data_table":"finished","0029_add_api_schema_table":"finished","0030_migrate_collection_runs":"finished","0031_add_api_relation_table":"finished","0032_index_workspacesession_editor":"finished","0033_add_editor_data_cache_table":"finished","0034_migrate_editor_data":"finished","0035_remove_editors_table":"finished","0036_add_auth_sessions_table":"finished","0037_add_list_cache_table":"finished","0038_add_cookies_table":"finished","0039_add_runtime_preferences_table":"finished","0040_index_cookies_table":"finished","0041_update_collections_folder_request_response_with_owner_and_uid":"finished","0042_migrate_runtime_user_preferences":"finished","0043_cleanup_launchpad_bootcamp":"finished","0044_migrate_tab_resource":"finished","0045_add_runtime_entity_settings_table":"finished","0046_migrate_responses_order":"finished","0047_update_api_relation_v2_table_indexes":"finished","0048_add_session_cookie_table":"finished","0049_migrate_data_from_file_to_https":"finished","0050_add_usage_table":"started","0051_add_collection_usage_table":"started","0052_add_ecitem_history_table":"started","0053_add_timestamp_runner_blob":"started"}]
[18767][1784058728606][requester][info]["Migrations: Applying migration","0053_add_timestamp_runner_blob"]
[18767][1784058728606][requester][info]["Migrations: Upgrading IndexedDB to version","0053_add_timestamp_runner_blob",34]
[18767][1784058728606][requester][info]["Migrations: Adding pending commit to queue","0053_add_timestamp_runner_blob"]
[18767][1784058728606][requester][info]["Migrations: Starting migration","0054_encrypt_values_of_variable_sessions_table"]
[18767][1784058728606][requester][info]["Migrations: Flushing pending migrations for","0054_encrypt_values_of_variable_sessions_table"]
[18767][1784058728606][requester][info]["Migrations: Flushing pending commit for type","IndexeddbSchemaMigration"]
[18767][1784058728606][requester][info]["Migrations: Committing IndexedDB upgrade"]
[18767][1784058728613][requester][info]["Migrations: Updating status in migration context",{"0000_initial":"finished","0001_add_archived_resources_table":"finished","0002_add_variable_sessions_table":"finished","0003_add_editor_tables":"finished","0004_migrate_ws_session_data":"finished","0005_cleanup_request_response_and_history_body":"finished","0006_add_dbp_to_request_response_and_history":"finished","0007_add_sync_client_buckets_by_order_id_table":"finished","0008_migrate_to_sync_client_buckets_by_order_id":"finished","0009_remove_sync_client_buckets_table":"finished","0010_add_history_owner":"finished","0011_add_history_response_table":"finished","0012_add_user_data_table":"finished","0013_sanitize_request_response_and_history_methods":"finished","0014_sanitize_response_requestobject_rawmodedata":"finished","0015_add_favorited_collections_table":"finished","0016_add_permission_table":"finished","0017_add_user_preferences_table":"finished","0018_index_header_presets":"finished","0019_migrate_favorite_collections_data":"finished","0020_migrate_sync_client_revision":"finished","0021_clear_permissions":"finished","0022_add_workspace_header_presets":"finished","0023_remove_collection_permissions_and_shared":"finished","0024_add_console_timelines_table":"finished","0025_add_console_events_table":"finished","0026_index_console_events":"finished","0027_add_console_blob_table":"finished","0028_add_runner_data_table":"finished","0029_add_api_schema_table":"finished","0030_migrate_collection_runs":"finished","0031_add_api_relation_table":"finished","0032_index_workspacesession_editor":"finished","0033_add_editor_data_cache_table":"finished","0034_migrate_editor_data":"finished","0035_remove_editors_table":"finished","0036_add_auth_sessions_table":"finished","0037_add_list_cache_table":"finished","0038_add_cookies_table":"finished","0039_add_runtime_preferences_table":"finished","0040_index_cookies_table":"finished","0041_update_collections_folder_request_response_with_owner_and_uid":"finished","0042_migrate_runtime_user_preferences":"finished","0043_cleanup_launchpad_bootcamp":"finished","0044_migrate_tab_resource":"finished","0045_add_runtime_entity_settings_table":"finished","0046_migrate_responses_order":"finished","0047_update_api_relation_v2_table_indexes":"finished","0048_add_session_cookie_table":"finished","0049_migrate_data_from_file_to_https":"finished","0050_add_usage_table":"started","0051_add_collection_usage_table":"started","0052_add_ecitem_history_table":"started","0053_add_timestamp_runner_blob":"started"}]
[18767][1784058728613][requester][info]["Migrations: Updated status in migration context",{"0000_initial":"finished","0001_add_archived_resources_table":"finished","0002_add_variable_sessions_table":"finished","0003_add_editor_tables":"finished","0004_migrate_ws_session_data":"finished","0005_cleanup_request_response_and_history_body":"finished","0006_add_dbp_to_request_response_and_history":"finished","0007_add_sync_client_buckets_by_order_id_table":"finished","0008_migrate_to_sync_client_buckets_by_order_id":"finished","0009_remove_sync_client_buckets_table":"finished","0010_add_history_owner":"finished","0011_add_history_response_table":"finished","0012_add_user_data_table":"finished","0013_sanitize_request_response_and_history_methods":"finished","0014_sanitize_response_requestobject_rawmodedata":"finished","0015_add_favorited_collections_table":"finished","0016_add_permission_table":"finished","0017_add_user_preferences_table":"finished","0018_index_header_presets":"finished","0019_migrate_favorite_collections_data":"finished","0020_migrate_sync_client_revision":"finished","0021_clear_permissions":"finished","0022_add_workspace_header_presets":"finished","0023_remove_collection_permissions_and_shared":"finished","0024_add_console_timelines_table":"finished","0025_add_console_events_table":"finished","0026_index_console_events":"finished","0027_add_console_blob_table":"finished","0028_add_runner_data_table":"finished","0029_add_api_schema_table":"finished","0030_migrate_collection_runs":"finished","0031_add_api_relation_table":"finished","0032_index_workspacesession_editor":"finished","0033_add_editor_data_cache_table":"finished","0034_migrate_editor_data":"finished","0035_remove_editors_table":"finished","0036_add_auth_sessions_table":"finished","0037_add_list_cache_table":"finished","0038_add_cookies_table":"finished","0039_add_runtime_preferences_table":"finished","0040_index_cookies_table":"finished","0041_update_collections_folder_request_response_with_owner_and_uid":"finished","0042_migrate_runtime_user_preferences":"finished","0043_cleanup_launchpad_bootcamp":"finished","0044_migrate_tab_resource":"finished","0045_add_runtime_entity_settings_table":"finished","0046_migrate_responses_order":"finished","0047_update_api_relation_v2_table_indexes":"finished","0048_add_session_cookie_table":"finished","0049_migrate_data_from_file_to_https":"finished","0050_add_usage_table":"finished","0051_add_collection_usage_table":"finished","0052_add_ecitem_history_table":"finished","0053_add_timestamp_runner_blob":"finished"}]
[18767][1784058728613][requester][info]["Migrations: Setting context before starting migration","0054_encrypt_values_of_variable_sessions_table",{"0000_initial":"finished","0001_add_archived_resources_table":"finished","0002_add_variable_sessions_table":"finished","0003_add_editor_tables":"finished","0004_migrate_ws_session_data":"finished","0005_cleanup_request_response_and_history_body":"finished","0006_add_dbp_to_request_response_and_history":"finished","0007_add_sync_client_buckets_by_order_id_table":"finished","0008_migrate_to_sync_client_buckets_by_order_id":"finished","0009_remove_sync_client_buckets_table":"finished","0010_add_history_owner":"finished","0011_add_history_response_table":"finished","0012_add_user_data_table":"finished","0013_sanitize_request_response_and_history_methods":"finished","0014_sanitize_response_requestobject_rawmodedata":"finished","0015_add_favorited_collections_table":"finished","0016_add_permission_table":"finished","0017_add_user_preferences_table":"finished","0018_index_header_presets":"finished","0019_migrate_favorite_collections_data":"finished","0020_migrate_sync_client_revision":"finished","0021_clear_permissions":"finished","0022_add_workspace_header_presets":"finished","0023_remove_collection_permissions_and_shared":"finished","0024_add_console_timelines_table":"finished","0025_add_console_events_table":"finished","0026_index_console_events":"finished","0027_add_console_blob_table":"finished","0028_add_runner_data_table":"finished","0029_add_api_schema_table":"finished","0030_migrate_collection_runs":"finished","0031_add_api_relation_table":"finished","0032_index_workspacesession_editor":"finished","0033_add_editor_data_cache_table":"finished","0034_migrate_editor_data":"finished","0035_remove_editors_table":"finished","0036_add_auth_sessions_table":"finished","0037_add_list_cache_table":"finished","0038_add_cookies_table":"finished","0039_add_runtime_preferences_table":"finished","0040_index_cookies_table":"finished","0041_update_collections_folder_request_response_with_owner_and_uid":"finished","0042_migrate_runtime_user_preferences":"finished","0043_cleanup_launchpad_bootcamp":"finished","0044_migrate_tab_resource":"finished","0045_add_runtime_entity_settings_table":"finished","0046_migrate_responses_order":"finished","0047_update_api_relation_v2_table_indexes":"finished","0048_add_session_cookie_table":"finished","0049_migrate_data_from_file_to_https":"finished","0050_add_usage_table":"finished","0051_add_collection_usage_table":"finished","0052_add_ecitem_history_table":"finished","0053_add_timestamp_runner_blob":"finished","0054_encrypt_values_of_variable_sessions_table":"started"}]
[18767][1784058728613][requester][info]["Migrations: Applying migration","0054_encrypt_values_of_variable_sessions_table"]
[18767][1784058728613][requester][info]["Migrations: Processing IndexedDB data migration","0054_encrypt_values_of_variable_sessions_table"]
[18767][1784058728614][requester][info]["Migrations: Saving migration context after completion","0054_encrypt_values_of_variable_sessions_table",{"0000_initial":"finished","0001_add_archived_resources_table":"finished","0002_add_variable_sessions_table":"finished","0003_add_editor_tables":"finished","0004_migrate_ws_session_data":"finished","0005_cleanup_request_response_and_history_body":"finished","0006_add_dbp_to_request_response_and_history":"finished","0007_add_sync_client_buckets_by_order_id_table":"finished","0008_migrate_to_sync_client_buckets_by_order_id":"finished","0009_remove_sync_client_buckets_table":"finished","0010_add_history_owner":"finished","0011_add_history_response_table":"finished","0012_add_user_data_table":"finished","0013_sanitize_request_response_and_history_methods":"finished","0014_sanitize_response_requestobject_rawmodedata":"finished","0015_add_favorited_collections_table":"finished","0016_add_permission_table":"finished","0017_add_user_preferences_table":"finished","0018_index_header_presets":"finished","0019_migrate_favorite_collections_data":"finished","0020_migrate_sync_client_revision":"finished","0021_clear_permissions":"finished","0022_add_workspace_header_presets":"finished","0023_remove_collection_permissions_and_shared":"finished","0024_add_console_timelines_table":"finished","0025_add_console_events_table":"finished","0026_index_console_events":"finished","0027_add_console_blob_table":"finished","0028_add_runner_data_table":"finished","0029_add_api_schema_table":"finished","0030_migrate_collection_runs":"finished","0031_add_api_relation_table":"finished","0032_index_workspacesession_editor":"finished","0033_add_editor_data_cache_table":"finished","0034_migrate_editor_data":"finished","0035_remove_editors_table":"finished","0036_add_auth_sessions_table":"finished","0037_add_list_cache_table":"finished","0038_add_cookies_table":"finished","0039_add_runtime_preferences_table":"finished","0040_index_cookies_table":"finished","0041_update_collections_folder_request_response_with_owner_and_uid":"finished","0042_migrate_runtime_user_preferences":"finished","0043_cleanup_launchpad_bootcamp":"finished","0044_migrate_tab_resource":"finished","0045_add_runtime_entity_settings_table":"finished","0046_migrate_responses_order":"finished","0047_update_api_relation_v2_table_indexes":"finished","0048_add_session_cookie_table":"finished","0049_migrate_data_from_file_to_https":"finished","0050_add_usage_table":"finished","0051_add_collection_usage_table":"finished","0052_add_ecitem_history_table":"finished","0053_add_timestamp_runner_blob":"finished","0054_encrypt_values_of_variable_sessions_table":"started"}]
[18767][1784058728614][requester][info]["Migrations: Starting migration","0055_encrypt_buffers_of_editor_models_table"]
[18767][1784058728615][requester][info]["Migrations: Flushing pending migrations for","0055_encrypt_buffers_of_editor_models_table"]
[18767][1784058728615][requester][info]["Migrations: Updating status in migration context",{"0000_initial":"finished","0001_add_archived_resources_table":"finished","0002_add_variable_sessions_table":"finished","0003_add_editor_tables":"finished","0004_migrate_ws_session_data":"finished","0005_cleanup_request_response_and_history_body":"finished","0006_add_dbp_to_request_response_and_history":"finished","0007_add_sync_client_buckets_by_order_id_table":"finished","0008_migrate_to_sync_client_buckets_by_order_id":"finished","0009_remove_sync_client_buckets_table":"finished","0010_add_history_owner":"finished","0011_add_history_response_table":"finished","0012_add_user_data_table":"finished","0013_sanitize_request_response_and_history_methods":"finished","0014_sanitize_response_requestobject_rawmodedata":"finished","0015_add_favorited_collections_table":"finished","0016_add_permission_table":"finished","0017_add_user_preferences_table":"finished","0018_index_header_presets":"finished","0019_migrate_favorite_collections_data":"finished","0020_migrate_sync_client_revision":"finished","0021_clear_permissions":"finished","0022_add_workspace_header_presets":"finished","0023_remove_collection_permissions_and_shared":"finished","0024_add_console_timelines_table":"finished","0025_add_console_events_table":"finished","0026_index_console_events":"finished","0027_add_console_blob_table":"finished","0028_add_runner_data_table":"finished","0029_add_api_schema_table":"finished","0030_migrate_collection_runs":"finished","0031_add_api_relation_table":"finished","0032_index_workspacesession_editor":"finished","0033_add_editor_data_cache_table":"finished","0034_migrate_editor_data":"finished","0035_remove_editors_table":"finished","0036_add_auth_sessions_table":"finished","0037_add_list_cache_table":"finished","0038_add_cookies_table":"finished","0039_add_runtime_preferences_table":"finished","0040_index_cookies_table":"finished","0041_update_collections_folder_request_response_with_owner_and_uid":"finished","0042_migrate_runtime_user_preferences":"finished","0043_cleanup_launchpad_bootcamp":"finished","0044_migrate_tab_resource":"finished","0045_add_runtime_entity_settings_table":"finished","0046_migrate_responses_order":"finished","0047_update_api_relation_v2_table_indexes":"finished","0048_add_session_cookie_table":"finished","0049_migrate_data_from_file_to_https":"finished","0050_add_usage_table":"finished","0051_add_collection_usage_table":"finished","0052_add_ecitem_history_table":"finished","0053_add_timestamp_runner_blob":"finished","0054_encrypt_values_of_variable_sessions_table":"finished"}]
[18767][1784058728615][requester][info]["Migrations: Updated status in migration context",{"0000_initial":"finished","0001_add_archived_resources_table":"finished","0002_add_variable_sessions_table":"finished","0003_add_editor_tables":"finished","0004_migrate_ws_session_data":"finished","0005_cleanup_request_response_and_history_body":"finished","0006_add_dbp_to_request_response_and_history":"finished","0007_add_sync_client_buckets_by_order_id_table":"finished","0008_migrate_to_sync_client_buckets_by_order_id":"finished","0009_remove_sync_client_buckets_table":"finished","0010_add_history_owner":"finished","0011_add_history_response_table":"finished","0012_add_user_data_table":"finished","0013_sanitize_request_response_and_history_methods":"finished","0014_sanitize_response_requestobject_rawmodedata":"finished","0015_add_favorited_collections_table":"finished","0016_add_permission_table":"finished","0017_add_user_preferences_table":"finished","0018_index_header_presets":"finished","0019_migrate_favorite_collections_data":"finished","0020_migrate_sync_client_revision":"finished","0021_clear_permissions":"finished","0022_add_workspace_header_presets":"finished","0023_remove_collection_permissions_and_shared":"finished","0024_add_console_timelines_table":"finished","0025_add_console_events_table":"finished","0026_index_console_events":"finished","0027_add_console_blob_table":"finished","0028_add_runner_data_table":"finished","0029_add_api_schema_table":"finished","0030_migrate_collection_runs":"finished","0031_add_api_relation_table":"finished","0032_index_workspacesession_editor":"finished","0033_add_editor_data_cache_table":"finished","0034_migrate_editor_data":"finished","0035_remove_editors_table":"finished","0036_add_auth_sessions_table":"finished","0037_add_list_cache_table":"finished","0038_add_cookies_table":"finished","0039_add_runtime_preferences_table":"finished","0040_index_cookies_table":"finished","0041_update_collections_folder_request_response_with_owner_and_uid":"finished","0042_migrate_runtime_user_preferences":"finished","0043_cleanup_launchpad_bootcamp":"finished","0044_migrate_tab_resource":"finished","0045_add_runtime_entity_settings_table":"finished","0046_migrate_responses_order":"finished","0047_update_api_relation_v2_table_indexes":"finished","0048_add_session_cookie_table":"finished","0049_migrate_data_from_file_to_https":"finished","0050_add_usage_table":"finished","0051_add_collection_usage_table":"finished","0052_add_ecitem_history_table":"finished","0053_add_timestamp_runner_blob":"finished","0054_encrypt_values_of_variable_sessions_table":"finished"}]
[18767][1784058728615][requester][info]["Migrations: Setting context before starting migration","0055_encrypt_buffers_of_editor_models_table",{"0000_initial":"finished","0001_add_archived_resources_table":"finished","0002_add_variable_sessions_table":"finished","0003_add_editor_tables":"finished","0004_migrate_ws_session_data":"finished","0005_cleanup_request_response_and_history_body":"finished","0006_add_dbp_to_request_response_and_history":"finished","0007_add_sync_client_buckets_by_order_id_table":"finished","0008_migrate_to_sync_client_buckets_by_order_id":"finished","0009_remove_sync_client_buckets_table":"finished","0010_add_history_owner":"finished","0011_add_history_response_table":"finished","0012_add_user_data_table":"finished","0013_sanitize_request_response_and_history_methods":"finished","0014_sanitize_response_requestobject_rawmodedata":"finished","0015_add_favorited_collections_table":"finished","0016_add_permission_table":"finished","0017_add_user_preferences_table":"finished","0018_index_header_presets":"finished","0019_migrate_favorite_collections_data":"finished","0020_migrate_sync_client_revision":"finished","0021_clear_permissions":"finished","0022_add_workspace_header_presets":"finished","0023_remove_collection_permissions_and_shared":"finished","0024_add_console_timelines_table":"finished","0025_add_console_events_table":"finished","0026_index_console_events":"finished","0027_add_console_blob_table":"finished","0028_add_runner_data_table":"finished","0029_add_api_schema_table":"finished","0030_migrate_collection_runs":"finished","0031_add_api_relation_table":"finished","0032_index_workspacesession_editor":"finished","0033_add_editor_data_cache_table":"finished","0034_migrate_editor_data":"finished","0035_remove_editors_table":"finished","0036_add_auth_sessions_table":"finished","0037_add_list_cache_table":"finished","0038_add_cookies_table":"finished","0039_add_runtime_preferences_table":"finished","0040_index_cookies_table":"finished","0041_update_collections_folder_request_response_with_owner_and_uid":"finished","0042_migrate_runtime_user_preferences":"finished","0043_cleanup_launchpad_bootcamp":"finished","0044_migrate_tab_resource":"finished","0045_add_runtime_entity_settings_table":"finished","0046_migrate_responses_order":"finished","0047_update_api_relation_v2_table_indexes":"finished","0048_add_session_cookie_table":"finished","0049_migrate_data_from_file_to_https":"finished","0050_add_usage_table":"finished","0051_add_collection_usage_table":"finished","0052_add_ecitem_history_table":"finished","0053_add_timestamp_runner_blob":"finished","0054_encrypt_values_of_variable_sessions_table":"finished","0055_encrypt_buffers_of_editor_models_table":"started"}]
[18767][1784058728615][requester][info]["Migrations: Applying migration","0055_encrypt_buffers_of_editor_models_table"]
[18767][1784058728615][requester][info]["Migrations: Processing IndexedDB data migration","0055_encrypt_buffers_of_editor_models_table"]
[18767][1784058728616][requester][info]["Migrations: Saving migration context after completion","0055_encrypt_buffers_of_editor_models_table",{"0000_initial":"finished","0001_add_archived_resources_table":"finished","0002_add_variable_sessions_table":"finished","0003_add_editor_tables":"finished","0004_migrate_ws_session_data":"finished","0005_cleanup_request_response_and_history_body":"finished","0006_add_dbp_to_request_response_and_history":"finished","0007_add_sync_client_buckets_by_order_id_table":"finished","0008_migrate_to_sync_client_buckets_by_order_id":"finished","0009_remove_sync_client_buckets_table":"finished","0010_add_history_owner":"finished","0011_add_history_response_table":"finished","0012_add_user_data_table":"finished","0013_sanitize_request_response_and_history_methods":"finished","0014_sanitize_response_requestobject_rawmodedata":"finished","0015_add_favorited_collections_table":"finished","0016_add_permission_table":"finished","0017_add_user_preferences_table":"finished","0018_index_header_presets":"finished","0019_migrate_favorite_collections_data":"finished","0020_migrate_sync_client_revision":"finished","0021_clear_permissions":"finished","0022_add_workspace_header_presets":"finished","0023_remove_collection_permissions_and_shared":"finished","0024_add_console_timelines_table":"finished","0025_add_console_events_table":"finished","0026_index_console_events":"finished","0027_add_console_blob_table":"finished","0028_add_runner_data_table":"finished","0029_add_api_schema_table":"finished","0030_migrate_collection_runs":"finished","0031_add_api_relation_table":"finished","0032_index_workspacesession_editor":"finished","0033_add_editor_data_cache_table":"finished","0034_migrate_editor_data":"finished","0035_remove_editors_table":"finished","0036_add_auth_sessions_table":"finished","0037_add_list_cache_table":"finished","0038_add_cookies_table":"finished","0039_add_runtime_preferences_table":"finished","0040_index_cookies_table":"finished","0041_update_collections_folder_request_response_with_owner_and_uid":"finished","0042_migrate_runtime_user_preferences":"finished","0043_cleanup_launchpad_bootcamp":"finished","0044_migrate_tab_resource":"finished","0045_add_runtime_entity_settings_table":"finished","0046_migrate_responses_order":"finished","0047_update_api_relation_v2_table_indexes":"finished","0048_add_session_cookie_table":"finished","0049_migrate_data_from_file_to_https":"finished","0050_add_usage_table":"finished","0051_add_collection_usage_table":"finished","0052_add_ecitem_history_table":"finished","0053_add_timestamp_runner_blob":"finished","0054_encrypt_values_of_variable_sessions_table":"finished","0055_encrypt_buffers_of_editor_models_table":"started"}]
[18767][1784058728616][requester][info]["Migrations: Starting migration","0056_add_local_runner_tables"]
[18767][1784058728616][requester][info]["Migrations: Setting context before starting migration","0056_add_local_runner_tables",{"0000_initial":"finished","0001_add_archived_resources_table":"finished","0002_add_variable_sessions_table":"finished","0003_add_editor_tables":"finished","0004_migrate_ws_session_data":"finished","0005_cleanup_request_response_and_history_body":"finished","0006_add_dbp_to_request_response_and_history":"finished","0007_add_sync_client_buckets_by_order_id_table":"finished","0008_migrate_to_sync_client_buckets_by_order_id":"finished","0009_remove_sync_client_buckets_table":"finished","0010_add_history_owner":"finished","0011_add_history_response_table":"finished","0012_add_user_data_table":"finished","0013_sanitize_request_response_and_history_methods":"finished","0014_sanitize_response_requestobject_rawmodedata":"finished","0015_add_favorited_collections_table":"finished","0016_add_permission_table":"finished","0017_add_user_preferences_table":"finished","0018_index_header_presets":"finished","0019_migrate_favorite_collections_data":"finished","0020_migrate_sync_client_revision":"finished","0021_clear_permissions":"finished","0022_add_workspace_header_presets":"finished","0023_remove_collection_permissions_and_shared":"finished","0024_add_console_timelines_table":"finished","0025_add_console_events_table":"finished","0026_index_console_events":"finished","0027_add_console_blob_table":"finished","0028_add_runner_data_table":"finished","0029_add_api_schema_table":"finished","0030_migrate_collection_runs":"finished","0031_add_api_relation_table":"finished","0032_index_workspacesession_editor":"finished","0033_add_editor_data_cache_table":"finished","0034_migrate_editor_data":"finished","0035_remove_editors_table":"finished","0036_add_auth_sessions_table":"finished","0037_add_list_cache_table":"finished","0038_add_cookies_table":"finished","0039_add_runtime_preferences_table":"finished","0040_index_cookies_table":"finished","0041_update_collections_folder_request_response_with_owner_and_uid":"finished","0042_migrate_runtime_user_preferences":"finished","0043_cleanup_launchpad_bootcamp":"finished","0044_migrate_tab_resource":"finished","0045_add_runtime_entity_settings_table":"finished","0046_migrate_responses_order":"finished","0047_update_api_relation_v2_table_indexes":"finished","0048_add_session_cookie_table":"finished","0049_migrate_data_from_file_to_https":"finished","0050_add_usage_table":"finished","0051_add_collection_usage_table":"finished","0052_add_ecitem_history_table":"finished","0053_add_timestamp_runner_blob":"finished","0054_encrypt_values_of_variable_sessions_table":"finished","0055_encrypt_buffers_of_editor_models_table":"finished","0056_add_local_runner_tables":"started"}]
[18767][1784058728616][requester][info]["Migrations: Applying migration","0056_add_local_runner_tables"]
[18767][1784058728616][requester][info]["Migrations: Upgrading IndexedDB to version","0056_add_local_runner_tables",35]
[18767][1784058728617][requester][info]["Migrations: Adding pending commit to queue","0056_add_local_runner_tables"]
[18767][1784058728617][requester][info]["Migrations: Flushing pending commit steps"]
[18767][1784058728617][requester][info]["Migrations: Flushing pending commit for type","IndexeddbSchemaMigration"]
[18767][1784058728617][requester][info]["Migrations: Committing IndexedDB upgrade"]
[18767][1784058728620][requester][info]["Migrations: Updating status in migration context",{"0000_initial":"finished","0001_add_archived_resources_table":"finished","0002_add_variable_sessions_table":"finished","0003_add_editor_tables":"finished","0004_migrate_ws_session_data":"finished","0005_cleanup_request_response_and_history_body":"finished","0006_add_dbp_to_request_response_and_history":"finished","0007_add_sync_client_buckets_by_order_id_table":"finished","0008_migrate_to_sync_client_buckets_by_order_id":"finished","0009_remove_sync_client_buckets_table":"finished","0010_add_history_owner":"finished","0011_add_history_response_table":"finished","0012_add_user_data_table":"finished","0013_sanitize_request_response_and_history_methods":"finished","0014_sanitize_response_requestobject_rawmodedata":"finished","0015_add_favorited_collections_table":"finished","0016_add_permission_table":"finished","0017_add_user_preferences_table":"finished","0018_index_header_presets":"finished","0019_migrate_favorite_collections_data":"finished","0020_migrate_sync_client_revision":"finished","0021_clear_permissions":"finished","0022_add_workspace_header_presets":"finished","0023_remove_collection_permissions_and_shared":"finished","0024_add_console_timelines_table":"finished","0025_add_console_events_table":"finished","0026_index_console_events":"finished","0027_add_console_blob_table":"finished","0028_add_runner_data_table":"finished","0029_add_api_schema_table":"finished","0030_migrate_collection_runs":"finished","0031_add_api_relation_table":"finished","0032_index_workspacesession_editor":"finished","0033_add_editor_data_cache_table":"finished","0034_migrate_editor_data":"finished","0035_remove_editors_table":"finished","0036_add_auth_sessions_table":"finished","0037_add_list_cache_table":"finished","0038_add_cookies_table":"finished","0039_add_runtime_preferences_table":"finished","0040_index_cookies_table":"finished","0041_update_collections_folder_request_response_with_owner_and_uid":"finished","0042_migrate_runtime_user_preferences":"finished","0043_cleanup_launchpad_bootcamp":"finished","0044_migrate_tab_resource":"finished","0045_add_runtime_entity_settings_table":"finished","0046_migrate_responses_order":"finished","0047_update_api_relation_v2_table_indexes":"finished","0048_add_session_cookie_table":"finished","0049_migrate_data_from_file_to_https":"finished","0050_add_usage_table":"finished","0051_add_collection_usage_table":"finished","0052_add_ecitem_history_table":"finished","0053_add_timestamp_runner_blob":"finished","0054_encrypt_values_of_variable_sessions_table":"finished","0055_encrypt_buffers_of_editor_models_table":"finished","0056_add_local_runner_tables":"started"}]
[18767][1784058728620][requester][info]["Migrations: Updated status in migration context",{"0000_initial":"finished","0001_add_archived_resources_table":"finished","0002_add_variable_sessions_table":"finished","0003_add_editor_tables":"finished","0004_migrate_ws_session_data":"finished","0005_cleanup_request_response_and_history_body":"finished","0006_add_dbp_to_request_response_and_history":"finished","0007_add_sync_client_buckets_by_order_id_table":"finished","0008_migrate_to_sync_client_buckets_by_order_id":"finished","0009_remove_sync_client_buckets_table":"finished","0010_add_history_owner":"finished","0011_add_history_response_table":"finished","0012_add_user_data_table":"finished","0013_sanitize_request_response_and_history_methods":"finished","0014_sanitize_response_requestobject_rawmodedata":"finished","0015_add_favorited_collections_table":"finished","0016_add_permission_table":"finished","0017_add_user_preferences_table":"finished","0018_index_header_presets":"finished","0019_migrate_favorite_collections_data":"finished","0020_migrate_sync_client_revision":"finished","0021_clear_permissions":"finished","0022_add_workspace_header_presets":"finished","0023_remove_collection_permissions_and_shared":"finished","0024_add_console_timelines_table":"finished","0025_add_console_events_table":"finished","0026_index_console_events":"finished","0027_add_console_blob_table":"finished","0028_add_runner_data_table":"finished","0029_add_api_schema_table":"finished","0030_migrate_collection_runs":"finished","0031_add_api_relation_table":"finished","0032_index_workspacesession_editor":"finished","0033_add_editor_data_cache_table":"finished","0034_migrate_editor_data":"finished","0035_remove_editors_table":"finished","0036_add_auth_sessions_table":"finished","0037_add_list_cache_table":"finished","0038_add_cookies_table":"finished","0039_add_runtime_preferences_table":"finished","0040_index_cookies_table":"finished","0041_update_collections_folder_request_response_with_owner_and_uid":"finished","0042_migrate_runtime_user_preferences":"finished","0043_cleanup_launchpad_bootcamp":"finished","0044_migrate_tab_resource":"finished","0045_add_runtime_entity_settings_table":"finished","0046_migrate_responses_order":"finished","0047_update_api_relation_v2_table_indexes":"finished","0048_add_session_cookie_table":"finished","0049_migrate_data_from_file_to_https":"finished","0050_add_usage_table":"finished","0051_add_collection_usage_table":"finished","0052_add_ecitem_history_table":"finished","0053_add_timestamp_runner_blob":"finished","0054_encrypt_values_of_variable_sessions_table":"finished","0055_encrypt_buffers_of_editor_models_table":"finished","0056_add_local_runner_tables":"finished"}]
[18767][1784058728620][requester][info]["Migration: Finished all migrations"]
[18767][1784058728620][requester][info]["WindowController~initialize - Success"]
[18767][1784058728624][requester][info]["Session~boot - Success"]
[18767][1784058728624][requester][info]["IndependentServices~boot - Success"]
[18767][1784058728627][requester][info]["AppModels~boot - Success"]
[18767][1784058728656][requester][info]["CookiesBootHelper~Migration: Completed as there are no cookies to migrate."]
[18767][1784058728663][requester][info]["bootIndependentServicesShared: Success"]
[18767][1784058728663][requester][info]["instrumentSeries ~ Sending metric requester-init-singleton-initializeConfigurationsValues to client envets with value 0.6000000000931323"]
[18767][1784058728663][requester][info]["instrumentSeries ~ Sending metric requester-init-singleton-cleanupRunner to client envets with value 0.2999999998137355"]
[18767][1784058728663][requester][info]["instrumentSeries ~ Sending metric requester-init-singleton-migrateCookiesFromElectron to client envets with value 28.700000000186265"]
[18767][1784058728663][requester][info]["instrumentSeries ~ Sending metric requester-init-singleton-cleanupCookies to client envets with value 4.7999999998137355"]
[18767][1784058728663][requester][info]["instrumentSeries ~ Sending metric requester-init-singleton-clearEditorDataCache to client envets with value 1.2000000001862645"]
[18767][1784058728663][requester][info]["instrumentSeries ~ Sending metric requester-init-singleton-bootIndependentServicesShare to client envets with value 0.19999999972060323"]
[18767][1784058728664][requester][info]["performSingletonJobs: Success"]
[18767][1784058728674][requester][info]["prefetchWorkspaceData~waitForAuthDuringLoginAction - login/signup  detected, checking authentication state"]
[18767][1784058728674][requester][info]["prefetchWorkspaceData~waitForAuthDuringLoginAction - Waiting for authentication to complete"]
[18767][1784058728678][requester][info]["Sync~boot - Success"]
[18767][1784058728681][requester][info]["PostUpdateBackup~init: Success"]
[18767][1784058728683][requester][info]["Shared~boot - Success"]
[18767][1784058728683][requester][info]["IPCAgent~select: IPCAgent selected","63b4002a-edf2-4c2a-ad4f-f3c6e57b4ba5"]
[18767][1784058728691][requester][info]["ExtensibleCollections~boot - Success"]
[18767][1784058728693][requester][info]["DBWatcher~boot - Success"]
[18767][1784058728694][requester][info]["ThemeManager~boot - Success"]
[18767][1784058728695][requester][info]["WorkbenchService~boot - Success"]
[18767][1784058728695][requester][info]["Store~boot - Success"]
[18767][1784058728695][requester][info]["Shortcuts~boot - Success"]
[18767][1784058728698][requester][info]["OfflineAPIClientService~init: started"]
[18767][1784058728698][requester][info]["OfflineAPIClientService~init: settings cache isOfflineAPIClientEnabled",]
[18767][1784058728698][requester][info]["OfflineAPIClientService~init: Boot started"]
[18767][1784058728698][requester][info]["ScratchpadMigrationBootFirmware~bootFirmware : Booting started"]
[18767][1784058728699][requester][info]["bootMigrationFirmware~initializeMigrationFirmware : started"]
[18767][1784058728699][requester][info]["bootMigrationFirmware~getFirmwareWebview : partition string created","persist:a71084b6-b6a4-4130-b69b-bace00f9c046"]
[18767][1784058728699][requester][info]["bootMigrationFirmware~getFirmwareWebview : webview created"]
[18767][1784058728702][requester][info]["bootMigrationFirmware~getLocalStorageAdapter : getting local storage adapter"]
[18767][1784058728710][requester][info]["LocalSecretProtection~setupReactionsForLocalMode: MobX reaction set up for local mode workspace changes",{"context":{"api":"LocalSecretProtection","domain":"secret-scanner"}}]
[18767][1784058728896][requester][info]["bootMigrationFirmware~bootstrapORM : webview dom-ready"]
[18767][1784058728897][requester][info]["bootMigrationFirmware~bootstrapORM : started"]
[18767][1784058728901][requester][error]["bootMigrationFirmware~bootstrapORM - Failed",{"name":"Error","message":"Datastore `remote-indexeddb` is already registered.","stack":"Error: Datastore `remote-indexeddb` is already registered.\n    at Object.registerDatastore (https://desktop.postman.com/_ar-assets/requester-desktop-c288a8306b060b93.min.js:2682:6647)\n    at https://desktop.postman.com/_ar-assets/vendors-ae92161a2d57540e.min.js:1228:356223\n    at https://desktop.postman.com/_ar-assets/vendors-ae92161a2d57540e.min.js:1228:314363\n    at e_ (https://desktop.postman.com/_ar-assets/vendors-ae92161a2d57540e.min.js:1228:305473)\n    at eE (https://desktop.postman.com/_ar-assets/vendors-ae92161a2d57540e.min.js:1228:305538)\n    at Object.tV (https://desktop.postman.com/_ar-assets/vendors-ae92161a2d57540e.min.js:1228:314390)\n    at y.initialize (https://desktop.postman.com/_ar-assets/vendors-ae92161a2d57540e.min.js:1228:355027)\n    at t.exports.start (https://desktop.postman.com/_ar-assets/vendors-ae92161a2d57540e.min.js:1228:359141)\n    at WebViewElement.<anonymous> (https://desktop.postman.com/_ar-assets/requester-desktop-c288a8306b060b93.min.js:2616:148543)\n    at WebViewElement.o (https://desktop.postman.com/_ar-assets/vendors-ae92161a2d57540e.min.js:1205:145674)\n    at WebViewElement.nrWrapper (https://desktop.postman.com/?desktopVersion=12.19.0&userId=44573074&teamId=7607761&region=us:6:17817)\n    at WebViewImpl.dispatchEvent (node:electron/js2c/renderer_init:2:26768)\n    at IpcRendererInternal.<anonymous> (node:electron/js2c/renderer_init:2:17569)\n    at IpcRendererInternal.emit (node:events:519:28)\n    at Object.onMessage (node:electron/js2c/renderer_init:2:10679)"}]
[18767][1784058728901][requester][error]["bootMigrationFirmware~webview(dom-ready callback) - Failed",{"name":"Error","message":"Datastore `remote-indexeddb` is already registered.","stack":"Error: Datastore `remote-indexeddb` is already registered.\n    at Object.registerDatastore (https://desktop.postman.com/_ar-assets/requester-desktop-c288a8306b060b93.min.js:2682:6647)\n    at https://desktop.postman.com/_ar-assets/vendors-ae92161a2d57540e.min.js:1228:356223\n    at https://desktop.postman.com/_ar-assets/vendors-ae92161a2d57540e.min.js:1228:314363\n    at e_ (https://desktop.postman.com/_ar-assets/vendors-ae92161a2d57540e.min.js:1228:305473)\n    at eE (https://desktop.postman.com/_ar-assets/vendors-ae92161a2d57540e.min.js:1228:305538)\n    at Object.tV (https://desktop.postman.com/_ar-assets/vendors-ae92161a2d57540e.min.js:1228:314390)\n    at y.initialize (https://desktop.postman.com/_ar-assets/vendors-ae92161a2d57540e.min.js:1228:355027)\n    at t.exports.start (https://desktop.postman.com/_ar-assets/vendors-ae92161a2d57540e.min.js:1228:359141)\n    at WebViewElement.<anonymous> (https://desktop.postman.com/_ar-assets/requester-desktop-c288a8306b060b93.min.js:2616:148543)\n    at WebViewElement.o (https://desktop.postman.com/_ar-assets/vendors-ae92161a2d57540e.min.js:1205:145674)\n    at WebViewElement.nrWrapper (https://desktop.postman.com/?desktopVersion=12.19.0&userId=44573074&teamId=7607761&region=us:6:17817)\n    at WebViewImpl.dispatchEvent (node:electron/js2c/renderer_init:2:26768)\n    at IpcRendererInternal.<anonymous> (node:electron/js2c/renderer_init:2:17569)\n    at IpcRendererInternal.emit (node:events:519:28)\n    at Object.onMessage (node:electron/js2c/renderer_init:2:10679)"}]
[18767][1784058728902][requester][error]["OfflineAPIClientService~init: errored",{"name":"Error","message":"Datastore `remote-indexeddb` is already registered.","stack":"Error: Datastore `remote-indexeddb` is already registered.\n    at Object.registerDatastore (https://desktop.postman.com/_ar-assets/requester-desktop-c288a8306b060b93.min.js:2682:6647)\n    at https://desktop.postman.com/_ar-assets/vendors-ae92161a2d57540e.min.js:1228:356223\n    at https://desktop.postman.com/_ar-assets/vendors-ae92161a2d57540e.min.js:1228:314363\n    at e_ (https://desktop.postman.com/_ar-assets/vendors-ae92161a2d57540e.min.js:1228:305473)\n    at eE (https://desktop.postman.com/_ar-assets/vendors-ae92161a2d57540e.min.js:1228:305538)\n    at Object.tV (https://desktop.postman.com/_ar-assets/vendors-ae92161a2d57540e.min.js:1228:314390)\n    at y.initialize (https://desktop.postman.com/_ar-assets/vendors-ae92161a2d57540e.min.js:1228:355027)\n    at t.exports.start (https://desktop.postman.com/_ar-assets/vendors-ae92161a2d57540e.min.js:1228:359141)\n    at WebViewElement.<anonymous> (https://desktop.postman.com/_ar-assets/requester-desktop-c288a8306b060b93.min.js:2616:148543)\n    at WebViewElement.o (https://desktop.postman.com/_ar-assets/vendors-ae92161a2d57540e.min.js:1205:145674)\n    at WebViewElement.nrWrapper (https://desktop.postman.com/?desktopVersion=12.19.0&userId=44573074&teamId=7607761&region=us:6:17817)\n    at WebViewImpl.dispatchEvent (node:electron/js2c/renderer_init:2:26768)\n    at IpcRendererInternal.<anonymous> (node:electron/js2c/renderer_init:2:17569)\n    at IpcRendererInternal.emit (node:events:519:28)\n    at Object.onMessage (node:electron/js2c/renderer_init:2:10679)"},{"context":{"api":"OfflineAPIClientService","domain":"runtime"}}]
[18767][1784058728902][requester][info]["initializePostV8UpdateCheck: Success"]
[18767][1784058728911][requester][info]["Requester~boot - Success"]
[18767][1784058728913][requester][info]["SharedRuntimeListeners~boot - Success"]
[18767][1784058728914][requester][info]["[AvailabilityManager] Registered panel \"collection\""]
[18767][1784058728915][requester][info]["[AvailabilityManager] Registered panel \"environment\""]
[18767][1784058728915][requester][info]["[AvailabilityManager] Registered panel \"documents\""]
[18767][1784058728915][requester][info]["[AvailabilityManager] Registered panel \"api-builder\""]
[18767][1784058728915][requester][info]["[AvailabilityManager] Registered panel \"specifications\""]
[18767][1784058728915][requester][info]["[AvailabilityManager] Registered panel \"sdks\""]
[18767][1784058728915][requester][info]["[AvailabilityManager] Registered panel \"local-mock\""]
[18767][1784058728915][requester][info]["[AvailabilityManager] Registered panel \"dataset\""]
[18767][1784058728915][requester][info]["[AvailabilityManager] Registered panel \"toolsets-local\""]
[18767][1784058728915][requester][info]["[AvailabilityManager] Registered panel \"flows\""]
[18767][1784058728915][requester][info]["[AvailabilityManager] Registered panel \"mock\""]
[18767][1784058728915][requester][info]["[AvailabilityManager] Registered panel \"monitor\""]
[18767][1784058728915][requester][info]["[AvailabilityManager] Registered panel \"webhooks\""]
[18767][1784058728915][requester][info]["[AvailabilityManager] Registered panel \"insights\""]
[18767][1784058728915][requester][info]["[AvailabilityManager] Registered panel \"deployed-flows\""]
[18767][1784058728916][requester][info]["[AvailabilityManager] Registered panel \"github-sdks-classic\""]
[18767][1784058728916][requester][info]["[AvailabilityManager] Registered panel \"mcp-servers\""]
[18767][1784058728916][requester][info]["[AvailabilityManager] Registered panel \"workspace-sync\""]
[18767][1784058728916][requester][info]["[AvailabilityManager] Registered panel \"workspace-diff-sidebar\""]
[18767][1784058728916][requester][info]["[AvailabilityManager] Registered panel \"history\""]
[18767][1784058728916][requester][info]["[AvailabilityManager] Registered panel \"files\""]
[18767][1784058728916][requester][info]["[AvailabilityManager] Registered panel \"governance-rulesets\""]
[18767][1784058728916][requester][info]["[AvailabilityManager] Registered panel \"governance-custom-functions\""]
[18767][1784058728916][requester][info]["[AvailabilityManager] Registered panel \"governance-workspace-groups\""]
[18767][1784058728916][requester][info]["[AvailabilityManager] Registered panel \"console\""]
[18767][1784058728916][requester][info]["[AvailabilityManager] Registered panel \"terminal\""]
[18767][1784058728916][requester][info]["[AvailabilityManager] Registered panel \"findReplace\""]
[18767][1784058728916][requester][info]["[AvailabilityManager] Registered panel \"diagnostics\""]
[18767][1784058728916][requester][info]["[AvailabilityManager] Registered panel group \"internal-dev-services\""]
[18767][1784058728916][requester][info]["[AvailabilityManager] Registered panel group \"cloud-services\""]
[18767][1784058728917][requester][info]["[AvailabilityManager] Registered panel group \"file-system\""]
[18767][1784058728917][requester][info]["[AvailabilityManager] Registered panel group \"terminal\""]
[18767][1784058728917][requester][info]["[AvailabilityManager] Registered panel group \"findReplace\""]
[18767][1784058728917][requester][info]["[AvailabilityManager] Registered panel group \"diagnostics\""]
[18767][1784058728918][requester][info]["[ManifestService] Registered 10 panel groups, 28 panels, and 0 panel templates"]
[18767][1784058728918][requester][info]["[ManifestService] AvailabilityManager initializing"]
[18767][1784058728918][requester][info]["[AvailabilityManager] Initializing..."]
[18767][1784058728919][requester][info]["[ManifestService] AvailabilityManager initialized"]
[18767][1784058728919][requester][info]["[ManifestService] Initialization complete"]
[18767][1784058728921][requester][info]["booted - requester"]
[18767][1784058728925][requester][info]["SyncManagerNew~setSync",true]
[18767][1784058728925][requester][info]["SyncManagerNew~signIn",{"forceConnect":true}]
[18767][1784058728962][requester][info]["[DockService] removePanelFromState: \"workspace-diff-sidebar\" from group \"history-modifications\""]
[18767][1784058728963][requester][info]["SyncManagerNew~createSocket",{"forceConnect":true}]
[18767][1784058728963][requester][info]["SyncManagerNew~createSocket - socket url","https://bifrost-v4-global.gw.postman.com"]
[18767][1784058728963][requester][info]["SyncManagerNew~createSocket","sailsIO.connect",{"url":"https://bifrost-v4-global.gw.postman.com","opts":{"reconnectionDelay":10000,"reconnectionDelayMax":60000,"reconnectionAttempts":8,"randomizationFactor":0.3}}]
[18767][1784058728963][requester][info]["SyncManagerNew~createSocket - userContext: ",{"os":"linux 7.1.3-2-cachyos","type":"app_native","version":"12.19.0-ui-260713-0423","productVersion":"12.19.0"}]
[18767][1784058728975][requester][info]["CloudProxyHandler: Proxy configuration has not been setup"]
[18767][1784058729009][requester][error]["ClientSecretScannerService~constructor: Failed to fetch regex patterns",{"name":"Error","message":"HTTP 403: Request failed","stack":"Error: HTTP 403: Request failed\n    at n.fetchRegexPatterns (https://desktop.postman.com/_ar-assets/requester-desktop-c288a8306b060b93.min.js:221:6673)"},{"context":{"api":"ClientSecretScannerService","domain":"product-trust"}}]
[18767][1784058729013][requester][error]["SidebarSettingsController~hydrateFromService","Access to this resource is forbidden for this user"]
[18767][1784058729018][requester][info]["instrumentSeries ~ Sending metric requester-init-series-getLaunchParams to client envets with value 5.800000000279397"]
[18767][1784058729018][requester][info]["instrumentSeries ~ Sending metric requester-init-series-windowConfig to client envets with value 0"]
[18767][1784058729018][requester][info]["instrumentSeries ~ Sending metric requester-init-series-Logger to client envets with value 2.2000000001862645"]
[18767][1784058729018][requester][info]["instrumentSeries ~ Sending metric requester-init-series-initializeNavigation to client envets with value 2"]
[18767][1784058729018][requester][info]["instrumentSeries ~ Sending metric requester-init-series-initializeNavigationForDomains to client envets with value 1.5"]
[18767][1784058729018][requester][info]["instrumentSeries ~ Sending metric requester-init-series-Messaging to client envets with value 1.6999999997206032"]
[18767][1784058729018][requester][info]["instrumentSeries ~ Sending metric requester-init-series-CrashReporter to client envets with value 11.100000000093132"]
[18767][1784058729019][requester][info]["instrumentSeries ~ Sending metric requester-init-series-Telemetry to client envets with value 0.7000000001862645"]
[18767][1784058729019][requester][info]["instrumentSeries ~ Sending metric requester-init-series-registerServiceWorkerListeners to client envets with value 0"]
[18767][1784058729019][requester][info]["instrumentSeries ~ Sending metric requester-init-series-initializeConfigurations to client envets with value 0.6999999997206032"]
[18767][1784058729019][requester][info]["instrumentSeries ~ Sending metric requester-init-series-migrateLocalStorage to client envets with value 314"]
[18767][1784058729019][requester][info]["instrumentSeries ~ Sending metric requester-init-series-Settings to client envets with value 5.7000000001862645"]
[18767][1784058729019][requester][info]["instrumentSeries ~ Sending metric requester-init-series-initializeDB to client envets with value 152.5"]
[18767][1784058729019][requester][info]["instrumentSeries ~ Sending metric requester-init-series-WLModels to client envets with value 0.10000000009313226"]
[18767][1784058729019][requester][info]["instrumentSeries ~ Sending metric requester-init-series-bootWindowConfig to client envets with value 3.2999999998137355"]
[18767][1784058729019][requester][info]["instrumentSeries ~ Sending metric requester-init-series-IndependentServices to client envets with value 0.7000000001862645"]
[18767][1784058729019][requester][info]["instrumentSeries ~ Sending metric requester-init-series-initAppBadgeAnalytics to client envets with value 0.09999999962747097"]
[18767][1784058729019][requester][info]["instrumentSeries ~ Sending metric requester-init-series-AppModels to client envets with value 2.5"]
[18767][1784058729019][requester][info]["instrumentSeries ~ Sending metric requester-init-series-performSingletonSteps to client envets with value 36.60000000009313"]
[18767][1784058729019][requester][info]["instrumentSeries ~ Sending metric requester-init-series-CurrentUserDetailsService to client envets with value 2.1000000000931323"]
[18767][1784058729019][requester][info]["instrumentSeries ~ Sending metric requester-init-series-i18nService to client envets with value 2.2999999998137355"]
[18767][1784058729019][requester][info]["instrumentSeries ~ Sending metric requester-init-series-checkVersionLock to client envets with value 0.10000000009313226"]
[18767][1784058729019][requester][info]["instrumentSeries ~ Sending metric requester-init-series-prefetchWorkspaceData to client envets with value 6.2000000001862645"]
[18767][1784058729019][requester][info]["instrumentSeries ~ Sending metric requester-init-series-Shared to client envets with value 8.5"]
[18767][1784058729019][requester][info]["instrumentSeries ~ Sending metric requester-init-series-RuntimeInterface to client envets with value 1"]
[18767][1784058729019][requester][info]["instrumentSeries ~ Sending metric requester-init-series-bootExtensibleCollections to client envets with value 7.399999999906868"]
[18767][1784058729019][requester][info]["instrumentSeries ~ Sending metric requester-init-series-bootManifest to client envets with value 1.6999999997206032"]
[18767][1784058729019][requester][info]["instrumentSeries ~ Sending metric requester-init-series-initializeCommunicationForCookies to client envets with value 0.20000000018626451"]
[18767][1784058729019][requester][info]["instrumentSeries ~ Sending metric requester-init-series-setupVersionLockListener to client envets with value 0.10000000009313226"]
[18767][1784058729019][requester][info]["instrumentSeries ~ Sending metric requester-init-series-setupProductUpdatesListener to client envets with value 0"]
[18767][1784058729019][requester][info]["instrumentSeries ~ Sending metric requester-init-series-bootDBWatcher to client envets with value 0.19999999972060323"]
[18767][1784058729019][requester][info]["instrumentSeries ~ Sending metric requester-init-series-bootThemeManager to client envets with value 0.6000000000931323"]
[18767][1784058729019][requester][info]["instrumentSeries ~ Sending metric requester-init-series-bootWorkbenchService to client envets with value 1.1000000000931323"]
[18767][1784058729019][requester][info]["instrumentSeries ~ Sending metric requester-init-series-Requester to client envets with value 216"]
[18767][1784058729019][requester][info]["instrumentSeries ~ Sending metric requester-init-series-bootRuntimeListeners to client envets with value 2.1999999997206032"]
[18767][1784058729019][requester][info]["instrumentSeries ~ Sending metric requester-init-series-PlanFeaturesInterface to client envets with value 0.7000000001862645"]
[18767][1784058729020][requester][info]["instrumentSeries ~ Sending metric requester-init-series-ManifestService to client envets with value 6.100000000093132"]
[18767][1784058729070][requester][error]["PlanFeatureStore~fetchPlanFeatures",{"name":"Error","message":"Cannot parse the response as json","stack":"Error: Cannot parse the response as json\n    at e.request (https://desktop.postman.com/_ar-assets/requester-desktop-c288a8306b060b93.min.js:3810:37054)"},{"context":{"api":"PlanFeaturesStore","domain":"billing"}}]
[18767][1784058729407][requester][info]["IPCAgent~select: IPCAgent selected","a5b4fe5e-faeb-4806-9072-bd0b262e3bd3"]
[18767][1784058729407][requester][info]["IPCAgentNew~select: IPCAgentNew selected","a5b4fe5e-faeb-4806-9072-bd0b262e3bd3"]
[18767][1784058729408][requester][info]["[DockManager] setAvailability: panel \"insights\" → true"]
[18767][1784058729408][requester][info]["[RegistryService] setAvailability: panel \"insights\" → true"]
[18767][1784058729408][requester][warn]["[DockService] addPanelToState: Unknown group \"cloud-services\" for panel \"insights\""]
[18767][1784058729408][requester][info]["[DockManager] setAvailability: panel \"flows\" → true"]
[18767][1784058729408][requester][info]["[RegistryService] setAvailability: panel \"flows\" → true"]
[18767][1784058729408][requester][warn]["[DockService] addPanelToState: Unknown group \"internal-dev-services\" for panel \"flows\""]
[18767][1784058729408][requester][info]["[DockManager] setAvailability: panel \"deployed-flows\" → true"]
[18767][1784058729408][requester][info]["[RegistryService] setAvailability: panel \"deployed-flows\" → true"]
[18767][1784058729408][requester][warn]["[DockService] addPanelToState: Unknown group \"cloud-services\" for panel \"deployed-flows\""]
[18767][1784058729409][requester][info]["ConnectionModeStore~_isFirstLoad",true]
[18767][1784058729490][requester][error]["Failed to get settings",{"name":"TypeError","message":"Failed to fetch","stack":"TypeError: Failed to fetch\n    at e.<computed> (https://desktop.postman.com/?desktopVersion=12.19.0&userId=44573074&teamId=7607761&region=us:6:19563)\n    at https://desktop.postman.com/_ar-assets/vendors-ae92161a2d57540e.min.js:1221:429\n    at e.request (https://desktop.postman.com/_ar-assets/requester-desktop-c288a8306b060b93.min.js:3810:36770)\n    at o (https://desktop.postman.com/_ar-assets/requester-desktop-c288a8306b060b93.min.js:1:22518)\n    at d (https://desktop.postman.com/_ar-assets/requester-desktop-c288a8306b060b93.min.js:1:27334)\n    at async c (https://desktop.postman.com/_ar-assets/requester-desktop-c288a8306b060b93.min.js:1:27542)\n    at async c.loadSettings (https://desktop.postman.com/_ar-assets/requester-desktop-c288a8306b060b93.min.js:1:24243)\n    at async a (https://desktop.postman.com/_ar-assets/requester-desktop-c288a8306b060b93.min.js:1:15084)"},{"context":{"api":"AgentV2Settings","domain":"Postbot"}}]
[18767][1784058729735][requester][info]["DesktopLocationService ~ init initialized"]
[18767][1784058729736][requester][info]["NavigationService ~ Initialized: Success"]
[18767][1784058729736][requester][info]["initializeNavigation~boot - Success"]
[18767][1784058729737][requester][error]["NavigationService~register- A route already registered for this intent. Duplicate routes not supported."]
[18767][1784058729738][requester][info]["EventBus~initialize - Success"]
[18767][1784058729738][requester][info]["Messaging~boot - Success"]
[18767][1784058729801][requester][info]["bootCrashReporter~ Success"]
[18767][1784058729801][requester][info]["Telemetry~boot - Success"]
[18767][1784058729802][requester][info]["bootConfigurations~initialize - Success"]
[18767][1784058729802][requester][info]["migrateLocalStorage: Bailing out"]
[18767][1784058729803][requester][info]["Settings~boot - Success"]
[18767][1784058729803][requester][info]["Migrations: all migrations finished and no version downgrade detected. Skipping migrations."]
[18767][1784058729804][requester][info]["WindowController~initialize - Success"]
[18767][1784058729830][requester][info]["Session~boot - Success"]
[18767][1784058729831][requester][info]["IndependentServices~boot - Success"]
[18767][1784058729833][requester][info]["AppModels~boot - Success"]
[18767][1784058729834][requester][info]["CookiesBootHelper~Migration: Bailing out, no migrations to apply."]
[18767][1784058729844][requester][info]["bootIndependentServicesShared: Success"]
[18767][1784058729844][requester][info]["instrumentSeries ~ Sending metric requester-init-singleton-initializeConfigurationsValues to client envets with value 0.7000000001862645"]
[18767][1784058729844][requester][info]["instrumentSeries ~ Sending metric requester-init-singleton-cleanupRunner to client envets with value 0.19999999972060323"]
[18767][1784058729844][requester][info]["instrumentSeries ~ Sending metric requester-init-singleton-migrateCookiesFromElectron to client envets with value 0.10000000009313226"]
[18767][1784058729845][requester][info]["instrumentSeries ~ Sending metric requester-init-singleton-cleanupCookies to client envets with value 7.800000000279397"]
[18767][1784058729845][requester][info]["instrumentSeries ~ Sending metric requester-init-singleton-clearEditorDataCache to client envets with value 1.1999999997206032"]
[18767][1784058729845][requester][info]["instrumentSeries ~ Sending metric requester-init-singleton-bootIndependentServicesShare to client envets with value 0.20000000018626451"]
[18767][1784058729845][requester][info]["performSingletonJobs: Success"]
[18767][1784058729849][requester][info]["checkVersionLock: Starting version lock check"]
[18767][1784058730052][requester][info]["performVersionLockCheck: Current version is valid for the user"]
[18767][1784058730052][requester][info]["checkVersionLock: Version lock check passed"]
[18767][1784058730060][requester][info]["prefetchWorkspaceData~waitForAuthDuringLoginAction - login/signup  detected, checking authentication state"]
[18767][1784058730060][requester][info]["prefetchWorkspaceData~waitForAuthDuringLoginAction - Authentication already available, proceeding"]
[18767][1784058730064][requester][info]["SyncManagerNew~setSync",true]
[18767][1784058730064][requester][info]["SyncManagerNew~signIn",{"forceConnect":true}]
[18767][1784058730065][requester][info]["Sync~boot - Success"]
[18767][1784058730066][requester][info]["SyncManagerNew~createSocket",{"forceConnect":true}]
[18767][1784058730066][requester][info]["SyncManagerNew~createSocket - socket url","https://bifrost-v4-global.gw.postman.com"]
[18767][1784058730067][requester][info]["SyncManagerNew~createSocket","sailsIO.connect",{"url":"https://bifrost-v4-global.gw.postman.com","opts":{"reconnectionDelay":10000,"reconnectionDelayMax":60000,"reconnectionAttempts":8,"randomizationFactor":0.3}}]
[18767][1784058730067][requester][info]["SyncManagerNew~createSocket - userContext: ",{"userId":"44573074","os":"linux 7.1.3-2-cachyos","type":"app_native","version":"12.19.0-ui-260713-0423","productVersion":"12.19.0"}]
[18767][1784058730074][requester][info]["PostUpdateBackup~init: Success"]
[18767][1784058730076][requester][info]["Shared~boot - Success"]
[18767][1784058730076][requester][info]["IPCAgent~select: IPCAgent selected","7aba5a78-92ee-490a-ad25-51202698bd2a"]
[18767][1784058730082][requester][info]["ExtensibleCollections~boot - Success"]
[18767][1784058730083][requester][info]["DBWatcher~boot - Success"]
[18767][1784058730083][requester][info]["ThemeManager~boot - Success"]
[18767][1784058730084][requester][info]["WorkbenchService~boot - Success"]
[18767][1784058730084][requester][info]["Store~boot - Success"]
[18767][1784058730084][requester][info]["Shortcuts~boot - Success"]
[18767][1784058730087][requester][info]["OfflineAPIClientService~init: started"]
[18767][1784058730087][requester][info]["OfflineAPIClientService~init: settings cache isOfflineAPIClientEnabled",]
[18767][1784058730087][requester][info]["OfflineAPIClientService~init: Boot started"]
[18767][1784058730087][requester][info]["ScratchpadMigrationBootFirmware~bootFirmware : Booting started"]
[18767][1784058730087][requester][info]["bootMigrationFirmware~initializeMigrationFirmware : started"]
[18767][1784058730087][requester][info]["bootMigrationFirmware~getFirmwareWebview : partition string created","persist:a71084b6-b6a4-4130-b69b-bace00f9c046"]
[18767][1784058730087][requester][info]["bootMigrationFirmware~getFirmwareWebview : webview created"]
[18767][1784058730090][requester][info]["bootMigrationFirmware~getLocalStorageAdapter : getting local storage adapter"]
[18767][1784058730094][requester][info]["LocalSecretProtection~setupReactionsForLocalMode: MobX reaction set up for local mode workspace changes",{"context":{"api":"LocalSecretProtection","domain":"secret-scanner"}}]
[18767][1784058730272][requester][info]["bootMigrationFirmware~bootstrapORM : webview dom-ready"]
[18767][1784058730273][requester][info]["bootMigrationFirmware~bootstrapORM : started"]
[18767][1784058730280][requester][info]["bootMigrationFirmware~bootstrapORM- Success"]
[18767][1784058730282][requester][info]["OfflineAPIClientService~init: Boot done isOfflineAPIClientEnabled",]
[18767][1784058730282][requester][info]["initializePostV8UpdateCheck: Success"]
[18767][1784058730287][requester][info]["Requester~boot - Success"]
[18767][1784058730289][requester][info]["SharedRuntimeListeners~boot - Success"]
[18767][1784058730290][requester][info]["[AvailabilityManager] Registered panel \"collection\""]
[18767][1784058730290][requester][info]["[AvailabilityManager] Registered panel \"environment\""]
[18767][1784058730290][requester][info]["[AvailabilityManager] Registered panel \"documents\""]
[18767][1784058730290][requester][info]["[AvailabilityManager] Registered panel \"api-builder\""]
[18767][1784058730290][requester][info]["[AvailabilityManager] Registered panel \"specifications\""]
[18767][1784058730290][requester][info]["[AvailabilityManager] Registered panel \"sdks\""]
[18767][1784058730290][requester][info]["[AvailabilityManager] Registered panel \"local-mock\""]
[18767][1784058730290][requester][info]["[AvailabilityManager] Registered panel \"dataset\""]
[18767][1784058730290][requester][info]["[AvailabilityManager] Registered panel \"toolsets-local\""]
[18767][1784058730290][requester][info]["[AvailabilityManager] Registered panel \"flows\""]
[18767][1784058730290][requester][info]["[AvailabilityManager] Registered panel \"mock\""]
[18767][1784058730290][requester][info]["[AvailabilityManager] Registered panel \"monitor\""]
[18767][1784058730290][requester][info]["[AvailabilityManager] Registered panel \"webhooks\""]
[18767][1784058730290][requester][info]["[AvailabilityManager] Registered panel \"insights\""]
[18767][1784058730291][requester][info]["[AvailabilityManager] Registered panel \"deployed-flows\""]
[18767][1784058730291][requester][info]["[AvailabilityManager] Registered panel \"github-sdks-classic\""]
[18767][1784058730291][requester][info]["[AvailabilityManager] Registered panel \"mcp-servers\""]
[18767][1784058730291][requester][info]["[AvailabilityManager] Registered panel \"workspace-sync\""]
[18767][1784058730291][requester][info]["[AvailabilityManager] Registered panel \"workspace-diff-sidebar\""]
[18767][1784058730291][requester][info]["[AvailabilityManager] Registered panel \"history\""]
[18767][1784058730291][requester][info]["[AvailabilityManager] Registered panel \"files\""]
[18767][1784058730291][requester][info]["[AvailabilityManager] Registered panel \"governance-rulesets\""]
[18767][1784058730291][requester][info]["[AvailabilityManager] Registered panel \"governance-custom-functions\""]
[18767][1784058730291][requester][info]["[AvailabilityManager] Registered panel \"governance-workspace-groups\""]
[18767][1784058730291][requester][info]["[AvailabilityManager] Registered panel \"console\""]
[18767][1784058730291][requester][info]["[AvailabilityManager] Registered panel \"terminal\""]
[18767][1784058730291][requester][info]["[AvailabilityManager] Registered panel \"findReplace\""]
[18767][1784058730291][requester][info]["[AvailabilityManager] Registered panel \"diagnostics\""]
[18767][1784058730291][requester][info]["[AvailabilityManager] Registered panel group \"internal-dev-services\""]
[18767][1784058730291][requester][info]["[AvailabilityManager] Registered panel group \"cloud-services\""]
[18767][1784058730292][requester][info]["[AvailabilityManager] Registered panel group \"file-system\""]
[18767][1784058730292][requester][info]["[AvailabilityManager] Registered panel group \"terminal\""]
[18767][1784058730292][requester][info]["[AvailabilityManager] Registered panel group \"findReplace\""]
[18767][1784058730292][requester][info]["[AvailabilityManager] Registered panel group \"diagnostics\""]
[18767][1784058730293][requester][info]["[ManifestService] Registered 10 panel groups, 28 panels, and 0 panel templates"]
[18767][1784058730293][requester][info]["[ManifestService] AvailabilityManager initializing"]
[18767][1784058730293][requester][info]["[AvailabilityManager] Initializing..."]
[18767][1784058730294][requester][info]["[ManifestService] AvailabilityManager initialized"]
[18767][1784058730294][requester][info]["[ManifestService] Initialization complete"]
[18767][1784058730295][requester][info]["booted - requester"]
[18767][1784058730313][requester][info]["[DockService] removePanelFromState: \"workspace-diff-sidebar\" from group \"history-modifications\""]
[18767][1784058730315][requester][info]["[DockManager] setAvailability: panel \"collection\" → true"]
[18767][1784058730315][requester][info]["[RegistryService] setAvailability: panel \"collection\" → true"]
[18767][1784058730315][requester][warn]["[DockService] addPanelToState: Unknown group \"internal-dev-services\" for panel \"collection\""]
[18767][1784058730316][requester][info]["[DockManager] setAvailability: panel \"documents\" → false"]
[18767][1784058730316][requester][info]["[RegistryService] setAvailability: panel \"documents\" → false"]
[18767][1784058730316][requester][info]["[DockManager] setAvailability: panel \"api-builder\" → true"]
[18767][1784058730316][requester][info]["[RegistryService] setAvailability: panel \"api-builder\" → true"]
[18767][1784058730316][requester][warn]["[DockService] addPanelToState: Unknown group \"internal-dev-services\" for panel \"api-builder\""]
[18767][1784058730316][requester][info]["[DockManager] setAvailability: panel \"local-mock\" → false"]
[18767][1784058730316][requester][info]["[RegistryService] setAvailability: panel \"local-mock\" → false"]
[18767][1784058730316][requester][info]["[DockManager] setAvailability: panel \"toolsets-local\" → false"]
[18767][1784058730316][requester][info]["[RegistryService] setAvailability: panel \"toolsets-local\" → false"]
[18767][1784058730316][requester][info]["[DockManager] setAvailability: panel \"mock\" → true"]
[18767][1784058730316][requester][info]["[RegistryService] setAvailability: panel \"mock\" → true"]
[18767][1784058730316][requester][warn]["[DockService] addPanelToState: Unknown group \"cloud-services\" for panel \"mock\""]
[18767][1784058730316][requester][info]["[DockManager] setAvailability: panel \"webhooks\" → false"]
[18767][1784058730316][requester][info]["[RegistryService] setAvailability: panel \"webhooks\" → false"]
[18767][1784058730316][requester][info]["[DockManager] setAvailability: panel \"mcp-servers\" → false"]
[18767][1784058730316][requester][info]["[RegistryService] setAvailability: panel \"mcp-servers\" → false"]
[18767][1784058730316][requester][info]["[DockManager] setAvailability: panelGroup \"terminal\" → true"]
[18767][1784058730316][requester][info]["[RegistryService] setAvailability: panelGroup \"terminal\" → true"]
[18767][1784058730316][requester][info]["[DockService] addPanelGroupToState: \"terminal\""]
[18767][1784058730317][requester][info]["[DockManager] setAvailability: panelGroup \"findReplace\" → true"]
[18767][1784058730317][requester][info]["[RegistryService] setAvailability: panelGroup \"findReplace\" → true"]
[18767][1784058730317][requester][info]["[DockService] addPanelGroupToState: \"findReplace\""]
[18767][1784058730317][requester][info]["[DockManager] setAvailability: panelGroup \"diagnostics\" → false"]
[18767][1784058730317][requester][info]["[RegistryService] setAvailability: panelGroup \"diagnostics\" → false"]
[18767][1784058730317][requester][warn]["[DockManager] disablePanelGroup: Group not found in state",{"panelGroupId":"diagnostics"}]
[18767][1784058730333][requester][info]["CloudProxyHandler: Proxy configuration has not been setup"]
[18767][1784058730568][requester][info]["TabUIStore~requestingSaveTabId : savingTabId",]
[18767][1784058730599][requester][info]["SessionValidation - Registering listener"]
[18767][1784058730600][requester][info]["SyncManagerNew~_onConnect"]
[18767][1784058730610][requester][info]["SyncManagerNew~signIn",{}]
[18767][1784058730610][requester][info]["setupVersionLockListener: Attached listener for version lock check events"]
[18767][1784058730613][requester][info]["SyncTimelineHelper: Force stopping all timelines"]
[18767][1784058730623][requester][info]["[DockManager] setAvailability: panel \"sdks\" → false"]
[18767][1784058730623][requester][info]["[RegistryService] setAvailability: panel \"sdks\" → false"]
[18767][1784058730623][requester][info]["[DockManager] setAvailability: panel \"dataset\" → false"]
[18767][1784058730623][requester][info]["[RegistryService] setAvailability: panel \"dataset\" → false"]
[18767][1784058730624][requester][info]["[DockManager] setAvailability: panel \"github-sdks-classic\" → false"]
[18767][1784058730624][requester][info]["[RegistryService] setAvailability: panel \"github-sdks-classic\" → false"]
[18767][1784058730630][requester][info]["UI pulled the session locked information on init"]
[18767][1784058730635][requester][info]["[DockManager] setAvailability: panel \"workspace-sync\" → false"]
[18767][1784058730635][requester][info]["[RegistryService] setAvailability: panel \"workspace-sync\" → false"]
[18767][1784058730635][requester][info]["[DockService] removePanelFromState: \"workspace-sync\" from group \"history-modifications\""]
[18767][1784058730652][requester][info]["BaseSyncTimeline~subscribe: Subscribing to real time changes for user:44573074"]
[18767][1784058730652][requester][info]["BaseSyncTimeline~_sync: Starting sync for user:44573074"]
[18767][1784058730652][requester][info]["BaseSyncTimeline~getPendingClientChanges: Starting to get pending changes for user:44573074"]
[18767][1784058730653][requester][info]["BaseSyncTimeline~getPendingClientChanges: Finished to get pending changes for user:44573074"]
[18767][1784058730654][requester][info]["BaseSyncTimeline~getPendingServerChanges: Starting /sync call for user:44573074"]
[18767][1784058730752][requester][info]["TabUIStore~requestingSaveTabId : savingTabId",]
[18767][1784058730753][requester][info]["[DockManager] setAvailability: panelGroup \"internal-dev-services\" → true"]
[18767][1784058730753][requester][info]["[RegistryService] setAvailability: panelGroup \"internal-dev-services\" → true"]
[18767][1784058730753][requester][info]["[DockService] addPanelGroupToState: \"internal-dev-services\""]
[18767][1784058730753][requester][info]["[DockManager] setAvailability: panelGroup \"cloud-services\" → true"]
[18767][1784058730753][requester][info]["[RegistryService] setAvailability: panelGroup \"cloud-services\" → true"]
[18767][1784058730753][requester][info]["[DockService] addPanelGroupToState: \"cloud-services\""]
[18767][1784058730760][requester][info]["[DockManager] reinitialize: Starting"]
[18767][1784058730761][requester][info]["[DockManager] setAvailability: panelGroup \"internal-dev-services\" → true"]
[18767][1784058730761][requester][info]["[RegistryService] setAvailability: panelGroup \"internal-dev-services\" → true"]
[18767][1784058730761][requester][info]["[DockService] addPanelGroupToState: \"internal-dev-services\""]
[18767][1784058730761][requester][info]["[DockManager] setAvailability: panelGroup \"cloud-services\" → true"]
[18767][1784058730761][requester][info]["[RegistryService] setAvailability: panelGroup \"cloud-services\" → true"]
[18767][1784058730761][requester][info]["[DockService] addPanelGroupToState: \"cloud-services\""]
[18767][1784058730762][requester][info]["[AvailabilityManager] Initialization complete"]
[18767][1784058730764][requester][info]["TabUIStore~requestingSaveTabId : savingTabId",]
[18767][1784058730782][requester][info]["SyncManagerNew~setSync",true]
[18767][1784058730862][requester][info]["VariableSyncSettingsStore~fetchDataAndSubscribe: status 200, retry 0"]
[18767][1784058730883][requester][info]["IPCAgent~select: IPCAgent selected","edb8c342-308f-4e36-81f4-c3511a8ca60b"]
[18767][1784058730883][requester][info]["IPCAgentNew~select: IPCAgentNew selected","edb8c342-308f-4e36-81f4-c3511a8ca60b"]
[18767][1784058730885][requester][info]["[DockManager] setAvailability: panel \"sdks\" → false"]
[18767][1784058730885][requester][info]["[RegistryService] setAvailability: panel \"sdks\" → false"]
[18767][1784058730885][requester][info]["[DockManager] setAvailability: panel \"documents\" → false"]
[18767][1784058730885][requester][info]["[RegistryService] setAvailability: panel \"documents\" → false"]
[18767][1784058730885][requester][info]["[DockManager] setAvailability: panel \"sdks\" → false"]
[18767][1784058730885][requester][info]["[RegistryService] setAvailability: panel \"sdks\" → false"]
[18767][1784058730885][requester][info]["[DockManager] setAvailability: panel \"github-sdks-classic\" → false"]
[18767][1784058730885][requester][info]["[RegistryService] setAvailability: panel \"github-sdks-classic\" → false"]
[18767][1784058730885][requester][info]["[DockManager] setAvailability: panel \"mcp-servers\" → false"]
[18767][1784058730885][requester][info]["[RegistryService] setAvailability: panel \"mcp-servers\" → false"]
[18767][1784058730885][requester][info]["[DockManager] setAvailability: panel \"insights\" → true"]
[18767][1784058730885][requester][info]["[RegistryService] setAvailability: panel \"insights\" → true"]
[18767][1784058730885][requester][info]["[DockService] addPanelToState: \"insights\" → group \"cloud-services\""]
[18767][1784058730886][requester][info]["[DockManager] setAvailability: panel \"webhooks\" → true"]
[18767][1784058730886][requester][info]["[RegistryService] setAvailability: panel \"webhooks\" → true"]
[18767][1784058730886][requester][info]["[DockService] addPanelToState: \"webhooks\" → group \"cloud-services\""]
[18767][1784058730886][requester][info]["[DockManager] setAvailability: panel \"toolsets-local\" → false"]
[18767][1784058730886][requester][info]["[RegistryService] setAvailability: panel \"toolsets-local\" → false"]
[18767][1784058730886][requester][info]["[DockManager] setAvailability: panel \"flows\" → true"]
[18767][1784058730886][requester][info]["[RegistryService] setAvailability: panel \"flows\" → true"]
[18767][1784058730886][requester][info]["[DockService] addPanelToState: \"flows\" → group \"internal-dev-services\""]
[18767][1784058730886][requester][info]["[DockManager] setAvailability: panel \"deployed-flows\" → true"]
[18767][1784058730886][requester][info]["[RegistryService] setAvailability: panel \"deployed-flows\" → true"]
[18767][1784058730886][requester][info]["[DockService] addPanelToState: \"deployed-flows\" → group \"cloud-services\""]
[18767][1784058730886][requester][info]["[DockManager] setAvailability: panel \"dataset\" → false"]
[18767][1784058730886][requester][info]["[RegistryService] setAvailability: panel \"dataset\" → false"]
[18767][1784058730886][requester][info]["[DockManager] setAvailability: panelGroup \"diagnostics\" → true"]
[18767][1784058730886][requester][info]["[RegistryService] setAvailability: panelGroup \"diagnostics\" → true"]
[18767][1784058730886][requester][info]["[DockService] addPanelGroupToState: \"diagnostics\""]
[18767][1784058730886][requester][info]["[DockManager] setAvailability: panel \"dataset\" → false"]
[18767][1784058730886][requester][info]["[RegistryService] setAvailability: panel \"dataset\" → false"]
[18767][1784058730920][requester][info]["ConnectionModeStore~_isFirstLoad",true]
[18767][1784058731128][requester][info]["TabUIStore~requestingSaveTabId : savingTabId",]
[18767][1784058731129][requester][info]["EnvironmentSelectorContainer~getActiveApiInWorkbench: Active Tab is not a child of an API"]
[18767][1784058731137][requester][info]["EnvironmentSelectorContainer~getActiveApiInWorkbench: Active Tab is not a child of an API"]
[18767][1784058731155][requester][info]["EnvironmentSelectorContainer~getActiveApiInWorkbench: Active Tab is not a child of an API"]
[18767][1784058731221][requester][info]["SessionValidation - Registering listener"]
[18767][1784058731223][requester][info]["SessionValidation - De-registering listener"]
[18767][1784058731243][requester][info]["[DockManager] setAvailability: panel \"insights\" → false"]
[18767][1784058731244][requester][info]["[RegistryService] setAvailability: panel \"insights\" → false"]
[18767][1784058731245][requester][info]["[DockService] removePanelFromState: \"insights\" from group \"cloud-services\""]
[18767][1784058731253][requester][info]["UI pulled the session locked information on init"]
[18767][1784058731257][requester][info]["ConnectionModeStore~_isFirstLoad",true]
[18767][1784058731258][requester][info]["ConnectionModeStore~_isFirstLoad",true]
[18767][1784058731259][requester][info]["ConnectionModeStore~_isFirstLoad",true]
[18767][1784058731265][requester][info]["[DockService] reinitialize: Rebuilding state from registry"]
[18767][1784058731266][requester][info]["[DockService] reinitialize: State rebuilt",{"hosts":3,"panelGroups":10,"panels":18}]
[18767][1784058731266][requester][info]["[DockManager] applyConfig: Applying config",{"hostId":"primarySidebar"}]
[18767][1784058731266][requester][warn]["[DockService] Cannot apply config to unknown panel \"insights\""]
[18767][1784058731266][requester][warn]["[DockService] Cannot apply config to unknown panel \"sdks\""]
[18767][1784058731266][requester][warn]["[DockService] Cannot apply config to unknown panel \"documents\""]
[18767][1784058731266][requester][warn]["[DockService] Cannot apply config to unknown panel \"dataset\""]
[18767][1784058731267][requester][info]["[DockManager] reinitialize: Complete"]
[18767][1784058731281][requester][info]["EnvironmentSelectorContainer~getActiveApiInWorkbench: Active Tab is not a child of an API"]
[18767][1784058731376][requester][info]["[OriginScopedMCPManager] Initializing",{"origin":"agent-mode"}]
[18767][1784058731376][requester][info]["[OriginScopedMCPManager] Syncing existing connections",{"origin":"agent-mode","serverCount":0}]
[18767][1784058731376][requester][info]["[OriginScopedMCPManager] No runtime state updates needed",{"origin":"agent-mode"}]
[18767][1784058731376][requester][info]["[OriginScopedMCPManager] Found servers",{"total":0,"enabled":0}]
[18767][1784058731376][requester][info]["[OriginScopedMCPManager] No servers to connect during initialization"]
[18767][1784058731381][requester][info]["[OriginScopedMCPManager] Manually resyncing connections",{"origin":"agent-mode"}]
[18767][1784058731381][requester][info]["[OriginScopedMCPManager] Syncing existing connections",{"origin":"agent-mode","serverCount":0}]
[18767][1784058731381][requester][info]["[OriginScopedMCPManager] No runtime state updates needed",{"origin":"agent-mode"}]
[18767][1784058731383][requester][info]["SyncManagerNew~setSync",true]
[18767][1784058731437][requester][info]["GateKeeperService~onWebsocketToggle Key value toggled for Websocket to true"]
[18767][1784058731437][requester][info]["GateKeeperService~onNotificationToggle Key value toggled for Notification to true"]
[18767][1784058731437][requester][info]["GateKeeperService~onSyncToggle Key value toggled for Sync to true"]
[18767][1784058731437][requester][warn]["GateKeeperService~_handleKeyUpdate: Invalid key type provided",{"type":"flags","value":false}]
[18767][1784058731471][requester][warn]["SyncManagerNew~attachGateKeeperHandlers: listening to notification event",{"name":"notification","namespace":"gatekeeper","data":{"isEnabled":true}}]
[18767][1784058731648][requester][info]["AgentV2.set",{"context":{"api":"AgentV2Consent","domain":"Postbot"},"timestamp":1784058731648}]
[18767][1784058731740][requester][warn]["ListingAPIAdapter~_getUnsubscribeAPIResponseWithSocket: Failed to unsubscribe entities",{"name":"Error","message":"CollectionListingAPIAdapter~getListUnsubscribeAPIEndpoint: not implemented for parent workspace","stack":"Error: CollectionListingAPIAdapter~getListUnsubscribeAPIEndpoint: not implemented for parent workspace\n    at s.getListUnsubscribeAPIEndpoint (https://desktop.postman.com/_ar-assets/requester-desktop-c288a8306b060b93.min.js:3739:57062)\n    at s._getUnsubscribeAPIResponseWithSocket (https://desktop.postman.com/_ar-assets/requester-desktop-c288a8306b060b93.min.js:3735:13364)"}]
[18767][1784058731798][requester][info]["instrumentSeries ~ Sending metric requester-init-series-getLaunchParams to client envets with value 3.2000000001862645"]
[18767][1784058731798][requester][info]["instrumentSeries ~ Sending metric requester-init-series-windowConfig to client envets with value 0.10000000009313226"]
[18767][1784058731798][requester][info]["instrumentSeries ~ Sending metric requester-init-series-Logger to client envets with value 0.8999999999068677"]
[18767][1784058731798][requester][info]["instrumentSeries ~ Sending metric requester-init-series-initializeNavigation to client envets with value 0.6000000000931323"]
[18767][1784058731798][requester][info]["instrumentSeries ~ Sending metric requester-init-series-initializeNavigationForDomains to client envets with value 0.7999999998137355"]
[18767][1784058731798][requester][info]["instrumentSeries ~ Sending metric requester-init-series-Messaging to client envets with value 1.6000000000931323"]
[18767][1784058731798][requester][info]["instrumentSeries ~ Sending metric requester-init-series-CrashReporter to client envets with value 62.6999999997206"]
[18767][1784058731798][requester][info]["instrumentSeries ~ Sending metric requester-init-series-Telemetry to client envets with value 0.20000000018626451"]
[18767][1784058731798][requester][info]["instrumentSeries ~ Sending metric requester-init-series-registerServiceWorkerListeners to client envets with value 0.10000000009313226"]
[18767][1784058731798][requester][info]["instrumentSeries ~ Sending metric requester-init-series-initializeConfigurations to client envets with value 0.5"]
[18767][1784058731798][requester][info]["instrumentSeries ~ Sending metric requester-init-series-migrateLocalStorage to client envets with value 0.19999999972060323"]
[18767][1784058731798][requester][info]["instrumentSeries ~ Sending metric requester-init-series-Settings to client envets with value 1.5"]
[18767][1784058731799][requester][info]["instrumentSeries ~ Sending metric requester-init-series-initializeDB to client envets with value 0.20000000018626451"]
[18767][1784058731799][requester][info]["instrumentSeries ~ Sending metric requester-init-series-WLModels to client envets with value 0"]
[18767][1784058731799][requester][info]["instrumentSeries ~ Sending metric requester-init-series-bootWindowConfig to client envets with value 26.799999999813735"]
[18767][1784058731799][requester][info]["instrumentSeries ~ Sending metric requester-init-series-IndependentServices to client envets with value 0.6000000000931323"]
[18767][1784058731799][requester][info]["instrumentSeries ~ Sending metric requester-init-series-initAppBadgeAnalytics to client envets with value 0.10000000009313226"]
[18767][1784058731799][requester][info]["instrumentSeries ~ Sending metric requester-init-series-AppModels to client envets with value 2.3999999999068677"]
[18767][1784058731799][requester][info]["instrumentSeries ~ Sending metric requester-init-series-performSingletonSteps to client envets with value 11.300000000279397"]
[18767][1784058731799][requester][info]["instrumentSeries ~ Sending metric requester-init-series-CurrentUserDetailsService to client envets with value 3.5"]
[18767][1784058731799][requester][info]["instrumentSeries ~ Sending metric requester-init-series-i18nService to client envets with value 1"]
[18767][1784058731799][requester][info]["instrumentSeries ~ Sending metric requester-init-series-checkVersionLock to client envets with value 203.09999999962747"]
[18767][1784058731799][requester][info]["instrumentSeries ~ Sending metric requester-init-series-prefetchWorkspaceData to client envets with value 7.600000000093132"]
[18767][1784058731799][requester][info]["instrumentSeries ~ Sending metric requester-init-series-Shared to client envets with value 15.399999999906868"]
[18767][1784058731799][requester][info]["instrumentSeries ~ Sending metric requester-init-series-RuntimeInterface to client envets with value 0.5"]
[18767][1784058731799][requester][info]["instrumentSeries ~ Sending metric requester-init-series-bootExtensibleCollections to client envets with value 5.5"]
[18767][1784058731799][requester][info]["instrumentSeries ~ Sending metric requester-init-series-bootManifest to client envets with value 0.6999999997206032"]
[18767][1784058731799][requester][info]["instrumentSeries ~ Sending metric requester-init-series-initializeCommunicationForCookies to client envets with value 0"]
[18767][1784058731799][requester][info]["instrumentSeries ~ Sending metric requester-init-series-setupVersionLockListener to client envets with value 0"]
[18767][1784058731799][requester][info]["instrumentSeries ~ Sending metric requester-init-series-setupProductUpdatesListener to client envets with value 0.10000000009313226"]
[18767][1784058731799][requester][info]["instrumentSeries ~ Sending metric requester-init-series-bootDBWatcher to client envets with value 0.10000000009313226"]
[18767][1784058731799][requester][info]["instrumentSeries ~ Sending metric requester-init-series-bootThemeManager to client envets with value 0.39999999990686774"]
[18767][1784058731799][requester][info]["instrumentSeries ~ Sending metric requester-init-series-bootWorkbenchService to client envets with value 0.7000000001862645"]
[18767][1784058731799][requester][info]["instrumentSeries ~ Sending metric requester-init-series-Requester to client envets with value 203.10000000009313"]
[18767][1784058731799][requester][info]["instrumentSeries ~ Sending metric requester-init-series-bootRuntimeListeners to client envets with value 2.099999999627471"]
[18767][1784058731799][requester][info]["instrumentSeries ~ Sending metric requester-init-series-PlanFeaturesInterface to client envets with value 0.5"]
[18767][1784058731799][requester][info]["instrumentSeries ~ Sending metric requester-init-series-ManifestService to client envets with value 5.5"]
[18767][1784058731803][requester][info]["sendAgentConnectionAnalytics: Request ready time not found"]
[18767][1784058731826][requester][info]["GateKeeperService~onWebsocketToggle Key value toggled for Websocket to true"]
[18767][1784058731826][requester][info]["GateKeeperService~onNotificationToggle Key value toggled for Notification to true"]
[18767][1784058731826][requester][info]["GateKeeperService~onSyncToggle Key value toggled for Sync to true"]
[18767][1784058731826][requester][warn]["GateKeeperService~_handleKeyUpdate: Invalid key type provided",{"type":"flags","value":false}]
[18767][1784058731827][requester][warn]["SyncManagerNew~attachGateKeeperHandlers: listening to notification event",{"name":"notification","namespace":"gatekeeper","data":{"isEnabled":true}}]
[18767][1784058731863][requester][info]["ScratchpadV2MigrationService~isScratchpadV2Enabled : Booting started"]
[18767][1784058731863][requester][info]["ScratchpadMigrationBootFirmware~bootFirmware : Booting cache returned"]
[18767][1784058731863][requester][info]["ScratchpadV2MigrationService~isScratchpadV2Enabled : Booting started"]
[18767][1784058731863][requester][info]["ScratchpadMigrationBootFirmware~bootFirmware : Booting cache returned"]
[18767][1784058731864][requester][info]["OfflineAPIClientModal: flushing scratchpad events for user:","44573074"]
[18767][1784058731865][requester][info]["ScratchpadV2MigrationService~isScratchpadSignInAction : Booting started"]
[18767][1784058731865][requester][info]["ScratchpadMigrationBootFirmware~bootFirmware : Booting cache returned"]
[18767][1784058731865][requester][info]["OfflineAPIClientModal: flushing scratchpad events for user:","44573074"]
[18767][1784058731865][requester][info]["ScratchpadV2MigrationService~isScratchpadSignInAction : Booting started"]
[18767][1784058731865][requester][info]["ScratchpadMigrationBootFirmware~bootFirmware : Booting cache returned"]
[18767][1784058731865][requester][info]["flushScratchpadEvents: checking for scratchpadEventsString",null]
[18767][1784058731865][requester][info]["ScratchpadV2MigrationService~isScratchpadSignInAction : user signIn/signup from scratchpad"]
[18767][1784058731865][requester][info]["flushScratchpadEvents: checking for scratchpadEventsString",null]
[18767][1784058731866][requester][info]["ScratchpadV2MigrationService~isScratchpadSignInAction : user signIn/signup from scratchpad"]
[18767][1784058731877][requester][error]["OfflineAPIClientModal~showModal Errored",{"name":"TypeError","message":"Cannot destructure property 'closedEditors' of '(intermediate value).pop(...)' as it is undefined.","stack":"TypeError: Cannot destructure property 'closedEditors' of '(intermediate value).pop(...)' as it is undefined.\n    at f (https://desktop.postman.com/_ar-assets/LazyLightweightAPIClientOnboarding-f3409fedda1b58e5.min.js:1:21168)\n    at async w (https://desktop.postman.com/_ar-assets/LazyLightweightAPIClientOnboarding-f3409fedda1b58e5.min.js:1:21968)\n    at async Object.openOfflineAPIClientModal (https://desktop.postman.com/_ar-assets/LazyLightweightAPIClientOnboarding-f3409fedda1b58e5.min.js:1:4113)"},{"context":{"api":"ScratchpadV2Migration","domain":"runtime"}}]
[18767][1784058731878][requester][error]["OfflineAPIClientModal~showModal Errored",{"name":"TypeError","message":"Cannot destructure property 'closedEditors' of '(intermediate value).pop(...)' as it is undefined.","stack":"TypeError: Cannot destructure property 'closedEditors' of '(intermediate value).pop(...)' as it is undefined.\n    at f (https://desktop.postman.com/_ar-assets/LazyLightweightAPIClientOnboarding-f3409fedda1b58e5.min.js:1:21168)\n    at async w (https://desktop.postman.com/_ar-assets/LazyLightweightAPIClientOnboarding-f3409fedda1b58e5.min.js:1:21968)\n    at async Object.openOfflineAPIClientModal (https://desktop.postman.com/_ar-assets/LazyLightweightAPIClientOnboarding-f3409fedda1b58e5.min.js:1:4113)"},{"context":{"api":"ScratchpadV2Migration","domain":"runtime"}}]
[18767][1784058732308][requester][info]["AppBootTracker~app no promises registered for boot, marking app as booted"]
[18767][1784058732321][requester][info]["ExecuteLowPriorityTasks~starting execution of low priority tasks"]
[18767][1784058732334][requester][info]["applyDesktopUiOnScreenLockEvent~getApplyingVersion, retrieved version from localStorage: null"]
[18767][1784058732335][requester][info]["applyDesktopUiOnScreenLockEvent~subscribing to screen events"]
[18767][1784058732335][requester][info]["[Segment] conditionMet: ",true]
[18767][1784058732336][requester][info]["[Segment] Identify call triggered for userId: ","44573074"]
[18767][1784058732409][requester][info]["ClientSecretScannerService~logScannerInitializationTime: Initialization time: 86.1999999997206",{"context":{"api":"ClientSecretScannerService","domain":"product-trust"}}]
[18767][1784058736123][requester][error]["TransportClient~invoke: Error invoking transport client method",{"code":null,"name":"Error","message":"The name is not activatable"}]
[18767][1784058736956][requester][info]["BaseSyncTimeline~SyncFinishedObservable: Successful sync proceeding with integrity check and force sync for user:44573074"]
[18767][1784058736956][requester][info]["BaseSyncTimeline~_handleForceSync: Bailing out of force sync for user:44573074"]
[18767][1784058737358][requester][info]["ServiceWorker registration successful: ","{}"]
[18767][1784058737358][requester][info]["ServiceWorker~install: starting waitUntil"]
[18767][1784058737358][requester][info]["ServiceWorker~install: fetched criticalJsChunksUrls: "]
[18767][1784058737360][requester][info]["ServiceWorker~install: fetched currentSessionChunksList: https://desktop.postman.com/_ar-assets/vendors-245e31a4dc8707c0.css,https://desktop.postman.com/_ar-assets/requester-desktop-35f5ece392281252.css,https://desktop.postman.com/_ar-assets/locale-asset-manifest-12-19-0-ui-260713-0423.json,https://desktop.postman.com/_ar-assets/manifest-5dbedc2dd13b39f8.min.js,https://desktop.postman.com/_ar-assets/vendors-ae92161a2d57540e.min.js,https://desktop.postman.com/_ar-assets/requester-desktop-c288a8306b060b93.min.js,https://desktop.postman.com/_ar-assets/images/iconSprites-16a01dc7c77b9599.svg,https://desktop.postman.com/_ar-assets/locales/en-US/global-core-e5689c1606ad66da.json,https://desktop.postman.com/_ar-assets/locales/en-US/app-header-c3b0bccc689e3bbd.json,https://desktop.postman.com/_ar-assets/locales/en-US/sso-settings-cd0deb6fa38e4d8b.json,https://desktop.postman.com/_ar-assets/locales/en-US/settings-f74394ffdc463437.json,https://desktop.postman.com/_ar-assets/locales/en-US/squad-settings-2178b900b9ee053b.json,https://desktop.postman.com/_ar-assets/locales/en-US/team-profile-settings-52be13190b633ebb.json,https://desktop.postman.com/_ar-assets/locales/en-US/team-settings-e0b10e16cac5ba5d.json,https://desktop.postman.com/_ar-assets/locales/en-US/user-settings-118f811fbabde4aa.json,https://desktop.postman.com/_ar-assets/locales/en-US/workbench-core-455d02d5ec755c54.json,https://desktop.postman.com/_ar-assets/locales/en-US/workspace-sidebar-core-6dbd258d2827d806.json,https://desktop.postman.com/_ar-assets/Vault-6e2fe69ef9de2ee3.min.js,https://desktop.postman.com/_ar-assets/VaultService.worker-512fb21323838833.min.js,https://desktop.postman.com/_ar-assets/ClientSecretScanner-a2bc64590a39b08e.min.js,https://desktop.postman.com/_ar-assets/ClientSecretScannerWorker-a2404c2ed79cae84.min.js,https://desktop.postman.com/_ar-assets/77225-78001c05be1f3c54.min.js,https://desktop.postman.com/_ar-assets/LiveCollaborationManager-ee52eb7cded3d918.min.js,https://desktop.postman.com/_ar-assets/comment-exports-35025489f9b28084.css,https://desktop.postman.com/_ar-assets/comment-exports-1bb7a299ed4f42fe.min.js,https://desktop.postman.com/_ar-assets/WorkspaceDetailsPage-491040049bfa6b7b.css,https://desktop.postman.com/_ar-assets/WorkspaceDetailsPage-67e4b77a6691c553.min.js,https://desktop.postman.com/_ar-assets/locales/en-US/collaboration-c5f1226e03d56ebc.json,https://desktop.postman.com/_ar-assets/images/iconSprites-16a01dc7c77b9599.svg#icon-direction-back-small,https://desktop.postman.com/_ar-assets/workspace-switcher-meta-c139a864d97fde16.min.js,https://desktop.postman.com/_ar-assets/workspace-preview-popover-02310e839d106c62.css,https://desktop.postman.com/_ar-assets/workspace-preview-popover-7752245f8feb3890.min.js,https://desktop.postman.com/_ar-assets/collaboration-presence-b06e4a1fcfee8e7f.css,https://desktop.postman.com/_ar-assets/collaboration-presence-c5db03cc0389a5c7.min.js,https://desktop.postman.com/_ar-assets/51030-4a8e74cba7721895.min.js,https://desktop.postman.com/_ar-assets/92357-805c89ac5daf3f8d.min.js,https://desktop.postman.com/_ar-assets/24584-184e43af222a31c3.min.js,https://desktop.postman.com/_ar-assets/connect-channel-nudge-dfe906a6699d796a.min.js,https://desktop.postman.com/_ar-assets/SpecificationDragLayer-ddc23f3afec70016.min.js,https://desktop.postman.com/_ar-assets/69254-396801782a59ba0a.min.js,https://desktop.postman.com/_ar-assets/13528-8d041da269bb7e68.min.js,https://desktop.postman.com/_ar-assets/StatusBarContainer-4887d8b8378ed5e9.min.js,https://desktop.postman.com/_ar-assets/fonts/Inter-Regular-e764338977f38b2c.woff2,https://desktop.postman.com/_ar-assets/PANViewsAnalytics-181003d4508ddf90.min.js,https://desktop.postman.com/_ar-assets/track-recent-views-exports-be73501cf7d730ec.min.js,https://desktop.postman.com/_ar-assets/53143-6ee1f38a16d5cc7b.min.js,https://desktop.postman.com/_ar-assets/10052-6627d8390b7a8be3.min.js,https://desktop.postman.com/_ar-assets/VariableEditorInterface-752204a7377ffc11.min.js,https://desktop.postman.com/_ar-assets/locales/en-US/home-aff573626913aa03.json,https://desktop.postman.com/_ar-assets/locales/en-US/invite-flow-modals-53d2a014372f0277.json,https://desktop.postman.com/_ar-assets/locales/en-US/api-client-core-dd1deb9f163b76d4.json,https://desktop.postman.com/_ar-assets/locales/en-US/status_bar-b1237049d56397bc.json,https://desktop.postman.com/_ar-assets/locales/en-US/version-control-core-246ad8e6f9810fd8.json,https://desktop.postman.com/_ar-assets/branch-switcher-9775a0122cdc67a0.css,https://desktop.postman.com/_ar-assets/branch-switcher-da59e3f534c880bf.min.js,https://desktop.postman.com/_ar-assets/17662-0730ada0e6344511.min.js,https://desktop.postman.com/_ar-assets/locales/en-US/local-filesystem-5745a8ff4708c104.json,https://desktop.postman.com/_ar-assets/statusBarPlugins-38d29f244d7b06fd.min.js,https://desktop.postman.com/_ar-assets/locales/en-US/sidebar-environment-9096d741455ac78d.json,https://desktop.postman.com/_ar-assets/filesystem-environments-subscription-2e07dcafd968fa62.min.js,https://desktop.postman.com/_ar-assets/90767-a511c47d67fcd0d1.min.js,https://desktop.postman.com/_ar-assets/WorkspaceOverview-0c9a08bd12d6a944.css,https://desktop.postman.com/_ar-assets/WorkspaceOverview-8361059bee2fa9e4.min.js,https://desktop.postman.com/_ar-assets/locales/en-US/workspace-overview-85a1e37f8d365a17.json,https://desktop.postman.com/_ar-assets/locales/en-US/description-editor-04b036762a35d9d6.json,https://desktop.postman.com/_ar-assets/diagnostics-status-item-d094fc365b112f1d.min.js,https://desktop.postman.com/_ar-assets/amplitude-session-replay-4205856ff281c55b.min.js,https://desktop.postman.com/_ar-assets/WorkspaceOverviewController-98cec3cd62f16b7b.min.js,https://desktop.postman.com/_ar-assets/92843-110a411184932668.min.js,https://desktop.postman.com/_ar-assets/WorkspaceOverviewTab-912b68255d280c6e.css,https://desktop.postman.com/_ar-assets/WorkspaceOverviewTab-34e4814aaafe0895.min.js,https://desktop.postman.com/_ar-assets/locales/en-US/workspaces-cf580a7ec8835389.json,https://desktop.postman.com/_ar-assets/ai-chat-0d3dea2b88681698.css,https://desktop.postman.com/_ar-assets/ai-chat-82a9a9a9861db641.min.js,https://desktop.postman.com/_ar-assets/PartnerModalsWrapper-2589013db516d847.css,https://desktop.postman.com/_ar-assets/PartnerModalsWrapper-85ea75c057ec6c14.min.js,https://desktop.postman.com/_ar-assets/UniversalTagContainer-5ed66d398cb2561e.min.js,https://desktop.postman.com/_ar-assets/locales/en-US/entity-overview-9d4f9e256d8a4639.json,https://desktop.postman.com/_ar-assets/fonts/Inter-semibold-b87ad48fa4af1792.woff2,https://desktop.postman.com/_ar-assets/locales/en-US/workspace-core-ce7bf65e2181f4d4.json,https://desktop.postman.com/_ar-assets/fonts/Inter-Medium-242d04bef81519ae.woff2,https://desktop.postman.com/_ar-assets/locales/en-US/workbench-collection-233de8ef32d211a0.json,https://desktop.postman.com/_ar-assets/31432-7cd57b3ca61d8d31.css,https://desktop.postman.com/_ar-assets/31432-0199a3c43f823cd4.min.js,https://desktop.postman.com/_ar-assets/collections-sidebar-v12-bfe3c28d758f6753.css,https://desktop.postman.com/_ar-assets/collections-sidebar-v12-771e0709bed97a45.min.js,https://desktop.postman.com/_ar-assets/locales/en-US/sidebar-collection-364b9abb0a752a4d.json,https://desktop.postman.com/_ar-assets/decoupled-mimir-editor-lazy-f18fd5c88531c79b.min.js,https://desktop.postman.com/_ar-assets/locales/en-US/sidebar-panel-groups-f4063856f528daed.json,https://desktop.postman.com/_ar-assets/mimir-editor-lazy-544830c1232b4c9e.css,https://desktop.postman.com/_ar-assets/mimir-editor-lazy-a426a0f690428f3f.min.js,https://desktop.postman.com/_ar-assets/filesystem-ec-be626c52f1556a82.min.js,https://desktop.postman.com/_ar-assets/ai-actions-b47b6594f5d35243.min.js,https://desktop.postman.com/_ar-assets/locales/en-US/cloud-agent-tasks-69416bdc236bebf9.json,https://desktop.postman.com/_ar-assets/locales/en-US/ai-chat-conversation-history-ca5196fa92416ceb.json,https://desktop.postman.com/_ar-assets/LazyLightweightAPIClientOnboarding-f3409fedda1b58e5.min.js,https://desktop.postman.com/_ar-assets/configure-import-modal-boot-9c589d820c17c068.min.js,https://desktop.postman.com/_ar-assets/configure-extensions-sdk-boot-11dd5a48322706dd.min.js,https://desktop.postman.com/_ar-assets/LowPriorityTasksBundle-8fd7bf93b2682b4a.min.js,https://desktop.postman.com/_ar-assets/unified-runtime-rpc-7b76e470b5e8d1f0.min.js,https://desktop.postman.com/_ar-assets/SearchBoxPopupContainer-bd360711ff132804.css,https://desktop.postman.com/_ar-assets/SearchBoxPopupContainer-181a370d73fbd062.min.js"]
[18767][1784058738997][requester][info]["ServiceWorker~install: cached combined list: https://desktop.postman.com/_ar-assets/vendors-245e31a4dc8707c0.css,https://desktop.postman.com/_ar-assets/requester-desktop-35f5ece392281252.css,https://desktop.postman.com/_ar-assets/locale-asset-manifest-12-19-0-ui-260713-0423.json,https://desktop.postman.com/_ar-assets/manifest-5dbedc2dd13b39f8.min.js,https://desktop.postman.com/_ar-assets/vendors-ae92161a2d57540e.min.js,https://desktop.postman.com/_ar-assets/requester-desktop-c288a8306b060b93.min.js,https://desktop.postman.com/_ar-assets/images/iconSprites-16a01dc7c77b9599.svg,https://desktop.postman.com/_ar-assets/locales/en-US/global-core-e5689c1606ad66da.json,https://desktop.postman.com/_ar-assets/locales/en-US/app-header-c3b0bccc689e3bbd.json,https://desktop.postman.com/_ar-assets/locales/en-US/sso-settings-cd0deb6fa38e4d8b.json,https://desktop.postman.com/_ar-assets/locales/en-US/settings-f74394ffdc463437.json,https://desktop.postman.com/_ar-assets/locales/en-US/squad-settings-2178b900b9ee053b.json,https://desktop.postman.com/_ar-assets/locales/en-US/team-profile-settings-52be13190b633ebb.json,https://desktop.postman.com/_ar-assets/locales/en-US/team-settings-e0b10e16cac5ba5d.json,https://desktop.postman.com/_ar-assets/locales/en-US/user-settings-118f811fbabde4aa.json,https://desktop.postman.com/_ar-assets/locales/en-US/workbench-core-455d02d5ec755c54.json,https://desktop.postman.com/_ar-assets/locales/en-US/workspace-sidebar-core-6dbd258d2827d806.json,https://desktop.postman.com/_ar-assets/Vault-6e2fe69ef9de2ee3.min.js,https://desktop.postman.com/_ar-assets/VaultService.worker-512fb21323838833.min.js,https://desktop.postman.com/_ar-assets/ClientSecretScanner-a2bc64590a39b08e.min.js,https://desktop.postman.com/_ar-assets/ClientSecretScannerWorker-a2404c2ed79cae84.min.js,https://desktop.postman.com/_ar-assets/77225-78001c05be1f3c54.min.js,https://desktop.postman.com/_ar-assets/LiveCollaborationManager-ee52eb7cded3d918.min.js,https://desktop.postman.com/_ar-assets/comment-exports-35025489f9b28084.css,https://desktop.postman.com/_ar-assets/comment-exports-1bb7a299ed4f42fe.min.js,https://desktop.postman.com/_ar-assets/WorkspaceDetailsPage-491040049bfa6b7b.css,https://desktop.postman.com/_ar-assets/WorkspaceDetailsPage-67e4b77a6691c553.min.js,https://desktop.postman.com/_ar-assets/locales/en-US/collaboration-c5f1226e03d56ebc.json,https://desktop.postman.com/_ar-assets/images/iconSprites-16a01dc7c77b9599.svg#icon-direction-back-small,https://desktop.postman.com/_ar-assets/workspace-switcher-meta-c139a864d97fde16.min.js,https://desktop.postman.com/_ar-assets/workspace-preview-popover-02310e839d106c62.css,https://desktop.postman.com/_ar-assets/workspace-preview-popover-7752245f8feb3890.min.js,https://desktop.postman.com/_ar-assets/collaboration-presence-b06e4a1fcfee8e7f.css,https://desktop.postman.com/_ar-assets/collaboration-presence-c5db03cc0389a5c7.min.js,https://desktop.postman.com/_ar-assets/51030-4a8e74cba7721895.min.js,https://desktop.postman.com/_ar-assets/92357-805c89ac5daf3f8d.min.js,https://desktop.postman.com/_ar-assets/24584-184e43af222a31c3.min.js,https://desktop.postman.com/_ar-assets/connect-channel-nudge-dfe906a6699d796a.min.js,https://desktop.postman.com/_ar-assets/SpecificationDragLayer-ddc23f3afec70016.min.js,https://desktop.postman.com/_ar-assets/69254-396801782a59ba0a.min.js,https://desktop.postman.com/_ar-assets/13528-8d041da269bb7e68.min.js,https://desktop.postman.com/_ar-assets/StatusBarContainer-4887d8b8378ed5e9.min.js,https://desktop.postman.com/_ar-assets/fonts/Inter-Regular-e764338977f38b2c.woff2,https://desktop.postman.com/_ar-assets/PANViewsAnalytics-181003d4508ddf90.min.js,https://desktop.postman.com/_ar-assets/track-recent-views-exports-be73501cf7d730ec.min.js,https://desktop.postman.com/_ar-assets/53143-6ee1f38a16d5cc7b.min.js,https://desktop.postman.com/_ar-assets/10052-6627d8390b7a8be3.min.js,https://desktop.postman.com/_ar-assets/VariableEditorInterface-752204a7377ffc11.min.js,https://desktop.postman.com/_ar-assets/locales/en-US/home-aff573626913aa03.json,https://desktop.postman.com/_ar-assets/locales/en-US/invite-flow-modals-53d2a014372f0277.json,https://desktop.postman.com/_ar-assets/locales/en-US/api-client-core-dd1deb9f163b76d4.json,https://desktop.postman.com/_ar-assets/locales/en-US/status_bar-b1237049d56397bc.json,https://desktop.postman.com/_ar-assets/locales/en-US/version-control-core-246ad8e6f9810fd8.json,https://desktop.postman.com/_ar-assets/branch-switcher-9775a0122cdc67a0.css,https://desktop.postman.com/_ar-assets/branch-switcher-da59e3f534c880bf.min.js,https://desktop.postman.com/_ar-assets/17662-0730ada0e6344511.min.js,https://desktop.postman.com/_ar-assets/locales/en-US/local-filesystem-5745a8ff4708c104.json,https://desktop.postman.com/_ar-assets/statusBarPlugins-38d29f244d7b06fd.min.js,https://desktop.postman.com/_ar-assets/locales/en-US/sidebar-environment-9096d741455ac78d.json,https://desktop.postman.com/_ar-assets/filesystem-environments-subscription-2e07dcafd968fa62.min.js,https://desktop.postman.com/_ar-assets/90767-a511c47d67fcd0d1.min.js,https://desktop.postman.com/_ar-assets/WorkspaceOverview-0c9a08bd12d6a944.css,https://desktop.postman.com/_ar-assets/WorkspaceOverview-8361059bee2fa9e4.min.js,https://desktop.postman.com/_ar-assets/locales/en-US/workspace-overview-85a1e37f8d365a17.json,https://desktop.postman.com/_ar-assets/locales/en-US/description-editor-04b036762a35d9d6.json,https://desktop.postman.com/_ar-assets/diagnostics-status-item-d094fc365b112f1d.min.js,https://desktop.postman.com/_ar-assets/amplitude-session-replay-4205856ff281c55b.min.js,https://desktop.postman.com/_ar-assets/WorkspaceOverviewController-98cec3cd62f16b7b.min.js,https://desktop.postman.com/_ar-assets/92843-110a411184932668.min.js,https://desktop.postman.com/_ar-assets/WorkspaceOverviewTab-912b68255d280c6e.css,https://desktop.postman.com/_ar-assets/WorkspaceOverviewTab-34e4814aaafe0895.min.js,https://desktop.postman.com/_ar-assets/locales/en-US/workspaces-cf580a7ec8835389.json,https://desktop.postman.com/_ar-assets/ai-chat-0d3dea2b88681698.css,https://desktop.postman.com/_ar-assets/ai-chat-82a9a9a9861db641.min.js,https://desktop.postman.com/_ar-assets/PartnerModalsWrapper-2589013db516d847.css,https://desktop.postman.com/_ar-assets/PartnerModalsWrapper-85ea75c057ec6c14.min.js,https://desktop.postman.com/_ar-assets/UniversalTagContainer-5ed66d398cb2561e.min.js,https://desktop.postman.com/_ar-assets/locales/en-US/entity-overview-9d4f9e256d8a4639.json,https://desktop.postman.com/_ar-assets/fonts/Inter-semibold-b87ad48fa4af1792.woff2,https://desktop.postman.com/_ar-assets/locales/en-US/workspace-core-ce7bf65e2181f4d4.json,https://desktop.postman.com/_ar-assets/fonts/Inter-Medium-242d04bef81519ae.woff2,https://desktop.postman.com/_ar-assets/locales/en-US/workbench-collection-233de8ef32d211a0.json,https://desktop.postman.com/_ar-assets/31432-7cd57b3ca61d8d31.css,https://desktop.postman.com/_ar-assets/31432-0199a3c43f823cd4.min.js,https://desktop.postman.com/_ar-assets/collections-sidebar-v12-bfe3c28d758f6753.css,https://desktop.postman.com/_ar-assets/collections-sidebar-v12-771e0709bed97a45.min.js,https://desktop.postman.com/_ar-assets/locales/en-US/sidebar-collection-364b9abb0a752a4d.json,https://desktop.postman.com/_ar-assets/decoupled-mimir-editor-lazy-f18fd5c88531c79b.min.js,https://desktop.postman.com/_ar-assets/locales/en-US/sidebar-panel-groups-f4063856f528daed.json,https://desktop.postman.com/_ar-assets/mimir-editor-lazy-544830c1232b4c9e.css,https://desktop.postman.com/_ar-assets/mimir-editor-lazy-a426a0f690428f3f.min.js,https://desktop.postman.com/_ar-assets/filesystem-ec-be626c52f1556a82.min.js,https://desktop.postman.com/_ar-assets/ai-actions-b47b6594f5d35243.min.js,https://desktop.postman.com/_ar-assets/locales/en-US/cloud-agent-tasks-69416bdc236bebf9.json,https://desktop.postman.com/_ar-assets/locales/en-US/ai-chat-conversation-history-ca5196fa92416ceb.json,https://desktop.postman.com/_ar-assets/LazyLightweightAPIClientOnboarding-f3409fedda1b58e5.min.js,https://desktop.postman.com/_ar-assets/configure-import-modal-boot-9c589d820c17c068.min.js,https://desktop.postman.com/_ar-assets/configure-extensions-sdk-boot-11dd5a48322706dd.min.js,https://desktop.postman.com/_ar-assets/LowPriorityTasksBundle-8fd7bf93b2682b4a.min.js,https://desktop.postman.com/_ar-assets/unified-runtime-rpc-7b76e470b5e8d1f0.min.js,https://desktop.postman.com/_ar-assets/SearchBoxPopupContainer-bd360711ff132804.css,https://desktop.postman.com/_ar-assets/SearchBoxPopupContainer-181a370d73fbd062.min.js"]
[18767][1784058738997][requester][info]["ServiceWorker~install: service worker for 12.19.0-ui-260713-0423 has skipped waiting"]
[18767][1784058738997][requester][info]["ServiceWorker~activate: starting cleanup: [object ExtendableEvent]"]
[18767][1784058738997][requester][info]["ServiceWorker~cleanUnusedAssets: start cleanup"]
[18767][1784058738997][requester][info]["ServiceWorker~cleanUnusedCaches: start cleanup"]
[18767][1784058738998][requester][info]["ServiceWorker~cleanUnusedCaches: no caches to delete"]
[18767][1784058739004][requester][info]["ServiceWorker~cleanUnusedAssets: found no assets in the manifest, skipping clean up"]
[18767][1784058739004][requester][info]["ServiceWorker~activate: finished cleanup"]
[18767][1784058739004][requester][info]["ServiceWorker~activate: service worker for 12.19.0-ui-260713-0423 has claimed clients"]
[18767][1784058740284][requester][info]["[AppUpdaterNotifier] Checking update after the app launch."]
[18767][1784058740814][requester][info]["AppUpdateNotifier~ Platform update found. New version - 12.19.3"]
[18767][1784058740822][requester][info]["ServiceWorkerManagement~preFetchAssetsForPlatformVersion: Triggering prefetch flow for ","12.19.3"]
[18767][1784058740822][requester][info]["ServiceWorkerManagement~preFetchAssetsForPlatformVersion: Sending message to service worker for URL - ","https://desktop.postman.com/?desktopVersion=12.19.3&userId=44573074&teamId=7607761&region=us"]
[18767][1784058740865][requester][info]["ServiceWorker~message: Received message: [object ExtendableMessageEvent]"]
[18767][1784058741197][requester][error]["AppUpdaterNotifier~App updater event~Update error",{"error":{"errno":-13,"code":"EACCES","syscall":"open","path":"/opt/postman/Postman-1784058740821.tar.gz","name":"Error","message":"EACCES: permission denied, open '/opt/postman/Postman-1784058740821.tar.gz'","stack":"Error: EACCES: permission denied, open '/opt/postman/Postman-1784058740821.tar.gz'"},"updateData":{"packageName":"Postman","eID":"Postman-1784058740821","downloadURL":"https://dl.pstmn.io/download/version/12.19.3/linux_64","downloadDirectory":"/opt/postman","downloadInfo":{"status":"DOWNLOAD_ERROR","error":{},"downloadDirectory":"/opt/postman"}}},{"context":{"api":"AppUpdateNotifier\\x7erenderer","domain":"web-platform"}}]
[18767][1784058741203][requester][error]["AppUpdateNotifier~Error in update flow",{"errno":-13,"code":"EACCES","syscall":"open","path":"/opt/postman/Postman-1784058740821.tar.gz","name":"Error","message":"EACCES: permission denied, open '/opt/postman/Postman-1784058740821.tar.gz'","stack":"Error: EACCES: permission denied, open '/opt/postman/Postman-1784058740821.tar.gz'"},{"context":{"api":"AppUpdateNotifier\\x7erenderer","domain":"web-platform","sessionId":18767,"origin":"requester","timestamp":1784058741198,"context":"AppUpdaterNotifier\\x7eApp updater event~Update error","message":"AppUpdaterNotifier\\x7eApp updater event~Update error","stack":"Error: AppUpdaterNotifier\\x7eApp updater event~Update error\n    at t.exports.log (https://desktop.postman.com/_ar-assets/vendors-ae92161a2d57540e.min.js:1:586016)\n    at s._write (https://desktop.postman.com/_ar-assets/vendors-ae92161a2d57540e.min.js:1228:534915)\n    at R (https://desktop.postman.com/_ar-assets/vendors-ae92161a2d57540e.min.js:1221:90063)\n    at N (https://desktop.postman.com/_ar-assets/vendors-ae92161a2d57540e.min.js:1221:89897)\n    at O.write (https://desktop.postman.com/_ar-assets/vendors-ae92161a2d57540e.min.js:1221:93129)\n    at c.m (https://desktop.postman.com/_ar-assets/vendors-ae92161a2d57540e.min.js:1221:375848)\n    at s.emit (https://desktop.postman.com/_ar-assets/vendors-ae92161a2d57540e.min.js:1221:759346)\n    at E (https://desktop.postman.com/_ar-assets/vendors-ae92161a2d57540e.min.js:1221:370156)\n    at k (https://desktop.postman.com/_ar-assets/vendors-ae92161a2d57540e.min.js:1221:370062)\n    at _.push (https://desktop.postman.com/_ar-assets/vendors-ae92161a2d57540e.min.js:1221:371001)\n    at s.push (https://desktop.postman.com/_ar-assets/vendors-ae92161a2d57540e.min.js:1221:379692)\n    at c._transform (https://desktop.postman.com/_ar-assets/vendors-ae92161a2d57540e.min.js:3:8283)\n    at s._read (https://desktop.postman.com/_ar-assets/vendors-ae92161a2d57540e.min.js:1221:380168)\n    at s._write (https://desktop.postman.com/_ar-assets/vendors-ae92161a2d57540e.min.js:1221:380014)\n    at E (https://desktop.postman.com/_ar-assets/vendors-ae92161a2d57540e.min.js:1221:383146)\n    at k (https://desktop.postman.com/_ar-assets/vendors-ae92161a2d57540e.min.js:1221:383018)\n    at x.write (https://desktop.postman.com/_ar-assets/vendors-ae92161a2d57540e.min.js:1221:386126)\n    at c.log (https://desktop.postman.com/_ar-assets/vendors-ae92161a2d57540e.min.js:3:7773)\n    at https://desktop.postman.com/_ar-assets/vendors-ae92161a2d57540e.min.js:1:582200\n    at Array.forEach (<anonymous>)\n    at s.log (https://desktop.postman.com/_ar-assets/vendors-ae92161a2d57540e.min.js:1:582186)\n    at https://desktop.postman.com/_ar-assets/vendors-ae92161a2d57540e.min.js:1:585205\n    at Array.forEach (<anonymous>)\n    at l._log (https://desktop.postman.com/_ar-assets/vendors-ae92161a2d57540e.min.js:1:585191)\n    at l.error (https://desktop.postman.com/_ar-assets/vendors-ae92161a2d57540e.min.js:1:585309)\n    at s.<anonymous> (https://desktop.postman.com/_ar-assets/requester-desktop-c288a8306b060b93.min.js:3071:48843)\n    at s.emit (https://desktop.postman.com/_ar-assets/vendors-ae92161a2d57540e.min.js:1221:759403)\n    at p (https://desktop.postman.com/_ar-assets/requester-desktop-c288a8306b060b93.min.js:2682:3836)\n    at IpcRenderer.<anonymous> (https://desktop.postman.com/_ar-assets/requester-desktop-c288a8306b060b93.min.js:2682:3926)\n    at IpcRenderer.emit (node:events:519:28)\n    at Object.onMessage (node:electron/js2c/renderer_init:2:10679)"}}]
[18767][1784058741533][requester][info]["ServiceWorker~isHtmlResponseValid: isHtml - true, hasPostmanHeader - true, hasAppVersion - true"]
[18767][1784058741548][requester][info]["ServiceWorker~cleanupHtmlCache: start cleanup"]
[18767][1784058741553][requester][info]["ServiceWorker~cleanupHtmlCache: deleting "]
[18767][1784058741554][requester][info]["ServiceWorker~cleanupHtmlCache: finished cleanup"]
[18767][1784058742792][requester][info]["RealtimeSyncMessageService~publishRealtimeIncomingMessage: Message received workspace:update_elements Timeline in message: workspace:a26acd55-1c49-4bf0-83b9-f3ac6c396eab"]
[18767][1784058742795][requester][info]["RealtimeSyncMessageService~publishRealtimeIncomingMessage: Message received workspace:update_setting Timeline in message: workspace:a26acd55-1c49-4bf0-83b9-f3ac6c396eab"]
[18767][1784058742797][requester][info]["[DockManager] applyConfig: Applying config",{"hostId":"primarySidebar"}]
[18767][1784058742798][requester][warn]["[DockService] Cannot apply config to unknown panel \"insights\""]
[18767][1784058742798][requester][warn]["[DockService] Cannot apply config to unknown panel \"sdks\""]
[18767][1784058742798][requester][warn]["[DockService] Cannot apply config to unknown panel \"documents\""]
[18767][1784058742798][requester][warn]["[DockService] Cannot apply config to unknown panel \"dataset\""]
[18767][1784058742819][requester][info]["TabUIStore~requestingSaveTabId : savingTabId",]
[18767][1784058742839][requester][info]["RealtimeSyncMessageService~publishRealtimeIncomingMessage: Message received workspace:broadcast Timeline in message: undefined:undefined"]
[18767][1784058742839][requester][info]["CollectionListingAPIAdapter: Adding to CollectionStoreV2",["44573074-201c30fa-8d3f-48e7-9a35-4aebfbc22511"]]
[18767][1784058743019][requester][info]["TabUIStore~requestingSaveTabId : savingTabId",]
[18767][1784058743256][requester][error]["AutosaveManager~queueActivity",{},{"context":{"api":"autosave-manager","domain":"runtime"}}]
[18767][1784058747442][requester][info]["EnvironmentSelectorContainer~getActiveApiInWorkbench: Active Tab is not a child of an API"]
[18767][1784058747446][requester][info]["EnvironmentSelectorContainer~getActiveApiInWorkbench: Active Tab is not a child of an API"]
[18767][1784058747459][requester][info]["EnvironmentSelectorContainer~getActiveApiInWorkbench: Active Tab is not a child of an API"]
[18767][1784058752323][requester][info]["ExecuteLowPriorityTasks~finished execution of low priority tasks"]
[18767][1784058752333][requester][info]["ServiceWorker~message: Received message: [object ExtendableMessageEvent]"]
[18767][1784058752334][requester][info]["ServiceWorker~prefetchOfflineAssets: OFFLINE_ASSETS_KEY not in meta, fetching manifests"]
[18767][1784058752572][requester][info]["ServiceWorker~prefetchOfflineAssets: fetched 8 URLs (9 already cached)"]
[18767][1784058756632][requester][info]["TabUIStore~requestingSaveTabId : savingTabId",]
[18767][1784058756769][requester][info]["TabUIStore~requestingSaveTabId : savingTabId",]
[18767][1784058756773][requester][info]["EnvironmentSelectorContainer~getActiveApiInWorkbench: Active Tab is not a child of an API"]
[18767][1784058756776][requester][info]["EnvironmentSelectorContainer~getActiveApiInWorkbench: Active Tab is not a child of an API"]
[18767][1784058756787][requester][info]["EnvironmentSelectorContainer~getActiveApiInWorkbench: Active Tab is not a child of an API"]
[18767][1784058756989][requester][info]["EnvironmentSelectorContainer~getActiveApiInWorkbench: Active Tab is not a child of an API"]
[18767][1784058757261][requester][info]["MasterCloudFileStore~deleteCloudFileDir: Deleted directory /home/pinto/Postman/files/cloudFiles"]
[18767][1784058757272][requester][info]["Monitoring~eg~load","Loading dependencies"]
[18767][1784058757274][requester][info]["Monitoring~eg~applyPlanFeatures","Loading plan features"]
[18767][1784058757274][requester][info]["Monitoring~eg~applyPlanFeatures","loaded plan features"]
[18767][1784058757275][requester][info]["Monitoring~eg~load","Loaded form dependencies"]
[18767][1784058757275][requester][info]["Monitoring~eg~load","Setting create mode"]
[18767][1784058759458][requester][info]["TabUIStore~requestingSaveTabId : savingTabId",]
[18767][1784058760773][requester][info]["TabUIStore~requestingSaveTabId : savingTabId",]
[18767][1784058760805][requester][info]["EnvironmentSelectorContainer~getActiveApiInWorkbench: Active Tab is not a child of an API"]
[18767][1784058760808][requester][info]["EnvironmentSelectorContainer~getActiveApiInWorkbench: Active Tab is not a child of an API"]
[18767][1784058760817][requester][info]["EnvironmentSelectorContainer~getActiveApiInWorkbench: Active Tab is not a child of an API"]
[18767][1784058784527][requester][info]["TabUIStore~requestingSaveTabId : savingTabId",]
[18767][1784058784528][requester][error]["isActiveTabLegacy~ Active workspace session is unavailable"]
[18767][1784058792701][requester][info]["RealtimeSyncMessageService~publishRealtimeIncomingMessage: Message received workspace:broadcast Timeline in message: undefined:undefined"]
[18767][1784058792703][requester][info]["CollectionListingAPIAdapter: Adding to CollectionStoreV2",["44573074-201c30fa-8d3f-48e7-9a35-4aebfbc22511"]]
[18767][1784058792725][requester][info]["TabUIStore~requestingSaveTabId : savingTabId",]
[18767][1784058792806][requester][info]["TabUIStore~requestingSaveTabId : savingTabId",]
[18767][1784058792835][requester][info]["AutosaveManager~subscribeToSettingsUpdates: Settings is initialised."]
[18767][1784058792886][requester][info]["Intellisense : Interface-initialization call"]
[18767][1784058792901][requester][info]["Intellisense : Store initialized"]
[18767][1784058793304][requester][info]["PackageResourceUsageInterface~constructor: Registering reaction to fetch resource usage on package addition or removal"]
[18767][1784058793311][requester][info]["PackageLibraryMasterStore~deletePackagesDir: Deleted directory ./scriptPackageFiles"]
[18767][1784058793554][requester][info]["TypedRequestDefinitionStore~init: Instance count",1]
[18767][1784058794092][requester][warn]["ActiveSessionService~getActiveSessions: Environment null not found."]
[18767][1784058794100][requester][warn]["CollectionStoreV2~findOne: Using collection model id instead of uid is deprecated. Please use uid instead."]
[18767][1784058794112][requester][info]["IPCAgentNew~_init: First subscribe to remote events",{"threadId":1}]
[18767][1784059580976][requester][warn]["ActiveSessionService~getActiveSessions: Environment null not found."]
[18767][1784059580978][requester][warn]["CollectionStoreV2~findOne: Using collection model id instead of uid is deprecated. Please use uid instead."]
[18767][1784059585502][requester][info]["FileSystemCoreController.initializeScope","a26acd55-1c49-4bf0-83b9-f3ac6c396eab-Cloud",null]
[18767][1784059588488][requester][warn]["ActiveSessionService~getActiveSessions: Environment null not found."]
[18767][1784059588494][requester][warn]["CollectionStoreV2~findOne: Using collection model id instead of uid is deprecated. Please use uid instead."]
[18767][1784059593103][requester][warn]["ActiveSessionService~getActiveSessions: Environment null not found."]
[18767][1784059593103][requester][warn]["CollectionStoreV2~findOne: Using collection model id instead of uid is deprecated. Please use uid instead."]
[18767][1784059593108][requester][warn]["CollectionStoreV2~findOne: Using collection model id instead of uid is deprecated. Please use uid instead."]
[18767][1784059593366][requester][info]["RealtimeSyncMessageService~publishRealtimeIncomingMessage: Message received undefined:undefined Timeline in message: undefined:undefined"]
[18767][1784059593401][requester][info]["RequestExecutionItemStore~done: Response completed before the request history was completed, waiting on request history creation."]
[18767][1784059593406][requester][warn]["ActiveSessionService~getActiveSessions: Environment null not found."]
[18767][1784059593514][requester][warn]["CollectionStoreV2~findOne: Using collection model id instead of uid is deprecated. Please use uid instead."]
[18767][1784059598303][requester][error]["HistorySettingsStore~hydrate: Error in hydrating workspace settings",{"error":{"name":"instanceNotFoundError","message":"We could not find the workspace you are looking for","details":{"model":"workspace","model_id":"a26acd55-1c49-4bf0-83b9-f3ac6c396eab","owner":"44573074"}},"status":404,"headers":{}}]
[18767][1784059598658][requester][error]["[fetchIntellisenseData] Intellisense API request failed",{"status":429,"body":{"code":"http-rate-limit","message":"Rate limit exceeded"}},{"context":{"api":"RequestIntellisense","domain":"Postbot"}}]
[18767][1784059598681][requester][error]["[fetchIntellisenseData] Intellisense API request failed",{"status":429,"body":{"code":"http-rate-limit","message":"Rate limit exceeded"}},{"context":{"api":"RequestIntellisense","domain":"Postbot"}}]
[18767][1784059598753][requester][error]["[fetchIntellisenseData] Intellisense API request failed",{"status":429,"body":{"code":"http-rate-limit","message":"Rate limit exceeded"}},{"context":{"api":"RequestIntellisense","domain":"Postbot"}}]
[18767][1784059626481][requester][warn]["ActiveSessionService~getActiveSessions: Environment null not found."]
[18767][1784059626481][requester][warn]["CollectionStoreV2~findOne: Using collection model id instead of uid is deprecated. Please use uid instead."]
[18767][1784059626490][requester][warn]["CollectionStoreV2~findOne: Using collection model id instead of uid is deprecated. Please use uid instead."]
[18767][1784059626750][requester][info]["RequestExecutionItemStore~done: Response completed before the request history was completed, waiting on request history creation."]
[18767][1784059626753][requester][warn]["ActiveSessionService~getActiveSessions: Environment null not found."]
[18767][1784059626795][requester][warn]["CollectionStoreV2~findOne: Using collection model id instead of uid is deprecated. Please use uid instead."]
[18767][1784059627274][requester][warn]["ActiveSessionService~getActiveSessions: Environment null not found."]
[18767][1784059627276][requester][warn]["CollectionStoreV2~findOne: Using collection model id instead of uid is deprecated. Please use uid instead."]
[18767][1784059754753][requester][info]["RealtimeSyncMessageService~publishRealtimeIncomingMessage: Message received undefined:undefined Timeline in message: undefined:undefined"]
[18767][1784059767558][requester][warn]["ActiveSessionService~getActiveSessions: Environment null not found."]
[18767][1784059767558][requester][warn]["CollectionStoreV2~findOne: Using collection model id instead of uid is deprecated. Please use uid instead."]
[18767][1784059767566][requester][warn]["CollectionStoreV2~findOne: Using collection model id instead of uid is deprecated. Please use uid instead."]
[18767][1784059767793][requester][info]["RequestExecutionItemStore~done: Response completed before the request history was completed, waiting on request history creation."]
[18767][1784059767798][requester][warn]["ActiveSessionService~getActiveSessions: Environment null not found."]
[18767][1784059767799][requester][info]["RealtimeSyncMessageService~publishRealtimeIncomingMessage: Message received undefined:undefined Timeline in message: undefined:undefined"]
[18767][1784059767837][requester][warn]["CollectionStoreV2~findOne: Using collection model id instead of uid is deprecated. Please use uid instead."]
[18767][1784059770417][requester][warn]["ActiveSessionService~getActiveSessions: Environment null not found."]
[18767][1784059770422][requester][warn]["CollectionStoreV2~findOne: Using collection model id instead of uid is deprecated. Please use uid instead."]
[18767][1784059771884][requester][warn]["ActiveSessionService~getActiveSessions: Environment null not found."]
[18767][1784059771893][requester][warn]["CollectionStoreV2~findOne: Using collection model id instead of uid is deprecated. Please use uid instead."]
[18767][1784060142970][requester][warn]["ActiveSessionService~getActiveSessions: Environment null not found."]
[18767][1784060142976][requester][warn]["CollectionStoreV2~findOne: Using collection model id instead of uid is deprecated. Please use uid instead."]
[18767][1784060144267][requester][warn]["ActiveSessionService~getActiveSessions: Environment null not found."]
[18767][1784060144271][requester][warn]["CollectionStoreV2~findOne: Using collection model id instead of uid is deprecated. Please use uid instead."]
[18767][1784060151169][requester][warn]["ActiveSessionService~getActiveSessions: Environment null not found."]
[18767][1784060151171][requester][warn]["CollectionStoreV2~findOne: Using collection model id instead of uid is deprecated. Please use uid instead."]
[18767][1784060154492][requester][warn]["ActiveSessionService~getActiveSessions: Environment null not found."]
[18767][1784060154493][requester][warn]["CollectionStoreV2~findOne: Using collection model id instead of uid is deprecated. Please use uid instead."]
[18767][1784060154502][requester][warn]["CollectionStoreV2~findOne: Using collection model id instead of uid is deprecated. Please use uid instead."]
[18767][1784060154903][requester][info]["RealtimeSyncMessageService~publishRealtimeIncomingMessage: Message received undefined:undefined Timeline in message: undefined:undefined"]
[18767][1784060155157][requester][warn]["ActiveSessionService~getActiveSessions: Environment null not found."]
[18767][1784060155193][requester][warn]["ActiveSessionService~getActiveSessions: Environment null not found."]
[18767][1784060155200][requester][warn]["CollectionStoreV2~findOne: Using collection model id instead of uid is deprecated. Please use uid instead."]
[18767][1784060155205][requester][warn]["CollectionStoreV2~findOne: Using collection model id instead of uid is deprecated. Please use uid instead."]
[18767][1784060159077][requester][warn]["ActiveSessionService~getActiveSessions: Environment null not found."]
[18767][1784060159078][requester][warn]["CollectionStoreV2~findOne: Using collection model id instead of uid is deprecated. Please use uid instead."]
[18767][1784060159085][requester][warn]["CollectionStoreV2~findOne: Using collection model id instead of uid is deprecated. Please use uid instead."]
[18767][1784060159362][requester][info]["RealtimeSyncMessageService~publishRealtimeIncomingMessage: Message received undefined:undefined Timeline in message: undefined:undefined"]
[18767][1784060159453][requester][warn]["ActiveSessionService~getActiveSessions: Environment null not found."]
[18767][1784060159487][requester][warn]["CollectionStoreV2~findOne: Using collection model id instead of uid is deprecated. Please use uid instead."]
[18767][1784060159643][requester][warn]["ActiveSessionService~getActiveSessions: Environment null not found."]
[18767][1784060159649][requester][warn]["CollectionStoreV2~findOne: Using collection model id instead of uid is deprecated. Please use uid instead."]
[18767][1784060162455][requester][warn]["ActiveSessionService~getActiveSessions: Environment null not found."]
[18767][1784060162461][requester][warn]["CollectionStoreV2~findOne: Using collection model id instead of uid is deprecated. Please use uid instead."]
[18767][1784061574950][requester][info]["[OriginScopedMCPManager] Manually resyncing connections",{"origin":"agent-mode"}]
[18767][1784061574950][requester][info]["[OriginScopedMCPManager] Syncing existing connections",{"origin":"agent-mode","serverCount":0}]
[18767][1784061574950][requester][info]["[OriginScopedMCPManager] No runtime state updates needed",{"origin":"agent-mode"}]
[18767][1784061575077][requester][info]["SessionValidation - Registering listener"]
[18767][1784061575083][requester][info]["SessionValidation - De-registering listener"]
[18767][1784061575118][requester][info]["UI pulled the session locked information on init"]
[18767][1784061575166][requester][info]["ScratchpadV2MigrationService~isScratchpadV2Enabled : Booting started"]
[18767][1784061575166][requester][info]["ScratchpadMigrationBootFirmware~bootFirmware : Booting cache returned"]
[18767][1784061575167][requester][info]["OfflineAPIClientModal: flushing scratchpad events for user:","44573074"]
[18767][1784061575167][requester][info]["ScratchpadV2MigrationService~isScratchpadSignInAction : Booting started"]
[18767][1784061575167][requester][info]["ScratchpadMigrationBootFirmware~bootFirmware : Booting cache returned"]
[18767][1784061575168][requester][info]["flushScratchpadEvents: checking for scratchpadEventsString",null]
[18767][1784061575168][requester][info]["OfflineAPIClientModal~handleDataMigration: migration only allowed on user signIn from scratchpad"]
[18767][1784061679484][requester][info]["[OriginScopedMCPManager] Manually resyncing connections",{"origin":"agent-mode"}]
[18767][1784061679484][requester][info]["[OriginScopedMCPManager] Syncing existing connections",{"origin":"agent-mode","serverCount":0}]
[18767][1784061679484][requester][info]["[OriginScopedMCPManager] No runtime state updates needed",{"origin":"agent-mode"}]
[18767][1784061679566][requester][info]["SessionValidation - Registering listener"]
[18767][1784061679569][requester][info]["SessionValidation - De-registering listener"]
[18767][1784061679575][requester][info]["UI pulled the session locked information on init"]
[18767][1784061679578][requester][info]["ScratchpadV2MigrationService~isScratchpadV2Enabled : Booting started"]
[18767][1784061679578][requester][info]["ScratchpadMigrationBootFirmware~bootFirmware : Booting cache returned"]
[18767][1784061679579][requester][info]["OfflineAPIClientModal: flushing scratchpad events for user:","44573074"]
[18767][1784061679579][requester][info]["ScratchpadV2MigrationService~isScratchpadSignInAction : Booting started"]
[18767][1784061679579][requester][info]["ScratchpadMigrationBootFirmware~bootFirmware : Booting cache returned"]
[18767][1784061679579][requester][info]["flushScratchpadEvents: checking for scratchpadEventsString",null]
[18767][1784061679579][requester][info]["OfflineAPIClientModal~handleDataMigration: migration only allowed on user signIn from scratchpad"]
[18767][1784061681876][requester][warn]["[ai-actions] Prediction trigger failed:",{"name":"TypeError","message":"Failed to fetch","stack":"TypeError: Failed to fetch\n    at e.<computed> (https://desktop.postman.com/?desktopVersion=12.19.0&userId=44573074&teamId=7607761&region=us:6:19563)\n    at https://desktop.postman.com/_ar-assets/vendors-ae92161a2d57540e.min.js:1221:429\n    at h (https://desktop.postman.com/_ar-assets/WorkspaceDetailsPage-67e4b77a6691c553.min.js:200:12538)\n    at https://desktop.postman.com/_ar-assets/ai-chat-82a9a9a9861db641.min.js:68:30259"}]
[18767][1784061688523][requester][info]["[OriginScopedMCPManager] Manually resyncing connections",{"origin":"agent-mode"}]
[18767][1784061688523][requester][info]["[OriginScopedMCPManager] Syncing existing connections",{"origin":"agent-mode","serverCount":0}]
[18767][1784061688523][requester][info]["[OriginScopedMCPManager] No runtime state updates needed",{"origin":"agent-mode"}]
[18767][1784061688608][requester][info]["SessionValidation - Registering listener"]
[18767][1784061688612][requester][info]["SessionValidation - De-registering listener"]
[18767][1784061688628][requester][info]["UI pulled the session locked information on init"]
[18767][1784061688737][requester][info]["ScratchpadV2MigrationService~isScratchpadV2Enabled : Booting started"]
[18767][1784061688738][requester][info]["ScratchpadMigrationBootFirmware~bootFirmware : Booting cache returned"]
[18767][1784061688738][requester][info]["OfflineAPIClientModal: flushing scratchpad events for user:","44573074"]
[18767][1784061688739][requester][info]["ScratchpadV2MigrationService~isScratchpadSignInAction : Booting started"]
[18767][1784061688739][requester][info]["ScratchpadMigrationBootFirmware~bootFirmware : Booting cache returned"]
[18767][1784061688739][requester][info]["flushScratchpadEvents: checking for scratchpadEventsString",null]
[18767][1784061688739][requester][info]["OfflineAPIClientModal~handleDataMigration: migration only allowed on user signIn from scratchpad"]
[18767][1784062940495][requester][info]["[OriginScopedMCPManager] Manually resyncing connections",{"origin":"agent-mode"}]
[18767][1784062940495][requester][info]["[OriginScopedMCPManager] Syncing existing connections",{"origin":"agent-mode","serverCount":0}]
[18767][1784062940495][requester][info]["[OriginScopedMCPManager] No runtime state updates needed",{"origin":"agent-mode"}]
[18767][1784062940580][requester][info]["SessionValidation - Registering listener"]
[18767][1784062940583][requester][info]["SessionValidation - De-registering listener"]
[18767][1784062940589][requester][info]["UI pulled the session locked information on init"]
[18767][1784062940674][requester][info]["ScratchpadV2MigrationService~isScratchpadV2Enabled : Booting started"]
[18767][1784062940675][requester][info]["ScratchpadMigrationBootFirmware~bootFirmware : Booting cache returned"]
[18767][1784062940676][requester][info]["OfflineAPIClientModal: flushing scratchpad events for user:","44573074"]
[18767][1784062940676][requester][info]["ScratchpadV2MigrationService~isScratchpadSignInAction : Booting started"]
[18767][1784062940676][requester][info]["ScratchpadMigrationBootFirmware~bootFirmware : Booting cache returned"]
[18767][1784062940676][requester][info]["flushScratchpadEvents: checking for scratchpadEventsString",null]
[18767][1784062940676][requester][info]["OfflineAPIClientModal~handleDataMigration: migration only allowed on user signIn from scratchpad"]
[18767][1784062945671][requester][warn]["ActiveSessionService~getActiveSessions: Environment null not found."]
[18767][1784062945676][requester][warn]["CollectionStoreV2~findOne: Using collection model id instead of uid is deprecated. Please use uid instead."]
[18767][1784062948094][requester][warn]["ActiveSessionService~getActiveSessions: Environment null not found."]
[18767][1784062948099][requester][warn]["CollectionStoreV2~findOne: Using collection model id instead of uid is deprecated. Please use uid instead."]
[18767][1784062949035][requester][warn]["ActiveSessionService~getActiveSessions: Environment null not found."]
[18767][1784062949036][requester][warn]["CollectionStoreV2~findOne: Using collection model id instead of uid is deprecated. Please use uid instead."]
[18767][1784062949041][requester][warn]["CollectionStoreV2~findOne: Using collection model id instead of uid is deprecated. Please use uid instead."]
[18767][1784062949308][requester][info]["RequestExecutionItemStore~done: Response completed before the request history was completed, waiting on request history creation."]
[18767][1784062949313][requester][warn]["ActiveSessionService~getActiveSessions: Environment null not found."]
[18767][1784062949315][requester][info]["RealtimeSyncMessageService~publishRealtimeIncomingMessage: Message received undefined:undefined Timeline in message: undefined:undefined"]
[18767][1784062949377][requester][warn]["CollectionStoreV2~findOne: Using collection model id instead of uid is deprecated. Please use uid instead."]
[18767][1784065418168][requester][info]["SyncManagerNew~_onDisconnect"]
[18767][1784065418193][requester][info]["SyncManagerNew~_onReconnectScheduled",11177,1]
[18767][1784065430295][requester][info]["SyncManagerNew~_onReconnectAttempt"]
[18767][1784065430297][requester][info]["SyncManagerNew~_onReconnecting",1]
[18767][1784065430748][requester][info]["SyncManagerNew~_onReconnect",1]
[18767][1784065430749][requester][info]["SyncManagerNew~_onConnect"]
[18767][1784065430801][requester][info]["SyncManagerNew~signIn",{}]
[18767][1784065430806][requester][info]["SyncTimelineHelper: Force stopping all timelines"]
[18767][1784065430806][requester][info]["BaseSyncTimeline~forceStop: Force stop user:44573074"]
[18767][1784065430831][requester][info]["BaseSyncTimeline~subscribe: Subscribing to real time changes for user:44573074"]
[18767][1784065430832][requester][info]["BaseSyncTimeline~_sync: Starting sync for user:44573074"]
[18767][1784065430832][requester][info]["BaseSyncTimeline~getPendingClientChanges: Starting to get pending changes for user:44573074"]
[18767][1784065430832][requester][info]["BaseSyncTimeline~getPendingClientChanges: Finished to get pending changes for user:44573074"]
[18767][1784065430833][requester][info]["BaseSyncTimeline~getPendingServerChanges: Starting /sync call for user:44573074"]
[18767][1784065430992][requester][info]["VariableSyncSettingsStore~fetchDataAndSubscribe: status 200, retry 0"]
[18767][1784065431022][requester][info]["BaseSyncTimeline~SyncFinishedObservable: Successful sync proceeding with integrity check and force sync for user:44573074"]
[18767][1784065431022][requester][info]["BaseSyncTimeline~_handleForceSync: Bailing out of force sync for user:44573074"]
